image_idx,file,source_idx,src_x,src_y,full_rrmse,rec_rrmse
0,/home/featurize/work/USCT_repro/USCT_download/c5_wavefield_data/smoke64src_train20_val5/train/train_1.npz,0,246,19,0.444935142993927,0.14175346493721008
0,/home/featurize/work/USCT_repro/USCT_download/c5_wavefield_data/smoke64src_train20_val5/train/train_1.npz,1,267,20,0.44255557656288147,0.14089307188987732
0,/home/featurize/work/USCT_repro/USCT_download/c5_wavefield_data/smoke64src_train20_val5/train/train_1.npz,2,288,24,0.4378378689289093,0.15004412829875946
0,/home/featurize/work/USCT_repro/USCT_download/c5_wavefield_data/smoke64src_train20_val5/train/train_1.npz,3,309,30,0.3904372453689575,0.13422584533691406
0,/home/featurize/work/USCT_repro/USCT_download/c5_wavefield_data/smoke64src_train20_val5/train/train_1.npz,4,329,37,0.3591696321964264,0.11749754846096039
0,/home/featurize/work/USCT_repro/USCT_download/c5_wavefield_data/smoke64src_train20_val5/train/train_1.npz,5,348,47,0.34299254417419434,0.12055832147598267
0,/home/featurize/work/USCT_repro/USCT_download/c5_wavefield_data/smoke64src_train20_val5/train/train_1.npz,6,366,58,0.3341105580329895,0.11729969829320908
0,/home/featurize/work/USCT_repro/USCT_download/c5_wavefield_data/smoke64src_train20_val5/train/train_1.npz,7,383,71,0.3187198042869568,0.10906611382961273
0,/home/featurize/work/USCT_repro/USCT_download/c5_wavefield_data/smoke64src_train20_val5/train/train_1.npz,8,398,85,0.31832700967788696,0.10876990854740143
0,/home/featurize/work/USCT_repro/USCT_download/c5_wavefield_data/smoke64src_train20_val5/train/train_1.npz,9,412,101,0.32095813751220703,0.10760873556137085
0,/home/featurize/work/USCT_repro/USCT_download/c5_wavefield_data/smoke64src_train20_val5/train/train_1.npz,10,425,119,0.30188679695129395,0.10479021817445755
0,/home/featurize/work/USCT_repro/USCT_download/c5_wavefield_data/smoke64src_train20_val5/train/train_1.npz,11,436,137,0.30391576886177063,0.1098603755235672
0,/home/featurize/work/USCT_repro/USCT_download/c5_wavefield_data/smoke64src_train20_val5/train/train_1.npz,12,445,156,0.314346045255661,0.10681454092264175
0,/home/featurize/work/USCT_repro/USCT_download/c5_wavefield_data/smoke64src_train20_val5/train/train_1.npz,13,452,176,0.32157784700393677,0.10368378460407257
0,/home/featurize/work/USCT_repro/USCT_download/c5_wavefield_data/smoke64src_train20_val5/train/train_1.npz,14,457,197,0.33218705654144287,0.10415501147508621
0,/home/featurize/work/USCT_repro/USCT_download/c5_wavefield_data/smoke64src_train20_val5/train/train_1.npz,15,460,218,0.3472524583339691,0.11005880683660507
0,/home/featurize/work/USCT_repro/USCT_download/c5_wavefield_data/smoke64src_train20_val5/train/train_1.npz,16,461,245,0.3582136034965515,0.11511986702680588
0,/home/featurize/work/USCT_repro/USCT_download/c5_wavefield_data/smoke64src_train20_val5/train/train_1.npz,17,460,266,0.37546995282173157,0.11642482131719589
0,/home/featurize/work/USCT_repro/USCT_download/c5_wavefield_data/smoke64src_train20_val5/train/train_1.npz,18,456,287,0.39440682530403137,0.12420381605625153
0,/home/featurize/work/USCT_repro/USCT_download/c5_wavefield_data/smoke64src_train20_val5/train/train_1.npz,19,451,308,0.39357250928878784,0.1324879378080368
0,/home/featurize/work/USCT_repro/USCT_download/c5_wavefield_data/smoke64src_train20_val5/train/train_1.npz,20,443,328,0.38299089670181274,0.12324906885623932
0,/home/featurize/work/USCT_repro/USCT_download/c5_wavefield_data/smoke64src_train20_val5/train/train_1.npz,21,434,347,0.4083361029624939,0.137637197971344
0,/home/featurize/work/USCT_repro/USCT_download/c5_wavefield_data/smoke64src_train20_val5/train/train_1.npz,22,423,365,0.4333760142326355,0.14580854773521423
0,/home/featurize/work/USCT_repro/USCT_download/c5_wavefield_data/smoke64src_train20_val5/train/train_1.npz,23,410,382,0.4534021019935608,0.15140792727470398
0,/home/featurize/work/USCT_repro/USCT_download/c5_wavefield_data/smoke64src_train20_val5/train/train_1.npz,24,395,397,0.4384283125400543,0.14807908236980438
0,/home/featurize/work/USCT_repro/USCT_download/c5_wavefield_data/smoke64src_train20_val5/train/train_1.npz,25,380,412,0.42015236616134644,0.1420237272977829
0,/home/featurize/work/USCT_repro/USCT_download/c5_wavefield_data/smoke64src_train20_val5/train/train_1.npz,26,362,424,0.40994012355804443,0.1399422436952591
0,/home/featurize/work/USCT_repro/USCT_download/c5_wavefield_data/smoke64src_train20_val5/train/train_1.npz,27,344,435,0.38588613271713257,0.130032017827034
0,/home/featurize/work/USCT_repro/USCT_download/c5_wavefield_data/smoke64src_train20_val5/train/train_1.npz,28,325,444,0.4355161190032959,0.15212760865688324
0,/home/featurize/work/USCT_repro/USCT_download/c5_wavefield_data/smoke64src_train20_val5/train/train_1.npz,29,305,451,0.4284839630126953,0.14629559218883514
0,/home/featurize/work/USCT_repro/USCT_download/c5_wavefield_data/smoke64src_train20_val5/train/train_1.npz,30,284,457,0.42466968297958374,0.15733599662780762
0,/home/featurize/work/USCT_repro/USCT_download/c5_wavefield_data/smoke64src_train20_val5/train/train_1.npz,31,263,460,0.386107474565506,0.13733480870723724
0,/home/featurize/work/USCT_repro/USCT_download/c5_wavefield_data/smoke64src_train20_val5/train/train_1.npz,32,235,461,0.35957950353622437,0.12933926284313202
0,/home/featurize/work/USCT_repro/USCT_download/c5_wavefield_data/smoke64src_train20_val5/train/train_1.npz,33,214,460,0.3727964162826538,0.12665964663028717
0,/home/featurize/work/USCT_repro/USCT_download/c5_wavefield_data/smoke64src_train20_val5/train/train_1.npz,34,193,456,0.38779309391975403,0.12656545639038086
0,/home/featurize/work/USCT_repro/USCT_download/c5_wavefield_data/smoke64src_train20_val5/train/train_1.npz,35,173,451,0.42391353845596313,0.141103595495224
0,/home/featurize/work/USCT_repro/USCT_download/c5_wavefield_data/smoke64src_train20_val5/train/train_1.npz,36,153,443,0.41405922174453735,0.13807739317417145
0,/home/featurize/work/USCT_repro/USCT_download/c5_wavefield_data/smoke64src_train20_val5/train/train_1.npz,37,134,434,0.3971134424209595,0.13947086036205292
0,/home/featurize/work/USCT_repro/USCT_download/c5_wavefield_data/smoke64src_train20_val5/train/train_1.npz,38,115,423,0.40899959206581116,0.15031424164772034
0,/home/featurize/work/USCT_repro/USCT_download/c5_wavefield_data/smoke64src_train20_val5/train/train_1.npz,39,98,410,0.3841535747051239,0.1353159248828888
0,/home/featurize/work/USCT_repro/USCT_download/c5_wavefield_data/smoke64src_train20_val5/train/train_1.npz,40,83,396,0.35133400559425354,0.12429337203502655
0,/home/featurize/work/USCT_repro/USCT_download/c5_wavefield_data/smoke64src_train20_val5/train/train_1.npz,41,69,380,0.3489852547645569,0.12232048064470291
0,/home/featurize/work/USCT_repro/USCT_download/c5_wavefield_data/smoke64src_train20_val5/train/train_1.npz,42,56,363,0.34909358620643616,0.12737226486206055
0,/home/featurize/work/USCT_repro/USCT_download/c5_wavefield_data/smoke64src_train20_val5/train/train_1.npz,43,45,344,0.34639716148376465,0.11850623786449432
0,/home/featurize/work/USCT_repro/USCT_download/c5_wavefield_data/smoke64src_train20_val5/train/train_1.npz,44,36,325,0.3676052987575531,0.1262492686510086
0,/home/featurize/work/USCT_repro/USCT_download/c5_wavefield_data/smoke64src_train20_val5/train/train_1.npz,45,29,305,0.3493346869945526,0.11575588583946228
0,/home/featurize/work/USCT_repro/USCT_download/c5_wavefield_data/smoke64src_train20_val5/train/train_1.npz,46,23,285,0.3394370675086975,0.11200785636901855
0,/home/featurize/work/USCT_repro/USCT_download/c5_wavefield_data/smoke64src_train20_val5/train/train_1.npz,47,20,264,0.3334446847438812,0.10408216714859009
0,/home/featurize/work/USCT_repro/USCT_download/c5_wavefield_data/smoke64src_train20_val5/train/train_1.npz,48,19,236,0.3567909300327301,0.10376377403736115
0,/home/featurize/work/USCT_repro/USCT_download/c5_wavefield_data/smoke64src_train20_val5/train/train_1.npz,49,20,215,0.38289275765419006,0.11892522126436234
0,/home/featurize/work/USCT_repro/USCT_download/c5_wavefield_data/smoke64src_train20_val5/train/train_1.npz,50,24,194,0.3977889120578766,0.11779211461544037
0,/home/featurize/work/USCT_repro/USCT_download/c5_wavefield_data/smoke64src_train20_val5/train/train_1.npz,51,29,174,0.39723795652389526,0.12837962806224823
0,/home/featurize/work/USCT_repro/USCT_download/c5_wavefield_data/smoke64src_train20_val5/train/train_1.npz,52,36,154,0.41794002056121826,0.13319528102874756
0,/home/featurize/work/USCT_repro/USCT_download/c5_wavefield_data/smoke64src_train20_val5/train/train_1.npz,53,46,135,0.3956840932369232,0.13242484629154205
0,/home/featurize/work/USCT_repro/USCT_download/c5_wavefield_data/smoke64src_train20_val5/train/train_1.npz,54,57,116,0.3722728192806244,0.12212581187486649
0,/home/featurize/work/USCT_repro/USCT_download/c5_wavefield_data/smoke64src_train20_val5/train/train_1.npz,55,69,99,0.35298672318458557,0.12362678349018097
0,/home/featurize/work/USCT_repro/USCT_download/c5_wavefield_data/smoke64src_train20_val5/train/train_1.npz,56,84,84,0.360869824886322,0.1292761117219925
0,/home/featurize/work/USCT_repro/USCT_download/c5_wavefield_data/smoke64src_train20_val5/train/train_1.npz,57,99,69,0.3784451484680176,0.13697081804275513
0,/home/featurize/work/USCT_repro/USCT_download/c5_wavefield_data/smoke64src_train20_val5/train/train_1.npz,58,116,57,0.3968942165374756,0.1283503770828247
0,/home/featurize/work/USCT_repro/USCT_download/c5_wavefield_data/smoke64src_train20_val5/train/train_1.npz,59,135,46,0.3961525559425354,0.14492231607437134
0,/home/featurize/work/USCT_repro/USCT_download/c5_wavefield_data/smoke64src_train20_val5/train/train_1.npz,60,154,36,0.40588247776031494,0.12145998328924179
0,/home/featurize/work/USCT_repro/USCT_download/c5_wavefield_data/smoke64src_train20_val5/train/train_1.npz,61,174,29,0.415677934885025,0.1339881420135498
0,/home/featurize/work/USCT_repro/USCT_download/c5_wavefield_data/smoke64src_train20_val5/train/train_1.npz,62,194,24,0.4298926293849945,0.14368173480033875
0,/home/featurize/work/USCT_repro/USCT_download/c5_wavefield_data/smoke64src_train20_val5/train/train_1.npz,63,215,20,0.43392542004585266,0.14506347477436066
1,/home/featurize/work/USCT_repro/USCT_download/c5_wavefield_data/smoke64src_train20_val5/train/train_2.npz,0,246,19,0.40095198154449463,0.12531743943691254
1,/home/featurize/work/USCT_repro/USCT_download/c5_wavefield_data/smoke64src_train20_val5/train/train_2.npz,1,267,20,0.4322575628757477,0.13225975632667542
1,/home/featurize/work/USCT_repro/USCT_download/c5_wavefield_data/smoke64src_train20_val5/train/train_2.npz,2,288,24,0.4536118507385254,0.13565143942832947
1,/home/featurize/work/USCT_repro/USCT_download/c5_wavefield_data/smoke64src_train20_val5/train/train_2.npz,3,309,30,0.4140704572200775,0.1360873430967331
1,/home/featurize/work/USCT_repro/USCT_download/c5_wavefield_data/smoke64src_train20_val5/train/train_2.npz,4,329,37,0.36876267194747925,0.12057030200958252
1,/home/featurize/work/USCT_repro/USCT_download/c5_wavefield_data/smoke64src_train20_val5/train/train_2.npz,5,348,47,0.3253086507320404,0.11129482090473175
1,/home/featurize/work/USCT_repro/USCT_download/c5_wavefield_data/smoke64src_train20_val5/train/train_2.npz,6,366,58,0.3305082619190216,0.1141340360045433
1,/home/featurize/work/USCT_repro/USCT_download/c5_wavefield_data/smoke64src_train20_val5/train/train_2.npz,7,383,71,0.2976509928703308,0.10150023549795151
1,/home/featurize/work/USCT_repro/USCT_download/c5_wavefield_data/smoke64src_train20_val5/train/train_2.npz,8,398,85,0.28133028745651245,0.09201199561357498
1,/home/featurize/work/USCT_repro/USCT_download/c5_wavefield_data/smoke64src_train20_val5/train/train_2.npz,9,412,101,0.29404255747795105,0.09124629199504852
1,/home/featurize/work/USCT_repro/USCT_download/c5_wavefield_data/smoke64src_train20_val5/train/train_2.npz,10,425,119,0.3034202456474304,0.09847038984298706
1,/home/featurize/work/USCT_repro/USCT_download/c5_wavefield_data/smoke64src_train20_val5/train/train_2.npz,11,436,137,0.2944473326206207,0.09486956894397736
1,/home/featurize/work/USCT_repro/USCT_download/c5_wavefield_data/smoke64src_train20_val5/train/train_2.npz,12,445,156,0.2915034890174866,0.09402772784233093
1,/home/featurize/work/USCT_repro/USCT_download/c5_wavefield_data/smoke64src_train20_val5/train/train_2.npz,13,452,176,0.2906534671783447,0.09504096955060959
1,/home/featurize/work/USCT_repro/USCT_download/c5_wavefield_data/smoke64src_train20_val5/train/train_2.npz,14,457,197,0.30375757813453674,0.09625670313835144
1,/home/featurize/work/USCT_repro/USCT_download/c5_wavefield_data/smoke64src_train20_val5/train/train_2.npz,15,460,218,0.3199261426925659,0.09792809188365936
1,/home/featurize/work/USCT_repro/USCT_download/c5_wavefield_data/smoke64src_train20_val5/train/train_2.npz,16,461,245,0.33417654037475586,0.10952281951904297
1,/home/featurize/work/USCT_repro/USCT_download/c5_wavefield_data/smoke64src_train20_val5/train/train_2.npz,17,460,266,0.3422468602657318,0.11343588680028915
1,/home/featurize/work/USCT_repro/USCT_download/c5_wavefield_data/smoke64src_train20_val5/train/train_2.npz,18,456,287,0.34725525975227356,0.11660164594650269
1,/home/featurize/work/USCT_repro/USCT_download/c5_wavefield_data/smoke64src_train20_val5/train/train_2.npz,19,451,308,0.3482794761657715,0.12090440839529037
1,/home/featurize/work/USCT_repro/USCT_download/c5_wavefield_data/smoke64src_train20_val5/train/train_2.npz,20,443,328,0.33916783332824707,0.1167687252163887
1,/home/featurize/work/USCT_repro/USCT_download/c5_wavefield_data/smoke64src_train20_val5/train/train_2.npz,21,434,347,0.336681991815567,0.12032745778560638
1,/home/featurize/work/USCT_repro/USCT_download/c5_wavefield_data/smoke64src_train20_val5/train/train_2.npz,22,423,365,0.33982452750205994,0.11395882070064545
1,/home/featurize/work/USCT_repro/USCT_download/c5_wavefield_data/smoke64src_train20_val5/train/train_2.npz,23,410,382,0.33270275592803955,0.11745624244213104
1,/home/featurize/work/USCT_repro/USCT_download/c5_wavefield_data/smoke64src_train20_val5/train/train_2.npz,24,395,397,0.3456460237503052,0.12268482148647308
1,/home/featurize/work/USCT_repro/USCT_download/c5_wavefield_data/smoke64src_train20_val5/train/train_2.npz,25,380,412,0.3338163495063782,0.11760714650154114
1,/home/featurize/work/USCT_repro/USCT_download/c5_wavefield_data/smoke64src_train20_val5/train/train_2.npz,26,362,424,0.34705421328544617,0.11994445323944092
1,/home/featurize/work/USCT_repro/USCT_download/c5_wavefield_data/smoke64src_train20_val5/train/train_2.npz,27,344,435,0.36788153648376465,0.12422699481248856
1,/home/featurize/work/USCT_repro/USCT_download/c5_wavefield_data/smoke64src_train20_val5/train/train_2.npz,28,325,444,0.4186379909515381,0.14160612225532532
1,/home/featurize/work/USCT_repro/USCT_download/c5_wavefield_data/smoke64src_train20_val5/train/train_2.npz,29,305,451,0.4290180504322052,0.1424681842327118
1,/home/featurize/work/USCT_repro/USCT_download/c5_wavefield_data/smoke64src_train20_val5/train/train_2.npz,30,284,457,0.4224974513053894,0.1388106495141983
1,/home/featurize/work/USCT_repro/USCT_download/c5_wavefield_data/smoke64src_train20_val5/train/train_2.npz,31,263,460,0.3798796236515045,0.12246107310056686
1,/home/featurize/work/USCT_repro/USCT_download/c5_wavefield_data/smoke64src_train20_val5/train/train_2.npz,32,235,461,0.3507189154624939,0.11591697484254837
1,/home/featurize/work/USCT_repro/USCT_download/c5_wavefield_data/smoke64src_train20_val5/train/train_2.npz,33,214,460,0.35737618803977966,0.11857637017965317
1,/home/featurize/work/USCT_repro/USCT_download/c5_wavefield_data/smoke64src_train20_val5/train/train_2.npz,34,193,456,0.3458254933357239,0.10614588111639023
1,/home/featurize/work/USCT_repro/USCT_download/c5_wavefield_data/smoke64src_train20_val5/train/train_2.npz,35,173,451,0.3633092939853668,0.12395639717578888
1,/home/featurize/work/USCT_repro/USCT_download/c5_wavefield_data/smoke64src_train20_val5/train/train_2.npz,36,153,443,0.3756781816482544,0.1334049552679062
1,/home/featurize/work/USCT_repro/USCT_download/c5_wavefield_data/smoke64src_train20_val5/train/train_2.npz,37,134,434,0.36154744029045105,0.12387063354253769
1,/home/featurize/work/USCT_repro/USCT_download/c5_wavefield_data/smoke64src_train20_val5/train/train_2.npz,38,115,423,0.35582879185676575,0.11961311101913452
1,/home/featurize/work/USCT_repro/USCT_download/c5_wavefield_data/smoke64src_train20_val5/train/train_2.npz,39,98,410,0.3384092450141907,0.11565898358821869
1,/home/featurize/work/USCT_repro/USCT_download/c5_wavefield_data/smoke64src_train20_val5/train/train_2.npz,40,83,396,0.31029418110847473,0.10779992491006851
1,/home/featurize/work/USCT_repro/USCT_download/c5_wavefield_data/smoke64src_train20_val5/train/train_2.npz,41,69,380,0.31752002239227295,0.10722322762012482
1,/home/featurize/work/USCT_repro/USCT_download/c5_wavefield_data/smoke64src_train20_val5/train/train_2.npz,42,56,363,0.3132433593273163,0.11331543326377869
1,/home/featurize/work/USCT_repro/USCT_download/c5_wavefield_data/smoke64src_train20_val5/train/train_2.npz,43,45,344,0.3148788809776306,0.11615448445081711
1,/home/featurize/work/USCT_repro/USCT_download/c5_wavefield_data/smoke64src_train20_val5/train/train_2.npz,44,36,325,0.32874375581741333,0.11675650626420975
1,/home/featurize/work/USCT_repro/USCT_download/c5_wavefield_data/smoke64src_train20_val5/train/train_2.npz,45,29,305,0.3336058557033539,0.12047863751649857
1,/home/featurize/work/USCT_repro/USCT_download/c5_wavefield_data/smoke64src_train20_val5/train/train_2.npz,46,23,285,0.32095372676849365,0.11268620938062668
1,/home/featurize/work/USCT_repro/USCT_download/c5_wavefield_data/smoke64src_train20_val5/train/train_2.npz,47,20,264,0.32023751735687256,0.10966349393129349
1,/home/featurize/work/USCT_repro/USCT_download/c5_wavefield_data/smoke64src_train20_val5/train/train_2.npz,48,19,236,0.31430143117904663,0.09779606014490128
1,/home/featurize/work/USCT_repro/USCT_download/c5_wavefield_data/smoke64src_train20_val5/train/train_2.npz,49,20,215,0.3184528350830078,0.09952498972415924
1,/home/featurize/work/USCT_repro/USCT_download/c5_wavefield_data/smoke64src_train20_val5/train/train_2.npz,50,24,194,0.3111267685890198,0.09515026211738586
1,/home/featurize/work/USCT_repro/USCT_download/c5_wavefield_data/smoke64src_train20_val5/train/train_2.npz,51,29,174,0.32215291261672974,0.09960433840751648
1,/home/featurize/work/USCT_repro/USCT_download/c5_wavefield_data/smoke64src_train20_val5/train/train_2.npz,52,36,154,0.33125951886177063,0.10794248431921005
1,/home/featurize/work/USCT_repro/USCT_download/c5_wavefield_data/smoke64src_train20_val5/train/train_2.npz,53,46,135,0.3287842571735382,0.11111053079366684
1,/home/featurize/work/USCT_repro/USCT_download/c5_wavefield_data/smoke64src_train20_val5/train/train_2.npz,54,57,116,0.33343198895454407,0.1119479387998581
1,/home/featurize/work/USCT_repro/USCT_download/c5_wavefield_data/smoke64src_train20_val5/train/train_2.npz,55,69,99,0.33680659532546997,0.11838642507791519
1,/home/featurize/work/USCT_repro/USCT_download/c5_wavefield_data/smoke64src_train20_val5/train/train_2.npz,56,84,84,0.3372493088245392,0.1202583834528923
1,/home/featurize/work/USCT_repro/USCT_download/c5_wavefield_data/smoke64src_train20_val5/train/train_2.npz,57,99,69,0.34606650471687317,0.12185748666524887
1,/home/featurize/work/USCT_repro/USCT_download/c5_wavefield_data/smoke64src_train20_val5/train/train_2.npz,58,116,57,0.33618345856666565,0.11790474504232407
1,/home/featurize/work/USCT_repro/USCT_download/c5_wavefield_data/smoke64src_train20_val5/train/train_2.npz,59,135,46,0.3311607837677002,0.10795405507087708
1,/home/featurize/work/USCT_repro/USCT_download/c5_wavefield_data/smoke64src_train20_val5/train/train_2.npz,60,154,36,0.33598223328590393,0.10662791877985
1,/home/featurize/work/USCT_repro/USCT_download/c5_wavefield_data/smoke64src_train20_val5/train/train_2.npz,61,174,29,0.34589993953704834,0.11534357070922852
1,/home/featurize/work/USCT_repro/USCT_download/c5_wavefield_data/smoke64src_train20_val5/train/train_2.npz,62,194,24,0.365453839302063,0.1227700337767601
1,/home/featurize/work/USCT_repro/USCT_download/c5_wavefield_data/smoke64src_train20_val5/train/train_2.npz,63,215,20,0.38078129291534424,0.1326889544725418
2,/home/featurize/work/USCT_repro/USCT_download/c5_wavefield_data/smoke64src_train20_val5/train/train_3.npz,0,246,19,0.3345980942249298,0.09744174033403397
2,/home/featurize/work/USCT_repro/USCT_download/c5_wavefield_data/smoke64src_train20_val5/train/train_3.npz,1,267,20,0.3524848222732544,0.10959874838590622
2,/home/featurize/work/USCT_repro/USCT_download/c5_wavefield_data/smoke64src_train20_val5/train/train_3.npz,2,288,24,0.3677561283111572,0.11481282860040665
2,/home/featurize/work/USCT_repro/USCT_download/c5_wavefield_data/smoke64src_train20_val5/train/train_3.npz,3,309,30,0.35821059346199036,0.11725753545761108
2,/home/featurize/work/USCT_repro/USCT_download/c5_wavefield_data/smoke64src_train20_val5/train/train_3.npz,4,329,37,0.34807443618774414,0.11512348800897598
2,/home/featurize/work/USCT_repro/USCT_download/c5_wavefield_data/smoke64src_train20_val5/train/train_3.npz,5,348,47,0.3500342071056366,0.1155460998415947
2,/home/featurize/work/USCT_repro/USCT_download/c5_wavefield_data/smoke64src_train20_val5/train/train_3.npz,6,366,58,0.38055163621902466,0.12759096920490265
2,/home/featurize/work/USCT_repro/USCT_download/c5_wavefield_data/smoke64src_train20_val5/train/train_3.npz,7,383,71,0.3907932937145233,0.13589975237846375
2,/home/featurize/work/USCT_repro/USCT_download/c5_wavefield_data/smoke64src_train20_val5/train/train_3.npz,8,398,85,0.40596118569374084,0.14618586003780365
2,/home/featurize/work/USCT_repro/USCT_download/c5_wavefield_data/smoke64src_train20_val5/train/train_3.npz,9,412,101,0.4111822843551636,0.13531041145324707
2,/home/featurize/work/USCT_repro/USCT_download/c5_wavefield_data/smoke64src_train20_val5/train/train_3.npz,10,425,119,0.4045759439468384,0.13761714100837708
2,/home/featurize/work/USCT_repro/USCT_download/c5_wavefield_data/smoke64src_train20_val5/train/train_3.npz,11,436,137,0.3793492019176483,0.12264847010374069
2,/home/featurize/work/USCT_repro/USCT_download/c5_wavefield_data/smoke64src_train20_val5/train/train_3.npz,12,445,156,0.3696296513080597,0.11499051749706268
2,/home/featurize/work/USCT_repro/USCT_download/c5_wavefield_data/smoke64src_train20_val5/train/train_3.npz,13,452,176,0.3599095642566681,0.11719062924385071
2,/home/featurize/work/USCT_repro/USCT_download/c5_wavefield_data/smoke64src_train20_val5/train/train_3.npz,14,457,197,0.3542153537273407,0.12004624307155609
2,/home/featurize/work/USCT_repro/USCT_download/c5_wavefield_data/smoke64src_train20_val5/train/train_3.npz,15,460,218,0.3490723669528961,0.12356270104646683
2,/home/featurize/work/USCT_repro/USCT_download/c5_wavefield_data/smoke64src_train20_val5/train/train_3.npz,16,461,245,0.35559630393981934,0.13323821127414703
2,/home/featurize/work/USCT_repro/USCT_download/c5_wavefield_data/smoke64src_train20_val5/train/train_3.npz,17,460,266,0.37944215536117554,0.14236219227313995
2,/home/featurize/work/USCT_repro/USCT_download/c5_wavefield_data/smoke64src_train20_val5/train/train_3.npz,18,456,287,0.3783086836338043,0.1400899589061737
2,/home/featurize/work/USCT_repro/USCT_download/c5_wavefield_data/smoke64src_train20_val5/train/train_3.npz,19,451,308,0.36874040961265564,0.1356537938117981
2,/home/featurize/work/USCT_repro/USCT_download/c5_wavefield_data/smoke64src_train20_val5/train/train_3.npz,20,443,328,0.36446696519851685,0.13473933935165405
2,/home/featurize/work/USCT_repro/USCT_download/c5_wavefield_data/smoke64src_train20_val5/train/train_3.npz,21,434,347,0.3718075156211853,0.1367063671350479
2,/home/featurize/work/USCT_repro/USCT_download/c5_wavefield_data/smoke64src_train20_val5/train/train_3.npz,22,423,365,0.36646801233291626,0.1425679475069046
2,/home/featurize/work/USCT_repro/USCT_download/c5_wavefield_data/smoke64src_train20_val5/train/train_3.npz,23,410,382,0.3657137453556061,0.13266153633594513
2,/home/featurize/work/USCT_repro/USCT_download/c5_wavefield_data/smoke64src_train20_val5/train/train_3.npz,24,395,397,0.3417852818965912,0.12096013128757477
2,/home/featurize/work/USCT_repro/USCT_download/c5_wavefield_data/smoke64src_train20_val5/train/train_3.npz,25,380,412,0.351257860660553,0.10699835419654846
2,/home/featurize/work/USCT_repro/USCT_download/c5_wavefield_data/smoke64src_train20_val5/train/train_3.npz,26,362,424,0.3619505763053894,0.12144278734922409
2,/home/featurize/work/USCT_repro/USCT_download/c5_wavefield_data/smoke64src_train20_val5/train/train_3.npz,27,344,435,0.3598865866661072,0.12042001634836197
2,/home/featurize/work/USCT_repro/USCT_download/c5_wavefield_data/smoke64src_train20_val5/train/train_3.npz,28,325,444,0.36920592188835144,0.1247837021946907
2,/home/featurize/work/USCT_repro/USCT_download/c5_wavefield_data/smoke64src_train20_val5/train/train_3.npz,29,305,451,0.3539338707923889,0.11629169434309006
2,/home/featurize/work/USCT_repro/USCT_download/c5_wavefield_data/smoke64src_train20_val5/train/train_3.npz,30,284,457,0.347941130399704,0.11367668211460114
2,/home/featurize/work/USCT_repro/USCT_download/c5_wavefield_data/smoke64src_train20_val5/train/train_3.npz,31,263,460,0.3474622666835785,0.11481157690286636
2,/home/featurize/work/USCT_repro/USCT_download/c5_wavefield_data/smoke64src_train20_val5/train/train_3.npz,32,235,461,0.3462011218070984,0.10301806032657623
2,/home/featurize/work/USCT_repro/USCT_download/c5_wavefield_data/smoke64src_train20_val5/train/train_3.npz,33,214,460,0.3512982130050659,0.111690454185009
2,/home/featurize/work/USCT_repro/USCT_download/c5_wavefield_data/smoke64src_train20_val5/train/train_3.npz,34,193,456,0.3504967987537384,0.1111808568239212
2,/home/featurize/work/USCT_repro/USCT_download/c5_wavefield_data/smoke64src_train20_val5/train/train_3.npz,35,173,451,0.36078181862831116,0.11480884999036789
2,/home/featurize/work/USCT_repro/USCT_download/c5_wavefield_data/smoke64src_train20_val5/train/train_3.npz,36,153,443,0.3419835865497589,0.10735603421926498
2,/home/featurize/work/USCT_repro/USCT_download/c5_wavefield_data/smoke64src_train20_val5/train/train_3.npz,37,134,434,0.32657843828201294,0.10989055037498474
2,/home/featurize/work/USCT_repro/USCT_download/c5_wavefield_data/smoke64src_train20_val5/train/train_3.npz,38,115,423,0.3274453580379486,0.11328113079071045
2,/home/featurize/work/USCT_repro/USCT_download/c5_wavefield_data/smoke64src_train20_val5/train/train_3.npz,39,98,410,0.3294827938079834,0.11542827636003494
2,/home/featurize/work/USCT_repro/USCT_download/c5_wavefield_data/smoke64src_train20_val5/train/train_3.npz,40,83,396,0.3272714912891388,0.1207021176815033
2,/home/featurize/work/USCT_repro/USCT_download/c5_wavefield_data/smoke64src_train20_val5/train/train_3.npz,41,69,380,0.33078086376190186,0.10866475850343704
2,/home/featurize/work/USCT_repro/USCT_download/c5_wavefield_data/smoke64src_train20_val5/train/train_3.npz,42,56,363,0.3308336138725281,0.11010108888149261
2,/home/featurize/work/USCT_repro/USCT_download/c5_wavefield_data/smoke64src_train20_val5/train/train_3.npz,43,45,344,0.34840306639671326,0.11681792140007019
2,/home/featurize/work/USCT_repro/USCT_download/c5_wavefield_data/smoke64src_train20_val5/train/train_3.npz,44,36,325,0.3852246403694153,0.1402430683374405
2,/home/featurize/work/USCT_repro/USCT_download/c5_wavefield_data/smoke64src_train20_val5/train/train_3.npz,45,29,305,0.3963996171951294,0.12555263936519623
2,/home/featurize/work/USCT_repro/USCT_download/c5_wavefield_data/smoke64src_train20_val5/train/train_3.npz,46,23,285,0.4077920913696289,0.1510295420885086
2,/home/featurize/work/USCT_repro/USCT_download/c5_wavefield_data/smoke64src_train20_val5/train/train_3.npz,47,20,264,0.3945489525794983,0.1388659030199051
2,/home/featurize/work/USCT_repro/USCT_download/c5_wavefield_data/smoke64src_train20_val5/train/train_3.npz,48,19,236,0.4082794487476349,0.1254107505083084
2,/home/featurize/work/USCT_repro/USCT_download/c5_wavefield_data/smoke64src_train20_val5/train/train_3.npz,49,20,215,0.43981778621673584,0.1465597152709961
2,/home/featurize/work/USCT_repro/USCT_download/c5_wavefield_data/smoke64src_train20_val5/train/train_3.npz,50,24,194,0.42248213291168213,0.13305217027664185
2,/home/featurize/work/USCT_repro/USCT_download/c5_wavefield_data/smoke64src_train20_val5/train/train_3.npz,51,29,174,0.39411574602127075,0.1346202790737152
2,/home/featurize/work/USCT_repro/USCT_download/c5_wavefield_data/smoke64src_train20_val5/train/train_3.npz,52,36,154,0.3702104687690735,0.12252943962812424
2,/home/featurize/work/USCT_repro/USCT_download/c5_wavefield_data/smoke64src_train20_val5/train/train_3.npz,53,46,135,0.3466172516345978,0.11645685136318207
2,/home/featurize/work/USCT_repro/USCT_download/c5_wavefield_data/smoke64src_train20_val5/train/train_3.npz,54,57,116,0.3270927369594574,0.10354015976190567
2,/home/featurize/work/USCT_repro/USCT_download/c5_wavefield_data/smoke64src_train20_val5/train/train_3.npz,55,69,99,0.3261597156524658,0.10925799608230591
2,/home/featurize/work/USCT_repro/USCT_download/c5_wavefield_data/smoke64src_train20_val5/train/train_3.npz,56,84,84,0.314128577709198,0.11701525002717972
2,/home/featurize/work/USCT_repro/USCT_download/c5_wavefield_data/smoke64src_train20_val5/train/train_3.npz,57,99,69,0.3146746754646301,0.11821968853473663
2,/home/featurize/work/USCT_repro/USCT_download/c5_wavefield_data/smoke64src_train20_val5/train/train_3.npz,58,116,57,0.3124939799308777,0.10401526838541031
2,/home/featurize/work/USCT_repro/USCT_download/c5_wavefield_data/smoke64src_train20_val5/train/train_3.npz,59,135,46,0.3185175657272339,0.10398757457733154
2,/home/featurize/work/USCT_repro/USCT_download/c5_wavefield_data/smoke64src_train20_val5/train/train_3.npz,60,154,36,0.33120012283325195,0.10778156667947769
2,/home/featurize/work/USCT_repro/USCT_download/c5_wavefield_data/smoke64src_train20_val5/train/train_3.npz,61,174,29,0.34310343861579895,0.11549217253923416
2,/home/featurize/work/USCT_repro/USCT_download/c5_wavefield_data/smoke64src_train20_val5/train/train_3.npz,62,194,24,0.33926302194595337,0.10733387619256973
2,/home/featurize/work/USCT_repro/USCT_download/c5_wavefield_data/smoke64src_train20_val5/train/train_3.npz,63,215,20,0.3291676342487335,0.1018340140581131
3,/home/featurize/work/USCT_repro/USCT_download/c5_wavefield_data/smoke64src_train20_val5/train/train_4.npz,0,246,19,0.3293224275112152,0.10287467390298843
3,/home/featurize/work/USCT_repro/USCT_download/c5_wavefield_data/smoke64src_train20_val5/train/train_4.npz,1,267,20,0.32788145542144775,0.11047615110874176
3,/home/featurize/work/USCT_repro/USCT_download/c5_wavefield_data/smoke64src_train20_val5/train/train_4.npz,2,288,24,0.33879029750823975,0.1025039330124855
3,/home/featurize/work/USCT_repro/USCT_download/c5_wavefield_data/smoke64src_train20_val5/train/train_4.npz,3,309,30,0.3399847745895386,0.10938966274261475
3,/home/featurize/work/USCT_repro/USCT_download/c5_wavefield_data/smoke64src_train20_val5/train/train_4.npz,4,329,37,0.34158939123153687,0.11292117089033127
3,/home/featurize/work/USCT_repro/USCT_download/c5_wavefield_data/smoke64src_train20_val5/train/train_4.npz,5,348,47,0.32060080766677856,0.10955891013145447
3,/home/featurize/work/USCT_repro/USCT_download/c5_wavefield_data/smoke64src_train20_val5/train/train_4.npz,6,366,58,0.30240529775619507,0.10555479675531387
3,/home/featurize/work/USCT_repro/USCT_download/c5_wavefield_data/smoke64src_train20_val5/train/train_4.npz,7,383,71,0.2918510138988495,0.09660138934850693
3,/home/featurize/work/USCT_repro/USCT_download/c5_wavefield_data/smoke64src_train20_val5/train/train_4.npz,8,398,85,0.2988411486148834,0.10047870874404907
3,/home/featurize/work/USCT_repro/USCT_download/c5_wavefield_data/smoke64src_train20_val5/train/train_4.npz,9,412,101,0.31060898303985596,0.10491710156202316
3,/home/featurize/work/USCT_repro/USCT_download/c5_wavefield_data/smoke64src_train20_val5/train/train_4.npz,10,425,119,0.3210424780845642,0.11296036094427109
3,/home/featurize/work/USCT_repro/USCT_download/c5_wavefield_data/smoke64src_train20_val5/train/train_4.npz,11,436,137,0.32254093885421753,0.10737202316522598
3,/home/featurize/work/USCT_repro/USCT_download/c5_wavefield_data/smoke64src_train20_val5/train/train_4.npz,12,445,156,0.3388659358024597,0.10927354544401169
3,/home/featurize/work/USCT_repro/USCT_download/c5_wavefield_data/smoke64src_train20_val5/train/train_4.npz,13,452,176,0.3739463686943054,0.1280355453491211
3,/home/featurize/work/USCT_repro/USCT_download/c5_wavefield_data/smoke64src_train20_val5/train/train_4.npz,14,457,197,0.38194647431373596,0.13605624437332153
3,/home/featurize/work/USCT_repro/USCT_download/c5_wavefield_data/smoke64src_train20_val5/train/train_4.npz,15,460,218,0.3913850784301758,0.14152508974075317
3,/home/featurize/work/USCT_repro/USCT_download/c5_wavefield_data/smoke64src_train20_val5/train/train_4.npz,16,461,245,0.3997131586074829,0.13232731819152832
3,/home/featurize/work/USCT_repro/USCT_download/c5_wavefield_data/smoke64src_train20_val5/train/train_4.npz,17,460,266,0.41905713081359863,0.13904616236686707
3,/home/featurize/work/USCT_repro/USCT_download/c5_wavefield_data/smoke64src_train20_val5/train/train_4.npz,18,456,287,0.41417568922042847,0.1407432109117508
3,/home/featurize/work/USCT_repro/USCT_download/c5_wavefield_data/smoke64src_train20_val5/train/train_4.npz,19,451,308,0.3968062102794647,0.13952144980430603
3,/home/featurize/work/USCT_repro/USCT_download/c5_wavefield_data/smoke64src_train20_val5/train/train_4.npz,20,443,328,0.37379032373428345,0.1266297847032547
3,/home/featurize/work/USCT_repro/USCT_download/c5_wavefield_data/smoke64src_train20_val5/train/train_4.npz,21,434,347,0.366931289434433,0.12512530386447906
3,/home/featurize/work/USCT_repro/USCT_download/c5_wavefield_data/smoke64src_train20_val5/train/train_4.npz,22,423,365,0.3406648337841034,0.11100856959819794
3,/home/featurize/work/USCT_repro/USCT_download/c5_wavefield_data/smoke64src_train20_val5/train/train_4.npz,23,410,382,0.33101972937583923,0.10802784562110901
3,/home/featurize/work/USCT_repro/USCT_download/c5_wavefield_data/smoke64src_train20_val5/train/train_4.npz,24,395,397,0.29491665959358215,0.10365504026412964
3,/home/featurize/work/USCT_repro/USCT_download/c5_wavefield_data/smoke64src_train20_val5/train/train_4.npz,25,380,412,0.2989560663700104,0.09809142351150513
3,/home/featurize/work/USCT_repro/USCT_download/c5_wavefield_data/smoke64src_train20_val5/train/train_4.npz,26,362,424,0.3042369782924652,0.09494136273860931
3,/home/featurize/work/USCT_repro/USCT_download/c5_wavefield_data/smoke64src_train20_val5/train/train_4.npz,27,344,435,0.29496124386787415,0.09873147308826447
3,/home/featurize/work/USCT_repro/USCT_download/c5_wavefield_data/smoke64src_train20_val5/train/train_4.npz,28,325,444,0.2857498228549957,0.09763019531965256
3,/home/featurize/work/USCT_repro/USCT_download/c5_wavefield_data/smoke64src_train20_val5/train/train_4.npz,29,305,451,0.2939760088920593,0.10042919218540192
3,/home/featurize/work/USCT_repro/USCT_download/c5_wavefield_data/smoke64src_train20_val5/train/train_4.npz,30,284,457,0.2892909646034241,0.09063620865345001
3,/home/featurize/work/USCT_repro/USCT_download/c5_wavefield_data/smoke64src_train20_val5/train/train_4.npz,31,263,460,0.2942516505718231,0.09532290697097778
3,/home/featurize/work/USCT_repro/USCT_download/c5_wavefield_data/smoke64src_train20_val5/train/train_4.npz,32,235,461,0.2951295077800751,0.08988656103610992
3,/home/featurize/work/USCT_repro/USCT_download/c5_wavefield_data/smoke64src_train20_val5/train/train_4.npz,33,214,460,0.317722350358963,0.09892675280570984
3,/home/featurize/work/USCT_repro/USCT_download/c5_wavefield_data/smoke64src_train20_val5/train/train_4.npz,34,193,456,0.31887826323509216,0.10149058699607849
3,/home/featurize/work/USCT_repro/USCT_download/c5_wavefield_data/smoke64src_train20_val5/train/train_4.npz,35,173,451,0.3243253529071808,0.10920499265193939
3,/home/featurize/work/USCT_repro/USCT_download/c5_wavefield_data/smoke64src_train20_val5/train/train_4.npz,36,153,443,0.3220367729663849,0.10813966393470764
3,/home/featurize/work/USCT_repro/USCT_download/c5_wavefield_data/smoke64src_train20_val5/train/train_4.npz,37,134,434,0.33094242215156555,0.10745948553085327
3,/home/featurize/work/USCT_repro/USCT_download/c5_wavefield_data/smoke64src_train20_val5/train/train_4.npz,38,115,423,0.3559698462486267,0.11465351283550262
3,/home/featurize/work/USCT_repro/USCT_download/c5_wavefield_data/smoke64src_train20_val5/train/train_4.npz,39,98,410,0.36446458101272583,0.12268675863742828
3,/home/featurize/work/USCT_repro/USCT_download/c5_wavefield_data/smoke64src_train20_val5/train/train_4.npz,40,83,396,0.3637949228286743,0.12170577794313431
3,/home/featurize/work/USCT_repro/USCT_download/c5_wavefield_data/smoke64src_train20_val5/train/train_4.npz,41,69,380,0.36932826042175293,0.13116909563541412
3,/home/featurize/work/USCT_repro/USCT_download/c5_wavefield_data/smoke64src_train20_val5/train/train_4.npz,42,56,363,0.3490729331970215,0.11639226227998734
3,/home/featurize/work/USCT_repro/USCT_download/c5_wavefield_data/smoke64src_train20_val5/train/train_4.npz,43,45,344,0.36154285073280334,0.11704979091882706
3,/home/featurize/work/USCT_repro/USCT_download/c5_wavefield_data/smoke64src_train20_val5/train/train_4.npz,44,36,325,0.37349048256874084,0.13288448750972748
3,/home/featurize/work/USCT_repro/USCT_download/c5_wavefield_data/smoke64src_train20_val5/train/train_4.npz,45,29,305,0.3930124342441559,0.14089012145996094
3,/home/featurize/work/USCT_repro/USCT_download/c5_wavefield_data/smoke64src_train20_val5/train/train_4.npz,46,23,285,0.39252227544784546,0.14850039780139923
3,/home/featurize/work/USCT_repro/USCT_download/c5_wavefield_data/smoke64src_train20_val5/train/train_4.npz,47,20,264,0.3823890686035156,0.14405721426010132
3,/home/featurize/work/USCT_repro/USCT_download/c5_wavefield_data/smoke64src_train20_val5/train/train_4.npz,48,19,236,0.37497439980506897,0.130838543176651
3,/home/featurize/work/USCT_repro/USCT_download/c5_wavefield_data/smoke64src_train20_val5/train/train_4.npz,49,20,215,0.36613407731056213,0.13240689039230347
3,/home/featurize/work/USCT_repro/USCT_download/c5_wavefield_data/smoke64src_train20_val5/train/train_4.npz,50,24,194,0.3387703597545624,0.11837062984704971
3,/home/featurize/work/USCT_repro/USCT_download/c5_wavefield_data/smoke64src_train20_val5/train/train_4.npz,51,29,174,0.3628915250301361,0.12920057773590088
3,/home/featurize/work/USCT_repro/USCT_download/c5_wavefield_data/smoke64src_train20_val5/train/train_4.npz,52,36,154,0.3640293478965759,0.13443320989608765
3,/home/featurize/work/USCT_repro/USCT_download/c5_wavefield_data/smoke64src_train20_val5/train/train_4.npz,53,46,135,0.3669406771659851,0.13486769795417786
3,/home/featurize/work/USCT_repro/USCT_download/c5_wavefield_data/smoke64src_train20_val5/train/train_4.npz,54,57,116,0.3456627130508423,0.11370719224214554
3,/home/featurize/work/USCT_repro/USCT_download/c5_wavefield_data/smoke64src_train20_val5/train/train_4.npz,55,69,99,0.3396526575088501,0.1138952225446701
3,/home/featurize/work/USCT_repro/USCT_download/c5_wavefield_data/smoke64src_train20_val5/train/train_4.npz,56,84,84,0.32141998410224915,0.10873951762914658
3,/home/featurize/work/USCT_repro/USCT_download/c5_wavefield_data/smoke64src_train20_val5/train/train_4.npz,57,99,69,0.33210304379463196,0.11283356696367264
3,/home/featurize/work/USCT_repro/USCT_download/c5_wavefield_data/smoke64src_train20_val5/train/train_4.npz,58,116,57,0.3298654556274414,0.11642691493034363
3,/home/featurize/work/USCT_repro/USCT_download/c5_wavefield_data/smoke64src_train20_val5/train/train_4.npz,59,135,46,0.3235507905483246,0.1167626678943634
3,/home/featurize/work/USCT_repro/USCT_download/c5_wavefield_data/smoke64src_train20_val5/train/train_4.npz,60,154,36,0.3353155255317688,0.1253291368484497
3,/home/featurize/work/USCT_repro/USCT_download/c5_wavefield_data/smoke64src_train20_val5/train/train_4.npz,61,174,29,0.33667418360710144,0.127645805478096
3,/home/featurize/work/USCT_repro/USCT_download/c5_wavefield_data/smoke64src_train20_val5/train/train_4.npz,62,194,24,0.33221435546875,0.1132403016090393
3,/home/featurize/work/USCT_repro/USCT_download/c5_wavefield_data/smoke64src_train20_val5/train/train_4.npz,63,215,20,0.328141450881958,0.11597060412168503
4,/home/featurize/work/USCT_repro/USCT_download/c5_wavefield_data/smoke64src_train20_val5/train/train_5.npz,0,246,19,0.36548659205436707,0.10845059156417847
4,/home/featurize/work/USCT_repro/USCT_download/c5_wavefield_data/smoke64src_train20_val5/train/train_5.npz,1,267,20,0.402129203081131,0.12143018841743469
4,/home/featurize/work/USCT_repro/USCT_download/c5_wavefield_data/smoke64src_train20_val5/train/train_5.npz,2,288,24,0.4246518015861511,0.1267956644296646
4,/home/featurize/work/USCT_repro/USCT_download/c5_wavefield_data/smoke64src_train20_val5/train/train_5.npz,3,309,30,0.4167298376560211,0.13033030927181244
4,/home/featurize/work/USCT_repro/USCT_download/c5_wavefield_data/smoke64src_train20_val5/train/train_5.npz,4,329,37,0.4058968722820282,0.13530240952968597
4,/home/featurize/work/USCT_repro/USCT_download/c5_wavefield_data/smoke64src_train20_val5/train/train_5.npz,5,348,47,0.4131200909614563,0.13897132873535156
4,/home/featurize/work/USCT_repro/USCT_download/c5_wavefield_data/smoke64src_train20_val5/train/train_5.npz,6,366,58,0.4482150077819824,0.13520421087741852
4,/home/featurize/work/USCT_repro/USCT_download/c5_wavefield_data/smoke64src_train20_val5/train/train_5.npz,7,383,71,0.4702131450176239,0.15926188230514526
4,/home/featurize/work/USCT_repro/USCT_download/c5_wavefield_data/smoke64src_train20_val5/train/train_5.npz,8,398,85,0.46767160296440125,0.15958236157894135
4,/home/featurize/work/USCT_repro/USCT_download/c5_wavefield_data/smoke64src_train20_val5/train/train_5.npz,9,412,101,0.4666002690792084,0.16275393962860107
4,/home/featurize/work/USCT_repro/USCT_download/c5_wavefield_data/smoke64src_train20_val5/train/train_5.npz,10,425,119,0.4585937261581421,0.15594030916690826
4,/home/featurize/work/USCT_repro/USCT_download/c5_wavefield_data/smoke64src_train20_val5/train/train_5.npz,11,436,137,0.4326138496398926,0.14562824368476868
4,/home/featurize/work/USCT_repro/USCT_download/c5_wavefield_data/smoke64src_train20_val5/train/train_5.npz,12,445,156,0.4361964464187622,0.15385103225708008
4,/home/featurize/work/USCT_repro/USCT_download/c5_wavefield_data/smoke64src_train20_val5/train/train_5.npz,13,452,176,0.43503233790397644,0.1471232771873474
4,/home/featurize/work/USCT_repro/USCT_download/c5_wavefield_data/smoke64src_train20_val5/train/train_5.npz,14,457,197,0.417384535074234,0.13526880741119385
4,/home/featurize/work/USCT_repro/USCT_download/c5_wavefield_data/smoke64src_train20_val5/train/train_5.npz,15,460,218,0.42239686846733093,0.140159010887146
4,/home/featurize/work/USCT_repro/USCT_download/c5_wavefield_data/smoke64src_train20_val5/train/train_5.npz,16,461,245,0.4185498356819153,0.13210125267505646
4,/home/featurize/work/USCT_repro/USCT_download/c5_wavefield_data/smoke64src_train20_val5/train/train_5.npz,17,460,266,0.4184912443161011,0.13763560354709625
4,/home/featurize/work/USCT_repro/USCT_download/c5_wavefield_data/smoke64src_train20_val5/train/train_5.npz,18,456,287,0.40616127848625183,0.12803667783737183
4,/home/featurize/work/USCT_repro/USCT_download/c5_wavefield_data/smoke64src_train20_val5/train/train_5.npz,19,451,308,0.4079064726829529,0.1342095136642456
4,/home/featurize/work/USCT_repro/USCT_download/c5_wavefield_data/smoke64src_train20_val5/train/train_5.npz,20,443,328,0.4232981503009796,0.13622307777404785
4,/home/featurize/work/USCT_repro/USCT_download/c5_wavefield_data/smoke64src_train20_val5/train/train_5.npz,21,434,347,0.433332234621048,0.1513020247220993
4,/home/featurize/work/USCT_repro/USCT_download/c5_wavefield_data/smoke64src_train20_val5/train/train_5.npz,22,423,365,0.4459806978702545,0.15533310174942017
4,/home/featurize/work/USCT_repro/USCT_download/c5_wavefield_data/smoke64src_train20_val5/train/train_5.npz,23,410,382,0.43970492482185364,0.158785879611969
4,/home/featurize/work/USCT_repro/USCT_download/c5_wavefield_data/smoke64src_train20_val5/train/train_5.npz,24,395,397,0.4393705129623413,0.15150560438632965
4,/home/featurize/work/USCT_repro/USCT_download/c5_wavefield_data/smoke64src_train20_val5/train/train_5.npz,25,380,412,0.44410398602485657,0.16573186218738556
4,/home/featurize/work/USCT_repro/USCT_download/c5_wavefield_data/smoke64src_train20_val5/train/train_5.npz,26,362,424,0.44081899523735046,0.16009944677352905
4,/home/featurize/work/USCT_repro/USCT_download/c5_wavefield_data/smoke64src_train20_val5/train/train_5.npz,27,344,435,0.4233720302581787,0.13567884266376495
4,/home/featurize/work/USCT_repro/USCT_download/c5_wavefield_data/smoke64src_train20_val5/train/train_5.npz,28,325,444,0.42505133152008057,0.13253450393676758
4,/home/featurize/work/USCT_repro/USCT_download/c5_wavefield_data/smoke64src_train20_val5/train/train_5.npz,29,305,451,0.42571914196014404,0.13785891234874725
4,/home/featurize/work/USCT_repro/USCT_download/c5_wavefield_data/smoke64src_train20_val5/train/train_5.npz,30,284,457,0.4389941394329071,0.14175735414028168
4,/home/featurize/work/USCT_repro/USCT_download/c5_wavefield_data/smoke64src_train20_val5/train/train_5.npz,31,263,460,0.4336748421192169,0.1400577574968338
4,/home/featurize/work/USCT_repro/USCT_download/c5_wavefield_data/smoke64src_train20_val5/train/train_5.npz,32,235,461,0.381254643201828,0.11446944624185562
4,/home/featurize/work/USCT_repro/USCT_download/c5_wavefield_data/smoke64src_train20_val5/train/train_5.npz,33,214,460,0.3540664613246918,0.12074938416481018
4,/home/featurize/work/USCT_repro/USCT_download/c5_wavefield_data/smoke64src_train20_val5/train/train_5.npz,34,193,456,0.3475711941719055,0.11540782451629639
4,/home/featurize/work/USCT_repro/USCT_download/c5_wavefield_data/smoke64src_train20_val5/train/train_5.npz,35,173,451,0.34766751527786255,0.11878861486911774
4,/home/featurize/work/USCT_repro/USCT_download/c5_wavefield_data/smoke64src_train20_val5/train/train_5.npz,36,153,443,0.3518325090408325,0.11718662083148956
4,/home/featurize/work/USCT_repro/USCT_download/c5_wavefield_data/smoke64src_train20_val5/train/train_5.npz,37,134,434,0.34451475739479065,0.1214713528752327
4,/home/featurize/work/USCT_repro/USCT_download/c5_wavefield_data/smoke64src_train20_val5/train/train_5.npz,38,115,423,0.33837008476257324,0.11839480698108673
4,/home/featurize/work/USCT_repro/USCT_download/c5_wavefield_data/smoke64src_train20_val5/train/train_5.npz,39,98,410,0.34600725769996643,0.12126705050468445
4,/home/featurize/work/USCT_repro/USCT_download/c5_wavefield_data/smoke64src_train20_val5/train/train_5.npz,40,83,396,0.37096521258354187,0.12510882318019867
4,/home/featurize/work/USCT_repro/USCT_download/c5_wavefield_data/smoke64src_train20_val5/train/train_5.npz,41,69,380,0.40686357021331787,0.13985973596572876
4,/home/featurize/work/USCT_repro/USCT_download/c5_wavefield_data/smoke64src_train20_val5/train/train_5.npz,42,56,363,0.43414169549942017,0.1396891176700592
4,/home/featurize/work/USCT_repro/USCT_download/c5_wavefield_data/smoke64src_train20_val5/train/train_5.npz,43,45,344,0.44512102007865906,0.1465366631746292
4,/home/featurize/work/USCT_repro/USCT_download/c5_wavefield_data/smoke64src_train20_val5/train/train_5.npz,44,36,325,0.45979633927345276,0.1495528668165207
4,/home/featurize/work/USCT_repro/USCT_download/c5_wavefield_data/smoke64src_train20_val5/train/train_5.npz,45,29,305,0.44667553901672363,0.14370006322860718
4,/home/featurize/work/USCT_repro/USCT_download/c5_wavefield_data/smoke64src_train20_val5/train/train_5.npz,46,23,285,0.4551636278629303,0.16309912502765656
4,/home/featurize/work/USCT_repro/USCT_download/c5_wavefield_data/smoke64src_train20_val5/train/train_5.npz,47,20,264,0.4408648908138275,0.14121730625629425
4,/home/featurize/work/USCT_repro/USCT_download/c5_wavefield_data/smoke64src_train20_val5/train/train_5.npz,48,19,236,0.4710184335708618,0.14142468571662903
4,/home/featurize/work/USCT_repro/USCT_download/c5_wavefield_data/smoke64src_train20_val5/train/train_5.npz,49,20,215,0.5074068903923035,0.1612613946199417
4,/home/featurize/work/USCT_repro/USCT_download/c5_wavefield_data/smoke64src_train20_val5/train/train_5.npz,50,24,194,0.5289968252182007,0.16082565486431122
4,/home/featurize/work/USCT_repro/USCT_download/c5_wavefield_data/smoke64src_train20_val5/train/train_5.npz,51,29,174,0.4941350519657135,0.15536396205425262
4,/home/featurize/work/USCT_repro/USCT_download/c5_wavefield_data/smoke64src_train20_val5/train/train_5.npz,52,36,154,0.4361274838447571,0.1446310579776764
4,/home/featurize/work/USCT_repro/USCT_download/c5_wavefield_data/smoke64src_train20_val5/train/train_5.npz,53,46,135,0.3942960202693939,0.13746416568756104
4,/home/featurize/work/USCT_repro/USCT_download/c5_wavefield_data/smoke64src_train20_val5/train/train_5.npz,54,57,116,0.3772171437740326,0.1315198540687561
4,/home/featurize/work/USCT_repro/USCT_download/c5_wavefield_data/smoke64src_train20_val5/train/train_5.npz,55,69,99,0.37033453583717346,0.1294536590576172
4,/home/featurize/work/USCT_repro/USCT_download/c5_wavefield_data/smoke64src_train20_val5/train/train_5.npz,56,84,84,0.3640792667865753,0.14057321846485138
4,/home/featurize/work/USCT_repro/USCT_download/c5_wavefield_data/smoke64src_train20_val5/train/train_5.npz,57,99,69,0.37095537781715393,0.12629981338977814
4,/home/featurize/work/USCT_repro/USCT_download/c5_wavefield_data/smoke64src_train20_val5/train/train_5.npz,58,116,57,0.36696797609329224,0.12562967836856842
4,/home/featurize/work/USCT_repro/USCT_download/c5_wavefield_data/smoke64src_train20_val5/train/train_5.npz,59,135,46,0.35524335503578186,0.11855701357126236
4,/home/featurize/work/USCT_repro/USCT_download/c5_wavefield_data/smoke64src_train20_val5/train/train_5.npz,60,154,36,0.363273948431015,0.11565003544092178
4,/home/featurize/work/USCT_repro/USCT_download/c5_wavefield_data/smoke64src_train20_val5/train/train_5.npz,61,174,29,0.3551188111305237,0.11969687789678574
4,/home/featurize/work/USCT_repro/USCT_download/c5_wavefield_data/smoke64src_train20_val5/train/train_5.npz,62,194,24,0.35866492986679077,0.11951734125614166
4,/home/featurize/work/USCT_repro/USCT_download/c5_wavefield_data/smoke64src_train20_val5/train/train_5.npz,63,215,20,0.35741135478019714,0.11455533653497696
5,/home/featurize/work/USCT_repro/USCT_download/c5_wavefield_data/smoke64src_train20_val5/train/train_6.npz,0,246,19,0.39607810974121094,0.1386481076478958
5,/home/featurize/work/USCT_repro/USCT_download/c5_wavefield_data/smoke64src_train20_val5/train/train_6.npz,1,267,20,0.40376901626586914,0.13715603947639465
5,/home/featurize/work/USCT_repro/USCT_download/c5_wavefield_data/smoke64src_train20_val5/train/train_6.npz,2,288,24,0.37996628880500793,0.12133866548538208
5,/home/featurize/work/USCT_repro/USCT_download/c5_wavefield_data/smoke64src_train20_val5/train/train_6.npz,3,309,30,0.347332626581192,0.12417422980070114
5,/home/featurize/work/USCT_repro/USCT_download/c5_wavefield_data/smoke64src_train20_val5/train/train_6.npz,4,329,37,0.32797518372535706,0.11402427405118942
5,/home/featurize/work/USCT_repro/USCT_download/c5_wavefield_data/smoke64src_train20_val5/train/train_6.npz,5,348,47,0.30957868695259094,0.10877422243356705
5,/home/featurize/work/USCT_repro/USCT_download/c5_wavefield_data/smoke64src_train20_val5/train/train_6.npz,6,366,58,0.29950717091560364,0.1010059341788292
5,/home/featurize/work/USCT_repro/USCT_download/c5_wavefield_data/smoke64src_train20_val5/train/train_6.npz,7,383,71,0.2779144048690796,0.09399184584617615
5,/home/featurize/work/USCT_repro/USCT_download/c5_wavefield_data/smoke64src_train20_val5/train/train_6.npz,8,398,85,0.26724737882614136,0.091596320271492
5,/home/featurize/work/USCT_repro/USCT_download/c5_wavefield_data/smoke64src_train20_val5/train/train_6.npz,9,412,101,0.27659618854522705,0.09452281892299652
5,/home/featurize/work/USCT_repro/USCT_download/c5_wavefield_data/smoke64src_train20_val5/train/train_6.npz,10,425,119,0.2801666855812073,0.09644526988267899
5,/home/featurize/work/USCT_repro/USCT_download/c5_wavefield_data/smoke64src_train20_val5/train/train_6.npz,11,436,137,0.30084940791130066,0.10334842652082443
5,/home/featurize/work/USCT_repro/USCT_download/c5_wavefield_data/smoke64src_train20_val5/train/train_6.npz,12,445,156,0.3039252460002899,0.09781273454427719
5,/home/featurize/work/USCT_repro/USCT_download/c5_wavefield_data/smoke64src_train20_val5/train/train_6.npz,13,452,176,0.3026670515537262,0.09488299489021301
5,/home/featurize/work/USCT_repro/USCT_download/c5_wavefield_data/smoke64src_train20_val5/train/train_6.npz,14,457,197,0.297456294298172,0.08779706805944443
5,/home/featurize/work/USCT_repro/USCT_download/c5_wavefield_data/smoke64src_train20_val5/train/train_6.npz,15,460,218,0.30564597249031067,0.09727250784635544
5,/home/featurize/work/USCT_repro/USCT_download/c5_wavefield_data/smoke64src_train20_val5/train/train_6.npz,16,461,245,0.32408666610717773,0.11211750656366348
5,/home/featurize/work/USCT_repro/USCT_download/c5_wavefield_data/smoke64src_train20_val5/train/train_6.npz,17,460,266,0.3411047160625458,0.11607904732227325
5,/home/featurize/work/USCT_repro/USCT_download/c5_wavefield_data/smoke64src_train20_val5/train/train_6.npz,18,456,287,0.3522818088531494,0.12014835327863693
5,/home/featurize/work/USCT_repro/USCT_download/c5_wavefield_data/smoke64src_train20_val5/train/train_6.npz,19,451,308,0.342829167842865,0.12422704696655273
5,/home/featurize/work/USCT_repro/USCT_download/c5_wavefield_data/smoke64src_train20_val5/train/train_6.npz,20,443,328,0.3342394232749939,0.12167783081531525
5,/home/featurize/work/USCT_repro/USCT_download/c5_wavefield_data/smoke64src_train20_val5/train/train_6.npz,21,434,347,0.33682695031166077,0.12803563475608826
5,/home/featurize/work/USCT_repro/USCT_download/c5_wavefield_data/smoke64src_train20_val5/train/train_6.npz,22,423,365,0.321349173784256,0.10956910997629166
5,/home/featurize/work/USCT_repro/USCT_download/c5_wavefield_data/smoke64src_train20_val5/train/train_6.npz,23,410,382,0.3518611192703247,0.1241912692785263
5,/home/featurize/work/USCT_repro/USCT_download/c5_wavefield_data/smoke64src_train20_val5/train/train_6.npz,24,395,397,0.33443713188171387,0.11230113357305527
5,/home/featurize/work/USCT_repro/USCT_download/c5_wavefield_data/smoke64src_train20_val5/train/train_6.npz,25,380,412,0.3663811981678009,0.12677744030952454
5,/home/featurize/work/USCT_repro/USCT_download/c5_wavefield_data/smoke64src_train20_val5/train/train_6.npz,26,362,424,0.35292649269104004,0.1300012618303299
5,/home/featurize/work/USCT_repro/USCT_download/c5_wavefield_data/smoke64src_train20_val5/train/train_6.npz,27,344,435,0.3463722765445709,0.12570969760417938
5,/home/featurize/work/USCT_repro/USCT_download/c5_wavefield_data/smoke64src_train20_val5/train/train_6.npz,28,325,444,0.3938729465007782,0.1528642177581787
5,/home/featurize/work/USCT_repro/USCT_download/c5_wavefield_data/smoke64src_train20_val5/train/train_6.npz,29,305,451,0.37941935658454895,0.12867166101932526
5,/home/featurize/work/USCT_repro/USCT_download/c5_wavefield_data/smoke64src_train20_val5/train/train_6.npz,30,284,457,0.3617822527885437,0.1274794489145279
5,/home/featurize/work/USCT_repro/USCT_download/c5_wavefield_data/smoke64src_train20_val5/train/train_6.npz,31,263,460,0.3405812382698059,0.11236598342657089
5,/home/featurize/work/USCT_repro/USCT_download/c5_wavefield_data/smoke64src_train20_val5/train/train_6.npz,32,235,461,0.32540106773376465,0.10659345239400864
5,/home/featurize/work/USCT_repro/USCT_download/c5_wavefield_data/smoke64src_train20_val5/train/train_6.npz,33,214,460,0.3293624222278595,0.11124830693006516
5,/home/featurize/work/USCT_repro/USCT_download/c5_wavefield_data/smoke64src_train20_val5/train/train_6.npz,34,193,456,0.30969029664993286,0.10622603446245193
5,/home/featurize/work/USCT_repro/USCT_download/c5_wavefield_data/smoke64src_train20_val5/train/train_6.npz,35,173,451,0.3224778175354004,0.11926989257335663
5,/home/featurize/work/USCT_repro/USCT_download/c5_wavefield_data/smoke64src_train20_val5/train/train_6.npz,36,153,443,0.33460545539855957,0.11796289682388306
5,/home/featurize/work/USCT_repro/USCT_download/c5_wavefield_data/smoke64src_train20_val5/train/train_6.npz,37,134,434,0.32889875769615173,0.11911136656999588
5,/home/featurize/work/USCT_repro/USCT_download/c5_wavefield_data/smoke64src_train20_val5/train/train_6.npz,38,115,423,0.3169616162776947,0.11250901967287064
5,/home/featurize/work/USCT_repro/USCT_download/c5_wavefield_data/smoke64src_train20_val5/train/train_6.npz,39,98,410,0.3169880509376526,0.11566094309091568
5,/home/featurize/work/USCT_repro/USCT_download/c5_wavefield_data/smoke64src_train20_val5/train/train_6.npz,40,83,396,0.2977660596370697,0.10554413497447968
5,/home/featurize/work/USCT_repro/USCT_download/c5_wavefield_data/smoke64src_train20_val5/train/train_6.npz,41,69,380,0.32907775044441223,0.11798392981290817
5,/home/featurize/work/USCT_repro/USCT_download/c5_wavefield_data/smoke64src_train20_val5/train/train_6.npz,42,56,363,0.3363383412361145,0.11648919433355331
5,/home/featurize/work/USCT_repro/USCT_download/c5_wavefield_data/smoke64src_train20_val5/train/train_6.npz,43,45,344,0.3410799205303192,0.12326771020889282
5,/home/featurize/work/USCT_repro/USCT_download/c5_wavefield_data/smoke64src_train20_val5/train/train_6.npz,44,36,325,0.34663844108581543,0.12993961572647095
5,/home/featurize/work/USCT_repro/USCT_download/c5_wavefield_data/smoke64src_train20_val5/train/train_6.npz,45,29,305,0.3507040739059448,0.13948941230773926
5,/home/featurize/work/USCT_repro/USCT_download/c5_wavefield_data/smoke64src_train20_val5/train/train_6.npz,46,23,285,0.33525916934013367,0.12208443135023117
5,/home/featurize/work/USCT_repro/USCT_download/c5_wavefield_data/smoke64src_train20_val5/train/train_6.npz,47,20,264,0.32714220881462097,0.12162595987319946
5,/home/featurize/work/USCT_repro/USCT_download/c5_wavefield_data/smoke64src_train20_val5/train/train_6.npz,48,19,236,0.33067888021469116,0.11718951910734177
5,/home/featurize/work/USCT_repro/USCT_download/c5_wavefield_data/smoke64src_train20_val5/train/train_6.npz,49,20,215,0.3339011073112488,0.11046381294727325
5,/home/featurize/work/USCT_repro/USCT_download/c5_wavefield_data/smoke64src_train20_val5/train/train_6.npz,50,24,194,0.31942230463027954,0.09996399283409119
5,/home/featurize/work/USCT_repro/USCT_download/c5_wavefield_data/smoke64src_train20_val5/train/train_6.npz,51,29,174,0.33243152499198914,0.10923837870359421
5,/home/featurize/work/USCT_repro/USCT_download/c5_wavefield_data/smoke64src_train20_val5/train/train_6.npz,52,36,154,0.33034706115722656,0.10713596642017365
5,/home/featurize/work/USCT_repro/USCT_download/c5_wavefield_data/smoke64src_train20_val5/train/train_6.npz,53,46,135,0.29549574851989746,0.10055369138717651
5,/home/featurize/work/USCT_repro/USCT_download/c5_wavefield_data/smoke64src_train20_val5/train/train_6.npz,54,57,116,0.2942843735218048,0.10065458714962006
5,/home/featurize/work/USCT_repro/USCT_download/c5_wavefield_data/smoke64src_train20_val5/train/train_6.npz,55,69,99,0.29853740334510803,0.10908836871385574
5,/home/featurize/work/USCT_repro/USCT_download/c5_wavefield_data/smoke64src_train20_val5/train/train_6.npz,56,84,84,0.29434463381767273,0.11099952459335327
5,/home/featurize/work/USCT_repro/USCT_download/c5_wavefield_data/smoke64src_train20_val5/train/train_6.npz,57,99,69,0.3136242628097534,0.11070508509874344
5,/home/featurize/work/USCT_repro/USCT_download/c5_wavefield_data/smoke64src_train20_val5/train/train_6.npz,58,116,57,0.31361123919487,0.11031723022460938
5,/home/featurize/work/USCT_repro/USCT_download/c5_wavefield_data/smoke64src_train20_val5/train/train_6.npz,59,135,46,0.3208996653556824,0.11611151695251465
5,/home/featurize/work/USCT_repro/USCT_download/c5_wavefield_data/smoke64src_train20_val5/train/train_6.npz,60,154,36,0.35947081446647644,0.12553048133850098
5,/home/featurize/work/USCT_repro/USCT_download/c5_wavefield_data/smoke64src_train20_val5/train/train_6.npz,61,174,29,0.3805997967720032,0.12730233371257782
5,/home/featurize/work/USCT_repro/USCT_download/c5_wavefield_data/smoke64src_train20_val5/train/train_6.npz,62,194,24,0.3917357325553894,0.13616609573364258
5,/home/featurize/work/USCT_repro/USCT_download/c5_wavefield_data/smoke64src_train20_val5/train/train_6.npz,63,215,20,0.394806832075119,0.14166207611560822
6,/home/featurize/work/USCT_repro/USCT_download/c5_wavefield_data/smoke64src_train20_val5/train/train_7.npz,0,246,19,0.32434508204460144,0.09806530177593231
6,/home/featurize/work/USCT_repro/USCT_download/c5_wavefield_data/smoke64src_train20_val5/train/train_7.npz,1,267,20,0.32216161489486694,0.1057879701256752
6,/home/featurize/work/USCT_repro/USCT_download/c5_wavefield_data/smoke64src_train20_val5/train/train_7.npz,2,288,24,0.3297901153564453,0.10516398400068283
6,/home/featurize/work/USCT_repro/USCT_download/c5_wavefield_data/smoke64src_train20_val5/train/train_7.npz,3,309,30,0.330640584230423,0.10974860936403275
6,/home/featurize/work/USCT_repro/USCT_download/c5_wavefield_data/smoke64src_train20_val5/train/train_7.npz,4,329,37,0.321066290140152,0.10797873139381409
6,/home/featurize/work/USCT_repro/USCT_download/c5_wavefield_data/smoke64src_train20_val5/train/train_7.npz,5,348,47,0.31274905800819397,0.10641433298587799
6,/home/featurize/work/USCT_repro/USCT_download/c5_wavefield_data/smoke64src_train20_val5/train/train_7.npz,6,366,58,0.31276795268058777,0.10373058170080185
6,/home/featurize/work/USCT_repro/USCT_download/c5_wavefield_data/smoke64src_train20_val5/train/train_7.npz,7,383,71,0.3192567229270935,0.11514081060886383
6,/home/featurize/work/USCT_repro/USCT_download/c5_wavefield_data/smoke64src_train20_val5/train/train_7.npz,8,398,85,0.326945960521698,0.11410883069038391
6,/home/featurize/work/USCT_repro/USCT_download/c5_wavefield_data/smoke64src_train20_val5/train/train_7.npz,9,412,101,0.34434452652931213,0.11820930242538452
6,/home/featurize/work/USCT_repro/USCT_download/c5_wavefield_data/smoke64src_train20_val5/train/train_7.npz,10,425,119,0.3570467233657837,0.11596646159887314
6,/home/featurize/work/USCT_repro/USCT_download/c5_wavefield_data/smoke64src_train20_val5/train/train_7.npz,11,436,137,0.37613973021507263,0.12553487718105316
6,/home/featurize/work/USCT_repro/USCT_download/c5_wavefield_data/smoke64src_train20_val5/train/train_7.npz,12,445,156,0.37991249561309814,0.11614027619361877
6,/home/featurize/work/USCT_repro/USCT_download/c5_wavefield_data/smoke64src_train20_val5/train/train_7.npz,13,452,176,0.37409350275993347,0.12909464538097382
6,/home/featurize/work/USCT_repro/USCT_download/c5_wavefield_data/smoke64src_train20_val5/train/train_7.npz,14,457,197,0.3694196045398712,0.1227705180644989
6,/home/featurize/work/USCT_repro/USCT_download/c5_wavefield_data/smoke64src_train20_val5/train/train_7.npz,15,460,218,0.3836132884025574,0.12516988813877106
6,/home/featurize/work/USCT_repro/USCT_download/c5_wavefield_data/smoke64src_train20_val5/train/train_7.npz,16,461,245,0.40491676330566406,0.12992992997169495
6,/home/featurize/work/USCT_repro/USCT_download/c5_wavefield_data/smoke64src_train20_val5/train/train_7.npz,17,460,266,0.4309585392475128,0.13562186062335968
6,/home/featurize/work/USCT_repro/USCT_download/c5_wavefield_data/smoke64src_train20_val5/train/train_7.npz,18,456,287,0.4434465765953064,0.1344040185213089
6,/home/featurize/work/USCT_repro/USCT_download/c5_wavefield_data/smoke64src_train20_val5/train/train_7.npz,19,451,308,0.42364728450775146,0.12557744979858398
6,/home/featurize/work/USCT_repro/USCT_download/c5_wavefield_data/smoke64src_train20_val5/train/train_7.npz,20,443,328,0.38822442293167114,0.12723764777183533
6,/home/featurize/work/USCT_repro/USCT_download/c5_wavefield_data/smoke64src_train20_val5/train/train_7.npz,21,434,347,0.3502379357814789,0.11187664419412613
6,/home/featurize/work/USCT_repro/USCT_download/c5_wavefield_data/smoke64src_train20_val5/train/train_7.npz,22,423,365,0.32610028982162476,0.10428471863269806
6,/home/featurize/work/USCT_repro/USCT_download/c5_wavefield_data/smoke64src_train20_val5/train/train_7.npz,23,410,382,0.3086090087890625,0.0981377437710762
6,/home/featurize/work/USCT_repro/USCT_download/c5_wavefield_data/smoke64src_train20_val5/train/train_7.npz,24,395,397,0.3002670407295227,0.09617741405963898
6,/home/featurize/work/USCT_repro/USCT_download/c5_wavefield_data/smoke64src_train20_val5/train/train_7.npz,25,380,412,0.3031715452671051,0.0972209945321083
6,/home/featurize/work/USCT_repro/USCT_download/c5_wavefield_data/smoke64src_train20_val5/train/train_7.npz,26,362,424,0.3264446556568146,0.10317201912403107
6,/home/featurize/work/USCT_repro/USCT_download/c5_wavefield_data/smoke64src_train20_val5/train/train_7.npz,27,344,435,0.34205976128578186,0.11547364294528961
6,/home/featurize/work/USCT_repro/USCT_download/c5_wavefield_data/smoke64src_train20_val5/train/train_7.npz,28,325,444,0.3423352539539337,0.10710205882787704
6,/home/featurize/work/USCT_repro/USCT_download/c5_wavefield_data/smoke64src_train20_val5/train/train_7.npz,29,305,451,0.3365040123462677,0.1110031008720398
6,/home/featurize/work/USCT_repro/USCT_download/c5_wavefield_data/smoke64src_train20_val5/train/train_7.npz,30,284,457,0.3299720585346222,0.1057090163230896
6,/home/featurize/work/USCT_repro/USCT_download/c5_wavefield_data/smoke64src_train20_val5/train/train_7.npz,31,263,460,0.32427406311035156,0.09744342416524887
6,/home/featurize/work/USCT_repro/USCT_download/c5_wavefield_data/smoke64src_train20_val5/train/train_7.npz,32,235,461,0.32747286558151245,0.10333821922540665
6,/home/featurize/work/USCT_repro/USCT_download/c5_wavefield_data/smoke64src_train20_val5/train/train_7.npz,33,214,460,0.3525647521018982,0.11123591661453247
6,/home/featurize/work/USCT_repro/USCT_download/c5_wavefield_data/smoke64src_train20_val5/train/train_7.npz,34,193,456,0.36713752150535583,0.11383698880672455
6,/home/featurize/work/USCT_repro/USCT_download/c5_wavefield_data/smoke64src_train20_val5/train/train_7.npz,35,173,451,0.37522628903388977,0.11479740589857101
6,/home/featurize/work/USCT_repro/USCT_download/c5_wavefield_data/smoke64src_train20_val5/train/train_7.npz,36,153,443,0.3521726131439209,0.12445221096277237
6,/home/featurize/work/USCT_repro/USCT_download/c5_wavefield_data/smoke64src_train20_val5/train/train_7.npz,37,134,434,0.35099440813064575,0.11757531762123108
6,/home/featurize/work/USCT_repro/USCT_download/c5_wavefield_data/smoke64src_train20_val5/train/train_7.npz,38,115,423,0.3762246072292328,0.11205161362886429
6,/home/featurize/work/USCT_repro/USCT_download/c5_wavefield_data/smoke64src_train20_val5/train/train_7.npz,39,98,410,0.38875266909599304,0.13237929344177246
6,/home/featurize/work/USCT_repro/USCT_download/c5_wavefield_data/smoke64src_train20_val5/train/train_7.npz,40,83,396,0.3945408761501312,0.13692662119865417
6,/home/featurize/work/USCT_repro/USCT_download/c5_wavefield_data/smoke64src_train20_val5/train/train_7.npz,41,69,380,0.4143889546394348,0.1426301747560501
6,/home/featurize/work/USCT_repro/USCT_download/c5_wavefield_data/smoke64src_train20_val5/train/train_7.npz,42,56,363,0.419084370136261,0.1378379911184311
6,/home/featurize/work/USCT_repro/USCT_download/c5_wavefield_data/smoke64src_train20_val5/train/train_7.npz,43,45,344,0.3959091901779175,0.13020096719264984
6,/home/featurize/work/USCT_repro/USCT_download/c5_wavefield_data/smoke64src_train20_val5/train/train_7.npz,44,36,325,0.4026251435279846,0.1420852243900299
6,/home/featurize/work/USCT_repro/USCT_download/c5_wavefield_data/smoke64src_train20_val5/train/train_7.npz,45,29,305,0.3933303952217102,0.134230837225914
6,/home/featurize/work/USCT_repro/USCT_download/c5_wavefield_data/smoke64src_train20_val5/train/train_7.npz,46,23,285,0.40245434641838074,0.14528118073940277
6,/home/featurize/work/USCT_repro/USCT_download/c5_wavefield_data/smoke64src_train20_val5/train/train_7.npz,47,20,264,0.37314531207084656,0.1321321725845337
6,/home/featurize/work/USCT_repro/USCT_download/c5_wavefield_data/smoke64src_train20_val5/train/train_7.npz,48,19,236,0.342667818069458,0.11189598590135574
6,/home/featurize/work/USCT_repro/USCT_download/c5_wavefield_data/smoke64src_train20_val5/train/train_7.npz,49,20,215,0.3666341006755829,0.11951266974210739
6,/home/featurize/work/USCT_repro/USCT_download/c5_wavefield_data/smoke64src_train20_val5/train/train_7.npz,50,24,194,0.370965838432312,0.11180952936410904
6,/home/featurize/work/USCT_repro/USCT_download/c5_wavefield_data/smoke64src_train20_val5/train/train_7.npz,51,29,174,0.367963582277298,0.12329008430242538
6,/home/featurize/work/USCT_repro/USCT_download/c5_wavefield_data/smoke64src_train20_val5/train/train_7.npz,52,36,154,0.35761308670043945,0.11307170242071152
6,/home/featurize/work/USCT_repro/USCT_download/c5_wavefield_data/smoke64src_train20_val5/train/train_7.npz,53,46,135,0.3582704961299896,0.12155023962259293
6,/home/featurize/work/USCT_repro/USCT_download/c5_wavefield_data/smoke64src_train20_val5/train/train_7.npz,54,57,116,0.3711942434310913,0.12170059233903885
6,/home/featurize/work/USCT_repro/USCT_download/c5_wavefield_data/smoke64src_train20_val5/train/train_7.npz,55,69,99,0.36593249440193176,0.129885733127594
6,/home/featurize/work/USCT_repro/USCT_download/c5_wavefield_data/smoke64src_train20_val5/train/train_7.npz,56,84,84,0.345591276884079,0.11877825856208801
6,/home/featurize/work/USCT_repro/USCT_download/c5_wavefield_data/smoke64src_train20_val5/train/train_7.npz,57,99,69,0.33811187744140625,0.11897992342710495
6,/home/featurize/work/USCT_repro/USCT_download/c5_wavefield_data/smoke64src_train20_val5/train/train_7.npz,58,116,57,0.32806289196014404,0.10814015567302704
6,/home/featurize/work/USCT_repro/USCT_download/c5_wavefield_data/smoke64src_train20_val5/train/train_7.npz,59,135,46,0.32744941115379333,0.1143939420580864
6,/home/featurize/work/USCT_repro/USCT_download/c5_wavefield_data/smoke64src_train20_val5/train/train_7.npz,60,154,36,0.34748145937919617,0.12277062237262726
6,/home/featurize/work/USCT_repro/USCT_download/c5_wavefield_data/smoke64src_train20_val5/train/train_7.npz,61,174,29,0.3574214577674866,0.11410274356603622
6,/home/featurize/work/USCT_repro/USCT_download/c5_wavefield_data/smoke64src_train20_val5/train/train_7.npz,62,194,24,0.3489772379398346,0.11076876521110535
6,/home/featurize/work/USCT_repro/USCT_download/c5_wavefield_data/smoke64src_train20_val5/train/train_7.npz,63,215,20,0.34186720848083496,0.10096962749958038
7,/home/featurize/work/USCT_repro/USCT_download/c5_wavefield_data/smoke64src_train20_val5/train/train_8.npz,0,246,19,0.5570699572563171,0.1728242188692093
7,/home/featurize/work/USCT_repro/USCT_download/c5_wavefield_data/smoke64src_train20_val5/train/train_8.npz,1,267,20,0.5543333292007446,0.1783580183982849
7,/home/featurize/work/USCT_repro/USCT_download/c5_wavefield_data/smoke64src_train20_val5/train/train_8.npz,2,288,24,0.5539417862892151,0.18394383788108826
7,/home/featurize/work/USCT_repro/USCT_download/c5_wavefield_data/smoke64src_train20_val5/train/train_8.npz,3,309,30,0.552692711353302,0.17090988159179688
7,/home/featurize/work/USCT_repro/USCT_download/c5_wavefield_data/smoke64src_train20_val5/train/train_8.npz,4,329,37,0.5411569476127625,0.18877899646759033
7,/home/featurize/work/USCT_repro/USCT_download/c5_wavefield_data/smoke64src_train20_val5/train/train_8.npz,5,348,47,0.538998544216156,0.1773335039615631
7,/home/featurize/work/USCT_repro/USCT_download/c5_wavefield_data/smoke64src_train20_val5/train/train_8.npz,6,366,58,0.5205824971199036,0.1661139279603958
7,/home/featurize/work/USCT_repro/USCT_download/c5_wavefield_data/smoke64src_train20_val5/train/train_8.npz,7,383,71,0.5215556621551514,0.19043239951133728
7,/home/featurize/work/USCT_repro/USCT_download/c5_wavefield_data/smoke64src_train20_val5/train/train_8.npz,8,398,85,0.5218442678451538,0.17346356809139252
7,/home/featurize/work/USCT_repro/USCT_download/c5_wavefield_data/smoke64src_train20_val5/train/train_8.npz,9,412,101,0.5325852632522583,0.17232359945774078
7,/home/featurize/work/USCT_repro/USCT_download/c5_wavefield_data/smoke64src_train20_val5/train/train_8.npz,10,425,119,0.546542763710022,0.1838492751121521
7,/home/featurize/work/USCT_repro/USCT_download/c5_wavefield_data/smoke64src_train20_val5/train/train_8.npz,11,436,137,0.5354747176170349,0.17230258882045746
7,/home/featurize/work/USCT_repro/USCT_download/c5_wavefield_data/smoke64src_train20_val5/train/train_8.npz,12,445,156,0.5477263927459717,0.1699901968240738
7,/home/featurize/work/USCT_repro/USCT_download/c5_wavefield_data/smoke64src_train20_val5/train/train_8.npz,13,452,176,0.5685895085334778,0.1642354130744934
7,/home/featurize/work/USCT_repro/USCT_download/c5_wavefield_data/smoke64src_train20_val5/train/train_8.npz,14,457,197,0.5919820666313171,0.17669309675693512
7,/home/featurize/work/USCT_repro/USCT_download/c5_wavefield_data/smoke64src_train20_val5/train/train_8.npz,15,460,218,0.5957552194595337,0.17764417827129364
7,/home/featurize/work/USCT_repro/USCT_download/c5_wavefield_data/smoke64src_train20_val5/train/train_8.npz,16,461,245,0.5954756736755371,0.1636837273836136
7,/home/featurize/work/USCT_repro/USCT_download/c5_wavefield_data/smoke64src_train20_val5/train/train_8.npz,17,460,266,0.5971503257751465,0.16673599183559418
7,/home/featurize/work/USCT_repro/USCT_download/c5_wavefield_data/smoke64src_train20_val5/train/train_8.npz,18,456,287,0.6134746074676514,0.18230123817920685
7,/home/featurize/work/USCT_repro/USCT_download/c5_wavefield_data/smoke64src_train20_val5/train/train_8.npz,19,451,308,0.6326878666877747,0.18877938389778137
7,/home/featurize/work/USCT_repro/USCT_download/c5_wavefield_data/smoke64src_train20_val5/train/train_8.npz,20,443,328,0.6398434638977051,0.17685376107692719
7,/home/featurize/work/USCT_repro/USCT_download/c5_wavefield_data/smoke64src_train20_val5/train/train_8.npz,21,434,347,0.6322605609893799,0.18095046281814575
7,/home/featurize/work/USCT_repro/USCT_download/c5_wavefield_data/smoke64src_train20_val5/train/train_8.npz,22,423,365,0.6069931387901306,0.17401553690433502
7,/home/featurize/work/USCT_repro/USCT_download/c5_wavefield_data/smoke64src_train20_val5/train/train_8.npz,23,410,382,0.6071834564208984,0.19034360349178314
7,/home/featurize/work/USCT_repro/USCT_download/c5_wavefield_data/smoke64src_train20_val5/train/train_8.npz,24,395,397,0.5868587493896484,0.1800030767917633
7,/home/featurize/work/USCT_repro/USCT_download/c5_wavefield_data/smoke64src_train20_val5/train/train_8.npz,25,380,412,0.5885716676712036,0.18895411491394043
7,/home/featurize/work/USCT_repro/USCT_download/c5_wavefield_data/smoke64src_train20_val5/train/train_8.npz,26,362,424,0.5928173065185547,0.2070128619670868
7,/home/featurize/work/USCT_repro/USCT_download/c5_wavefield_data/smoke64src_train20_val5/train/train_8.npz,27,344,435,0.576765239238739,0.19245010614395142
7,/home/featurize/work/USCT_repro/USCT_download/c5_wavefield_data/smoke64src_train20_val5/train/train_8.npz,28,325,444,0.5793916583061218,0.18641890585422516
7,/home/featurize/work/USCT_repro/USCT_download/c5_wavefield_data/smoke64src_train20_val5/train/train_8.npz,29,305,451,0.5799500346183777,0.1781405359506607
7,/home/featurize/work/USCT_repro/USCT_download/c5_wavefield_data/smoke64src_train20_val5/train/train_8.npz,30,284,457,0.5512053370475769,0.17826279997825623
7,/home/featurize/work/USCT_repro/USCT_download/c5_wavefield_data/smoke64src_train20_val5/train/train_8.npz,31,263,460,0.5276604294776917,0.1564396619796753
7,/home/featurize/work/USCT_repro/USCT_download/c5_wavefield_data/smoke64src_train20_val5/train/train_8.npz,32,235,461,0.5319944024085999,0.15902885794639587
7,/home/featurize/work/USCT_repro/USCT_download/c5_wavefield_data/smoke64src_train20_val5/train/train_8.npz,33,214,460,0.5560544729232788,0.17583324015140533
7,/home/featurize/work/USCT_repro/USCT_download/c5_wavefield_data/smoke64src_train20_val5/train/train_8.npz,34,193,456,0.5744068026542664,0.15658904612064362
7,/home/featurize/work/USCT_repro/USCT_download/c5_wavefield_data/smoke64src_train20_val5/train/train_8.npz,35,173,451,0.564350962638855,0.15025858581066132
7,/home/featurize/work/USCT_repro/USCT_download/c5_wavefield_data/smoke64src_train20_val5/train/train_8.npz,36,153,443,0.5553086400032043,0.15426966547966003
7,/home/featurize/work/USCT_repro/USCT_download/c5_wavefield_data/smoke64src_train20_val5/train/train_8.npz,37,134,434,0.5621024370193481,0.1670842468738556
7,/home/featurize/work/USCT_repro/USCT_download/c5_wavefield_data/smoke64src_train20_val5/train/train_8.npz,38,115,423,0.5346345901489258,0.18320707976818085
7,/home/featurize/work/USCT_repro/USCT_download/c5_wavefield_data/smoke64src_train20_val5/train/train_8.npz,39,98,410,0.5402951836585999,0.1723184734582901
7,/home/featurize/work/USCT_repro/USCT_download/c5_wavefield_data/smoke64src_train20_val5/train/train_8.npz,40,83,396,0.5625391006469727,0.1906467229127884
7,/home/featurize/work/USCT_repro/USCT_download/c5_wavefield_data/smoke64src_train20_val5/train/train_8.npz,41,69,380,0.6111791133880615,0.18835832178592682
7,/home/featurize/work/USCT_repro/USCT_download/c5_wavefield_data/smoke64src_train20_val5/train/train_8.npz,42,56,363,0.6421121954917908,0.18547946214675903
7,/home/featurize/work/USCT_repro/USCT_download/c5_wavefield_data/smoke64src_train20_val5/train/train_8.npz,43,45,344,0.6614730954170227,0.18357732892036438
7,/home/featurize/work/USCT_repro/USCT_download/c5_wavefield_data/smoke64src_train20_val5/train/train_8.npz,44,36,325,0.6617807745933533,0.19585995376110077
7,/home/featurize/work/USCT_repro/USCT_download/c5_wavefield_data/smoke64src_train20_val5/train/train_8.npz,45,29,305,0.6831278204917908,0.19310173392295837
7,/home/featurize/work/USCT_repro/USCT_download/c5_wavefield_data/smoke64src_train20_val5/train/train_8.npz,46,23,285,0.6546213030815125,0.20421716570854187
7,/home/featurize/work/USCT_repro/USCT_download/c5_wavefield_data/smoke64src_train20_val5/train/train_8.npz,47,20,264,0.6242022514343262,0.18328195810317993
7,/home/featurize/work/USCT_repro/USCT_download/c5_wavefield_data/smoke64src_train20_val5/train/train_8.npz,48,19,236,0.597084641456604,0.1778724491596222
7,/home/featurize/work/USCT_repro/USCT_download/c5_wavefield_data/smoke64src_train20_val5/train/train_8.npz,49,20,215,0.625372052192688,0.1958465278148651
7,/home/featurize/work/USCT_repro/USCT_download/c5_wavefield_data/smoke64src_train20_val5/train/train_8.npz,50,24,194,0.6409453749656677,0.1990080177783966
7,/home/featurize/work/USCT_repro/USCT_download/c5_wavefield_data/smoke64src_train20_val5/train/train_8.npz,51,29,174,0.6404901742935181,0.18623919785022736
7,/home/featurize/work/USCT_repro/USCT_download/c5_wavefield_data/smoke64src_train20_val5/train/train_8.npz,52,36,154,0.6517676711082458,0.19532357156276703
7,/home/featurize/work/USCT_repro/USCT_download/c5_wavefield_data/smoke64src_train20_val5/train/train_8.npz,53,46,135,0.6189380288124084,0.17977894842624664
7,/home/featurize/work/USCT_repro/USCT_download/c5_wavefield_data/smoke64src_train20_val5/train/train_8.npz,54,57,116,0.607593834400177,0.17854559421539307
7,/home/featurize/work/USCT_repro/USCT_download/c5_wavefield_data/smoke64src_train20_val5/train/train_8.npz,55,69,99,0.559685468673706,0.16647718846797943
7,/home/featurize/work/USCT_repro/USCT_download/c5_wavefield_data/smoke64src_train20_val5/train/train_8.npz,56,84,84,0.5602642893791199,0.16768762469291687
7,/home/featurize/work/USCT_repro/USCT_download/c5_wavefield_data/smoke64src_train20_val5/train/train_8.npz,57,99,69,0.5716866850852966,0.1622479259967804
7,/home/featurize/work/USCT_repro/USCT_download/c5_wavefield_data/smoke64src_train20_val5/train/train_8.npz,58,116,57,0.581870973110199,0.17003704607486725
7,/home/featurize/work/USCT_repro/USCT_download/c5_wavefield_data/smoke64src_train20_val5/train/train_8.npz,59,135,46,0.6010769009590149,0.18947924673557281
7,/home/featurize/work/USCT_repro/USCT_download/c5_wavefield_data/smoke64src_train20_val5/train/train_8.npz,60,154,36,0.6107540130615234,0.20639275014400482
7,/home/featurize/work/USCT_repro/USCT_download/c5_wavefield_data/smoke64src_train20_val5/train/train_8.npz,61,174,29,0.5958486199378967,0.18275590240955353
7,/home/featurize/work/USCT_repro/USCT_download/c5_wavefield_data/smoke64src_train20_val5/train/train_8.npz,62,194,24,0.5700434446334839,0.15652061998844147
7,/home/featurize/work/USCT_repro/USCT_download/c5_wavefield_data/smoke64src_train20_val5/train/train_8.npz,63,215,20,0.5603246688842773,0.17458678781986237
8,/home/featurize/work/USCT_repro/USCT_download/c5_wavefield_data/smoke64src_train20_val5/train/train_9.npz,0,246,19,0.3728618919849396,0.10840576142072678
8,/home/featurize/work/USCT_repro/USCT_download/c5_wavefield_data/smoke64src_train20_val5/train/train_9.npz,1,267,20,0.39146167039871216,0.12012208253145218
8,/home/featurize/work/USCT_repro/USCT_download/c5_wavefield_data/smoke64src_train20_val5/train/train_9.npz,2,288,24,0.4261170029640198,0.1306902915239334
8,/home/featurize/work/USCT_repro/USCT_download/c5_wavefield_data/smoke64src_train20_val5/train/train_9.npz,3,309,30,0.4268246591091156,0.13778559863567352
8,/home/featurize/work/USCT_repro/USCT_download/c5_wavefield_data/smoke64src_train20_val5/train/train_9.npz,4,329,37,0.42326483130455017,0.13087663054466248
8,/home/featurize/work/USCT_repro/USCT_download/c5_wavefield_data/smoke64src_train20_val5/train/train_9.npz,5,348,47,0.4163682162761688,0.12185034900903702
8,/home/featurize/work/USCT_repro/USCT_download/c5_wavefield_data/smoke64src_train20_val5/train/train_9.npz,6,366,58,0.43051451444625854,0.13589659333229065
8,/home/featurize/work/USCT_repro/USCT_download/c5_wavefield_data/smoke64src_train20_val5/train/train_9.npz,7,383,71,0.4673609733581543,0.15668725967407227
8,/home/featurize/work/USCT_repro/USCT_download/c5_wavefield_data/smoke64src_train20_val5/train/train_9.npz,8,398,85,0.4619373679161072,0.16292598843574524
8,/home/featurize/work/USCT_repro/USCT_download/c5_wavefield_data/smoke64src_train20_val5/train/train_9.npz,9,412,101,0.44277146458625793,0.16580606997013092
8,/home/featurize/work/USCT_repro/USCT_download/c5_wavefield_data/smoke64src_train20_val5/train/train_9.npz,10,425,119,0.4496724009513855,0.17031273245811462
8,/home/featurize/work/USCT_repro/USCT_download/c5_wavefield_data/smoke64src_train20_val5/train/train_9.npz,11,436,137,0.4758162796497345,0.16812531650066376
8,/home/featurize/work/USCT_repro/USCT_download/c5_wavefield_data/smoke64src_train20_val5/train/train_9.npz,12,445,156,0.479584664106369,0.16223569214344025
8,/home/featurize/work/USCT_repro/USCT_download/c5_wavefield_data/smoke64src_train20_val5/train/train_9.npz,13,452,176,0.475532203912735,0.15396635234355927
8,/home/featurize/work/USCT_repro/USCT_download/c5_wavefield_data/smoke64src_train20_val5/train/train_9.npz,14,457,197,0.4560638666152954,0.14866779744625092
8,/home/featurize/work/USCT_repro/USCT_download/c5_wavefield_data/smoke64src_train20_val5/train/train_9.npz,15,460,218,0.45726779103279114,0.15207961201667786
8,/home/featurize/work/USCT_repro/USCT_download/c5_wavefield_data/smoke64src_train20_val5/train/train_9.npz,16,461,245,0.43486183881759644,0.14400134980678558
8,/home/featurize/work/USCT_repro/USCT_download/c5_wavefield_data/smoke64src_train20_val5/train/train_9.npz,17,460,266,0.4251314699649811,0.15077368915081024
8,/home/featurize/work/USCT_repro/USCT_download/c5_wavefield_data/smoke64src_train20_val5/train/train_9.npz,18,456,287,0.409187912940979,0.1421433985233307
8,/home/featurize/work/USCT_repro/USCT_download/c5_wavefield_data/smoke64src_train20_val5/train/train_9.npz,19,451,308,0.41063016653060913,0.1431332677602768
8,/home/featurize/work/USCT_repro/USCT_download/c5_wavefield_data/smoke64src_train20_val5/train/train_9.npz,20,443,328,0.436978816986084,0.14727866649627686
8,/home/featurize/work/USCT_repro/USCT_download/c5_wavefield_data/smoke64src_train20_val5/train/train_9.npz,21,434,347,0.4376349449157715,0.15407957136631012
8,/home/featurize/work/USCT_repro/USCT_download/c5_wavefield_data/smoke64src_train20_val5/train/train_9.npz,22,423,365,0.44562336802482605,0.16168111562728882
8,/home/featurize/work/USCT_repro/USCT_download/c5_wavefield_data/smoke64src_train20_val5/train/train_9.npz,23,410,382,0.4287151098251343,0.1492767035961151
8,/home/featurize/work/USCT_repro/USCT_download/c5_wavefield_data/smoke64src_train20_val5/train/train_9.npz,24,395,397,0.40551865100860596,0.142155721783638
8,/home/featurize/work/USCT_repro/USCT_download/c5_wavefield_data/smoke64src_train20_val5/train/train_9.npz,25,380,412,0.40137892961502075,0.14074775576591492
8,/home/featurize/work/USCT_repro/USCT_download/c5_wavefield_data/smoke64src_train20_val5/train/train_9.npz,26,362,424,0.4036484360694885,0.14004264771938324
8,/home/featurize/work/USCT_repro/USCT_download/c5_wavefield_data/smoke64src_train20_val5/train/train_9.npz,27,344,435,0.393678218126297,0.12970580160617828
8,/home/featurize/work/USCT_repro/USCT_download/c5_wavefield_data/smoke64src_train20_val5/train/train_9.npz,28,325,444,0.39795446395874023,0.12861520051956177
8,/home/featurize/work/USCT_repro/USCT_download/c5_wavefield_data/smoke64src_train20_val5/train/train_9.npz,29,305,451,0.3976472020149231,0.12548960745334625
8,/home/featurize/work/USCT_repro/USCT_download/c5_wavefield_data/smoke64src_train20_val5/train/train_9.npz,30,284,457,0.3907793462276459,0.12898574769496918
8,/home/featurize/work/USCT_repro/USCT_download/c5_wavefield_data/smoke64src_train20_val5/train/train_9.npz,31,263,460,0.38052335381507874,0.13073799014091492
8,/home/featurize/work/USCT_repro/USCT_download/c5_wavefield_data/smoke64src_train20_val5/train/train_9.npz,32,235,461,0.36454764008522034,0.11626278609037399
8,/home/featurize/work/USCT_repro/USCT_download/c5_wavefield_data/smoke64src_train20_val5/train/train_9.npz,33,214,460,0.34959036111831665,0.11528780311346054
8,/home/featurize/work/USCT_repro/USCT_download/c5_wavefield_data/smoke64src_train20_val5/train/train_9.npz,34,193,456,0.35094428062438965,0.12132160365581512
8,/home/featurize/work/USCT_repro/USCT_download/c5_wavefield_data/smoke64src_train20_val5/train/train_9.npz,35,173,451,0.36879128217697144,0.12594762444496155
8,/home/featurize/work/USCT_repro/USCT_download/c5_wavefield_data/smoke64src_train20_val5/train/train_9.npz,36,153,443,0.371613472700119,0.12850089371204376
8,/home/featurize/work/USCT_repro/USCT_download/c5_wavefield_data/smoke64src_train20_val5/train/train_9.npz,37,134,434,0.37114548683166504,0.12889952957630157
8,/home/featurize/work/USCT_repro/USCT_download/c5_wavefield_data/smoke64src_train20_val5/train/train_9.npz,38,115,423,0.3799826204776764,0.13483640551567078
8,/home/featurize/work/USCT_repro/USCT_download/c5_wavefield_data/smoke64src_train20_val5/train/train_9.npz,39,98,410,0.3831597864627838,0.14952582120895386
8,/home/featurize/work/USCT_repro/USCT_download/c5_wavefield_data/smoke64src_train20_val5/train/train_9.npz,40,83,396,0.38336867094039917,0.13988043367862701
8,/home/featurize/work/USCT_repro/USCT_download/c5_wavefield_data/smoke64src_train20_val5/train/train_9.npz,41,69,380,0.4140453636646271,0.14049112796783447
8,/home/featurize/work/USCT_repro/USCT_download/c5_wavefield_data/smoke64src_train20_val5/train/train_9.npz,42,56,363,0.4439319670200348,0.15313151478767395
8,/home/featurize/work/USCT_repro/USCT_download/c5_wavefield_data/smoke64src_train20_val5/train/train_9.npz,43,45,344,0.4507913589477539,0.14746926724910736
8,/home/featurize/work/USCT_repro/USCT_download/c5_wavefield_data/smoke64src_train20_val5/train/train_9.npz,44,36,325,0.45628687739372253,0.15406616032123566
8,/home/featurize/work/USCT_repro/USCT_download/c5_wavefield_data/smoke64src_train20_val5/train/train_9.npz,45,29,305,0.4561047852039337,0.14897508919239044
8,/home/featurize/work/USCT_repro/USCT_download/c5_wavefield_data/smoke64src_train20_val5/train/train_9.npz,46,23,285,0.4768964648246765,0.17379385232925415
8,/home/featurize/work/USCT_repro/USCT_download/c5_wavefield_data/smoke64src_train20_val5/train/train_9.npz,47,20,264,0.4635954797267914,0.15916995704174042
8,/home/featurize/work/USCT_repro/USCT_download/c5_wavefield_data/smoke64src_train20_val5/train/train_9.npz,48,19,236,0.488545686006546,0.15505070984363556
8,/home/featurize/work/USCT_repro/USCT_download/c5_wavefield_data/smoke64src_train20_val5/train/train_9.npz,49,20,215,0.5151339173316956,0.17043112218379974
8,/home/featurize/work/USCT_repro/USCT_download/c5_wavefield_data/smoke64src_train20_val5/train/train_9.npz,50,24,194,0.5108481645584106,0.14992593228816986
8,/home/featurize/work/USCT_repro/USCT_download/c5_wavefield_data/smoke64src_train20_val5/train/train_9.npz,51,29,174,0.47057464718818665,0.16107077896595
8,/home/featurize/work/USCT_repro/USCT_download/c5_wavefield_data/smoke64src_train20_val5/train/train_9.npz,52,36,154,0.4034108519554138,0.12602880597114563
8,/home/featurize/work/USCT_repro/USCT_download/c5_wavefield_data/smoke64src_train20_val5/train/train_9.npz,53,46,135,0.36125022172927856,0.12162759155035019
8,/home/featurize/work/USCT_repro/USCT_download/c5_wavefield_data/smoke64src_train20_val5/train/train_9.npz,54,57,116,0.3663564920425415,0.13204842805862427
8,/home/featurize/work/USCT_repro/USCT_download/c5_wavefield_data/smoke64src_train20_val5/train/train_9.npz,55,69,99,0.3601446747779846,0.13408540189266205
8,/home/featurize/work/USCT_repro/USCT_download/c5_wavefield_data/smoke64src_train20_val5/train/train_9.npz,56,84,84,0.36839646100997925,0.12706418335437775
8,/home/featurize/work/USCT_repro/USCT_download/c5_wavefield_data/smoke64src_train20_val5/train/train_9.npz,57,99,69,0.3620840609073639,0.11351931840181351
8,/home/featurize/work/USCT_repro/USCT_download/c5_wavefield_data/smoke64src_train20_val5/train/train_9.npz,58,116,57,0.3520900309085846,0.11641720682382584
8,/home/featurize/work/USCT_repro/USCT_download/c5_wavefield_data/smoke64src_train20_val5/train/train_9.npz,59,135,46,0.3421558439731598,0.11853375285863876
8,/home/featurize/work/USCT_repro/USCT_download/c5_wavefield_data/smoke64src_train20_val5/train/train_9.npz,60,154,36,0.3451750576496124,0.11985340714454651
8,/home/featurize/work/USCT_repro/USCT_download/c5_wavefield_data/smoke64src_train20_val5/train/train_9.npz,61,174,29,0.34164121747016907,0.1154162734746933
8,/home/featurize/work/USCT_repro/USCT_download/c5_wavefield_data/smoke64src_train20_val5/train/train_9.npz,62,194,24,0.3445098102092743,0.10596529394388199
8,/home/featurize/work/USCT_repro/USCT_download/c5_wavefield_data/smoke64src_train20_val5/train/train_9.npz,63,215,20,0.3562892973423004,0.10228992998600006
9,/home/featurize/work/USCT_repro/USCT_download/c5_wavefield_data/smoke64src_train20_val5/train/train_10.npz,0,246,19,0.3830779492855072,0.11838700622320175
9,/home/featurize/work/USCT_repro/USCT_download/c5_wavefield_data/smoke64src_train20_val5/train/train_10.npz,1,267,20,0.40013134479522705,0.12084201723337173
9,/home/featurize/work/USCT_repro/USCT_download/c5_wavefield_data/smoke64src_train20_val5/train/train_10.npz,2,288,24,0.39677828550338745,0.11807626485824585
9,/home/featurize/work/USCT_repro/USCT_download/c5_wavefield_data/smoke64src_train20_val5/train/train_10.npz,3,309,30,0.3750496208667755,0.12934885919094086
9,/home/featurize/work/USCT_repro/USCT_download/c5_wavefield_data/smoke64src_train20_val5/train/train_10.npz,4,329,37,0.3382342457771301,0.11552146077156067
9,/home/featurize/work/USCT_repro/USCT_download/c5_wavefield_data/smoke64src_train20_val5/train/train_10.npz,5,348,47,0.30457720160484314,0.10359448939561844
9,/home/featurize/work/USCT_repro/USCT_download/c5_wavefield_data/smoke64src_train20_val5/train/train_10.npz,6,366,58,0.278892457485199,0.09110132604837418
9,/home/featurize/work/USCT_repro/USCT_download/c5_wavefield_data/smoke64src_train20_val5/train/train_10.npz,7,383,71,0.27238404750823975,0.08655047416687012
9,/home/featurize/work/USCT_repro/USCT_download/c5_wavefield_data/smoke64src_train20_val5/train/train_10.npz,8,398,85,0.27299433946609497,0.0865878164768219
9,/home/featurize/work/USCT_repro/USCT_download/c5_wavefield_data/smoke64src_train20_val5/train/train_10.npz,9,412,101,0.26884210109710693,0.08860695362091064
9,/home/featurize/work/USCT_repro/USCT_download/c5_wavefield_data/smoke64src_train20_val5/train/train_10.npz,10,425,119,0.26549386978149414,0.08085416257381439
9,/home/featurize/work/USCT_repro/USCT_download/c5_wavefield_data/smoke64src_train20_val5/train/train_10.npz,11,436,137,0.2759118378162384,0.0926249772310257
9,/home/featurize/work/USCT_repro/USCT_download/c5_wavefield_data/smoke64src_train20_val5/train/train_10.npz,12,445,156,0.27961939573287964,0.08924192190170288
9,/home/featurize/work/USCT_repro/USCT_download/c5_wavefield_data/smoke64src_train20_val5/train/train_10.npz,13,452,176,0.28641343116760254,0.08958496153354645
9,/home/featurize/work/USCT_repro/USCT_download/c5_wavefield_data/smoke64src_train20_val5/train/train_10.npz,14,457,197,0.2907843589782715,0.08774271607398987
9,/home/featurize/work/USCT_repro/USCT_download/c5_wavefield_data/smoke64src_train20_val5/train/train_10.npz,15,460,218,0.3089102804660797,0.09841198474168777
9,/home/featurize/work/USCT_repro/USCT_download/c5_wavefield_data/smoke64src_train20_val5/train/train_10.npz,16,461,245,0.3224909007549286,0.10308858752250671
9,/home/featurize/work/USCT_repro/USCT_download/c5_wavefield_data/smoke64src_train20_val5/train/train_10.npz,17,460,266,0.33062076568603516,0.10666071623563766
9,/home/featurize/work/USCT_repro/USCT_download/c5_wavefield_data/smoke64src_train20_val5/train/train_10.npz,18,456,287,0.3391812741756439,0.11088480800390244
9,/home/featurize/work/USCT_repro/USCT_download/c5_wavefield_data/smoke64src_train20_val5/train/train_10.npz,19,451,308,0.3506465554237366,0.11135520786046982
9,/home/featurize/work/USCT_repro/USCT_download/c5_wavefield_data/smoke64src_train20_val5/train/train_10.npz,20,443,328,0.34512320160865784,0.1157916784286499
9,/home/featurize/work/USCT_repro/USCT_download/c5_wavefield_data/smoke64src_train20_val5/train/train_10.npz,21,434,347,0.35831648111343384,0.12318552285432816
9,/home/featurize/work/USCT_repro/USCT_download/c5_wavefield_data/smoke64src_train20_val5/train/train_10.npz,22,423,365,0.3482610285282135,0.11983442306518555
9,/home/featurize/work/USCT_repro/USCT_download/c5_wavefield_data/smoke64src_train20_val5/train/train_10.npz,23,410,382,0.3495318293571472,0.11728869378566742
9,/home/featurize/work/USCT_repro/USCT_download/c5_wavefield_data/smoke64src_train20_val5/train/train_10.npz,24,395,397,0.3542732298374176,0.11042527109384537
9,/home/featurize/work/USCT_repro/USCT_download/c5_wavefield_data/smoke64src_train20_val5/train/train_10.npz,25,380,412,0.3805621862411499,0.12407521903514862
9,/home/featurize/work/USCT_repro/USCT_download/c5_wavefield_data/smoke64src_train20_val5/train/train_10.npz,26,362,424,0.38627153635025024,0.13531067967414856
9,/home/featurize/work/USCT_repro/USCT_download/c5_wavefield_data/smoke64src_train20_val5/train/train_10.npz,27,344,435,0.36903396248817444,0.12589605152606964
9,/home/featurize/work/USCT_repro/USCT_download/c5_wavefield_data/smoke64src_train20_val5/train/train_10.npz,28,325,444,0.40672728419303894,0.14017535746097565
9,/home/featurize/work/USCT_repro/USCT_download/c5_wavefield_data/smoke64src_train20_val5/train/train_10.npz,29,305,451,0.39952728152275085,0.14032529294490814
9,/home/featurize/work/USCT_repro/USCT_download/c5_wavefield_data/smoke64src_train20_val5/train/train_10.npz,30,284,457,0.371202677488327,0.11593464016914368
9,/home/featurize/work/USCT_repro/USCT_download/c5_wavefield_data/smoke64src_train20_val5/train/train_10.npz,31,263,460,0.3393232524394989,0.11030872911214828
9,/home/featurize/work/USCT_repro/USCT_download/c5_wavefield_data/smoke64src_train20_val5/train/train_10.npz,32,235,461,0.31906694173812866,0.11073224991559982
9,/home/featurize/work/USCT_repro/USCT_download/c5_wavefield_data/smoke64src_train20_val5/train/train_10.npz,33,214,460,0.3358946144580841,0.11348181217908859
9,/home/featurize/work/USCT_repro/USCT_download/c5_wavefield_data/smoke64src_train20_val5/train/train_10.npz,34,193,456,0.3391590714454651,0.11218859255313873
9,/home/featurize/work/USCT_repro/USCT_download/c5_wavefield_data/smoke64src_train20_val5/train/train_10.npz,35,173,451,0.34912434220314026,0.11999242752790451
9,/home/featurize/work/USCT_repro/USCT_download/c5_wavefield_data/smoke64src_train20_val5/train/train_10.npz,36,153,443,0.34274476766586304,0.1213802918791771
9,/home/featurize/work/USCT_repro/USCT_download/c5_wavefield_data/smoke64src_train20_val5/train/train_10.npz,37,134,434,0.33052489161491394,0.11493859440088272
9,/home/featurize/work/USCT_repro/USCT_download/c5_wavefield_data/smoke64src_train20_val5/train/train_10.npz,38,115,423,0.3240203857421875,0.1090942844748497
9,/home/featurize/work/USCT_repro/USCT_download/c5_wavefield_data/smoke64src_train20_val5/train/train_10.npz,39,98,410,0.31447458267211914,0.10646440833806992
9,/home/featurize/work/USCT_repro/USCT_download/c5_wavefield_data/smoke64src_train20_val5/train/train_10.npz,40,83,396,0.29451948404312134,0.1108044758439064
9,/home/featurize/work/USCT_repro/USCT_download/c5_wavefield_data/smoke64src_train20_val5/train/train_10.npz,41,69,380,0.31871497631073,0.11944659799337387
9,/home/featurize/work/USCT_repro/USCT_download/c5_wavefield_data/smoke64src_train20_val5/train/train_10.npz,42,56,363,0.315285325050354,0.11301681399345398
9,/home/featurize/work/USCT_repro/USCT_download/c5_wavefield_data/smoke64src_train20_val5/train/train_10.npz,43,45,344,0.3224146068096161,0.1207655817270279
9,/home/featurize/work/USCT_repro/USCT_download/c5_wavefield_data/smoke64src_train20_val5/train/train_10.npz,44,36,325,0.33548521995544434,0.1269567757844925
9,/home/featurize/work/USCT_repro/USCT_download/c5_wavefield_data/smoke64src_train20_val5/train/train_10.npz,45,29,305,0.34081292152404785,0.13492433726787567
9,/home/featurize/work/USCT_repro/USCT_download/c5_wavefield_data/smoke64src_train20_val5/train/train_10.npz,46,23,285,0.3264696002006531,0.11682307720184326
9,/home/featurize/work/USCT_repro/USCT_download/c5_wavefield_data/smoke64src_train20_val5/train/train_10.npz,47,20,264,0.32244154810905457,0.11433832347393036
9,/home/featurize/work/USCT_repro/USCT_download/c5_wavefield_data/smoke64src_train20_val5/train/train_10.npz,48,19,236,0.32396042346954346,0.10664504766464233
9,/home/featurize/work/USCT_repro/USCT_download/c5_wavefield_data/smoke64src_train20_val5/train/train_10.npz,49,20,215,0.32534798979759216,0.10340587049722672
9,/home/featurize/work/USCT_repro/USCT_download/c5_wavefield_data/smoke64src_train20_val5/train/train_10.npz,50,24,194,0.30732521414756775,0.09663888067007065
9,/home/featurize/work/USCT_repro/USCT_download/c5_wavefield_data/smoke64src_train20_val5/train/train_10.npz,51,29,174,0.3321637213230133,0.10977083444595337
9,/home/featurize/work/USCT_repro/USCT_download/c5_wavefield_data/smoke64src_train20_val5/train/train_10.npz,52,36,154,0.3263888955116272,0.10231476277112961
9,/home/featurize/work/USCT_repro/USCT_download/c5_wavefield_data/smoke64src_train20_val5/train/train_10.npz,53,46,135,0.32011377811431885,0.09721657633781433
9,/home/featurize/work/USCT_repro/USCT_download/c5_wavefield_data/smoke64src_train20_val5/train/train_10.npz,54,57,116,0.32487785816192627,0.10553719848394394
9,/home/featurize/work/USCT_repro/USCT_download/c5_wavefield_data/smoke64src_train20_val5/train/train_10.npz,55,69,99,0.32187578082084656,0.11127687245607376
9,/home/featurize/work/USCT_repro/USCT_download/c5_wavefield_data/smoke64src_train20_val5/train/train_10.npz,56,84,84,0.31549710035324097,0.11248814314603806
9,/home/featurize/work/USCT_repro/USCT_download/c5_wavefield_data/smoke64src_train20_val5/train/train_10.npz,57,99,69,0.33412033319473267,0.11829591542482376
9,/home/featurize/work/USCT_repro/USCT_download/c5_wavefield_data/smoke64src_train20_val5/train/train_10.npz,58,116,57,0.3512283265590668,0.12303715199232101
9,/home/featurize/work/USCT_repro/USCT_download/c5_wavefield_data/smoke64src_train20_val5/train/train_10.npz,59,135,46,0.356970876455307,0.12751854956150055
9,/home/featurize/work/USCT_repro/USCT_download/c5_wavefield_data/smoke64src_train20_val5/train/train_10.npz,60,154,36,0.3648330867290497,0.12424195557832718
9,/home/featurize/work/USCT_repro/USCT_download/c5_wavefield_data/smoke64src_train20_val5/train/train_10.npz,61,174,29,0.37286868691444397,0.12559181451797485
9,/home/featurize/work/USCT_repro/USCT_download/c5_wavefield_data/smoke64src_train20_val5/train/train_10.npz,62,194,24,0.37306612730026245,0.12102891504764557
9,/home/featurize/work/USCT_repro/USCT_download/c5_wavefield_data/smoke64src_train20_val5/train/train_10.npz,63,215,20,0.37890195846557617,0.11748721450567245
10,/home/featurize/work/USCT_repro/USCT_download/c5_wavefield_data/smoke64src_train20_val5/train/train_11.npz,0,246,19,0.5128931999206543,0.13876985013484955
10,/home/featurize/work/USCT_repro/USCT_download/c5_wavefield_data/smoke64src_train20_val5/train/train_11.npz,1,267,20,0.5561048984527588,0.14167186617851257
10,/home/featurize/work/USCT_repro/USCT_download/c5_wavefield_data/smoke64src_train20_val5/train/train_11.npz,2,288,24,0.5695361495018005,0.15035635232925415
10,/home/featurize/work/USCT_repro/USCT_download/c5_wavefield_data/smoke64src_train20_val5/train/train_11.npz,3,309,30,0.5326826572418213,0.1410670280456543
10,/home/featurize/work/USCT_repro/USCT_download/c5_wavefield_data/smoke64src_train20_val5/train/train_11.npz,4,329,37,0.4900178909301758,0.13962134718894958
10,/home/featurize/work/USCT_repro/USCT_download/c5_wavefield_data/smoke64src_train20_val5/train/train_11.npz,5,348,47,0.49270322918891907,0.15198653936386108
10,/home/featurize/work/USCT_repro/USCT_download/c5_wavefield_data/smoke64src_train20_val5/train/train_11.npz,6,366,58,0.5009151697158813,0.1648821085691452
10,/home/featurize/work/USCT_repro/USCT_download/c5_wavefield_data/smoke64src_train20_val5/train/train_11.npz,7,383,71,0.512016236782074,0.14491590857505798
10,/home/featurize/work/USCT_repro/USCT_download/c5_wavefield_data/smoke64src_train20_val5/train/train_11.npz,8,398,85,0.5265156030654907,0.15404996275901794
10,/home/featurize/work/USCT_repro/USCT_download/c5_wavefield_data/smoke64src_train20_val5/train/train_11.npz,9,412,101,0.5553417801856995,0.17103056609630585
10,/home/featurize/work/USCT_repro/USCT_download/c5_wavefield_data/smoke64src_train20_val5/train/train_11.npz,10,425,119,0.528607964515686,0.17375250160694122
10,/home/featurize/work/USCT_repro/USCT_download/c5_wavefield_data/smoke64src_train20_val5/train/train_11.npz,11,436,137,0.506393313407898,0.15666714310646057
10,/home/featurize/work/USCT_repro/USCT_download/c5_wavefield_data/smoke64src_train20_val5/train/train_11.npz,12,445,156,0.4997219145298004,0.1674424409866333
10,/home/featurize/work/USCT_repro/USCT_download/c5_wavefield_data/smoke64src_train20_val5/train/train_11.npz,13,452,176,0.497133731842041,0.15327489376068115
10,/home/featurize/work/USCT_repro/USCT_download/c5_wavefield_data/smoke64src_train20_val5/train/train_11.npz,14,457,197,0.5131436586380005,0.1592334508895874
10,/home/featurize/work/USCT_repro/USCT_download/c5_wavefield_data/smoke64src_train20_val5/train/train_11.npz,15,460,218,0.51213139295578,0.15183231234550476
10,/home/featurize/work/USCT_repro/USCT_download/c5_wavefield_data/smoke64src_train20_val5/train/train_11.npz,16,461,245,0.5201652646064758,0.14725223183631897
10,/home/featurize/work/USCT_repro/USCT_download/c5_wavefield_data/smoke64src_train20_val5/train/train_11.npz,17,460,266,0.5190829634666443,0.17519652843475342
10,/home/featurize/work/USCT_repro/USCT_download/c5_wavefield_data/smoke64src_train20_val5/train/train_11.npz,18,456,287,0.5421633124351501,0.1672981083393097
10,/home/featurize/work/USCT_repro/USCT_download/c5_wavefield_data/smoke64src_train20_val5/train/train_11.npz,19,451,308,0.5439488887786865,0.17560461163520813
10,/home/featurize/work/USCT_repro/USCT_download/c5_wavefield_data/smoke64src_train20_val5/train/train_11.npz,20,443,328,0.5530388951301575,0.15654586255550385
10,/home/featurize/work/USCT_repro/USCT_download/c5_wavefield_data/smoke64src_train20_val5/train/train_11.npz,21,434,347,0.52994704246521,0.1588565856218338
10,/home/featurize/work/USCT_repro/USCT_download/c5_wavefield_data/smoke64src_train20_val5/train/train_11.npz,22,423,365,0.5188368558883667,0.15645982325077057
10,/home/featurize/work/USCT_repro/USCT_download/c5_wavefield_data/smoke64src_train20_val5/train/train_11.npz,23,410,382,0.5113067030906677,0.14469699561595917
10,/home/featurize/work/USCT_repro/USCT_download/c5_wavefield_data/smoke64src_train20_val5/train/train_11.npz,24,395,397,0.5109696388244629,0.14623911678791046
10,/home/featurize/work/USCT_repro/USCT_download/c5_wavefield_data/smoke64src_train20_val5/train/train_11.npz,25,380,412,0.5473067760467529,0.16632190346717834
10,/home/featurize/work/USCT_repro/USCT_download/c5_wavefield_data/smoke64src_train20_val5/train/train_11.npz,26,362,424,0.5561368465423584,0.16729794442653656
10,/home/featurize/work/USCT_repro/USCT_download/c5_wavefield_data/smoke64src_train20_val5/train/train_11.npz,27,344,435,0.5518059730529785,0.1646326333284378
10,/home/featurize/work/USCT_repro/USCT_download/c5_wavefield_data/smoke64src_train20_val5/train/train_11.npz,28,325,444,0.5307260155677795,0.15801148116588593
10,/home/featurize/work/USCT_repro/USCT_download/c5_wavefield_data/smoke64src_train20_val5/train/train_11.npz,29,305,451,0.5177468061447144,0.1482759416103363
10,/home/featurize/work/USCT_repro/USCT_download/c5_wavefield_data/smoke64src_train20_val5/train/train_11.npz,30,284,457,0.5103527307510376,0.1353529691696167
10,/home/featurize/work/USCT_repro/USCT_download/c5_wavefield_data/smoke64src_train20_val5/train/train_11.npz,31,263,460,0.5177822113037109,0.15268166363239288
10,/home/featurize/work/USCT_repro/USCT_download/c5_wavefield_data/smoke64src_train20_val5/train/train_11.npz,32,235,461,0.5338770151138306,0.14792966842651367
10,/home/featurize/work/USCT_repro/USCT_download/c5_wavefield_data/smoke64src_train20_val5/train/train_11.npz,33,214,460,0.5252006649971008,0.15073484182357788
10,/home/featurize/work/USCT_repro/USCT_download/c5_wavefield_data/smoke64src_train20_val5/train/train_11.npz,34,193,456,0.5265613794326782,0.14626015722751617
10,/home/featurize/work/USCT_repro/USCT_download/c5_wavefield_data/smoke64src_train20_val5/train/train_11.npz,35,173,451,0.5278707146644592,0.1449708640575409
10,/home/featurize/work/USCT_repro/USCT_download/c5_wavefield_data/smoke64src_train20_val5/train/train_11.npz,36,153,443,0.539186418056488,0.14824806153774261
10,/home/featurize/work/USCT_repro/USCT_download/c5_wavefield_data/smoke64src_train20_val5/train/train_11.npz,37,134,434,0.5311554074287415,0.1561712622642517
10,/home/featurize/work/USCT_repro/USCT_download/c5_wavefield_data/smoke64src_train20_val5/train/train_11.npz,38,115,423,0.5154293775558472,0.1462705433368683
10,/home/featurize/work/USCT_repro/USCT_download/c5_wavefield_data/smoke64src_train20_val5/train/train_11.npz,39,98,410,0.506362795829773,0.14680920541286469
10,/home/featurize/work/USCT_repro/USCT_download/c5_wavefield_data/smoke64src_train20_val5/train/train_11.npz,40,83,396,0.49709129333496094,0.14994774758815765
10,/home/featurize/work/USCT_repro/USCT_download/c5_wavefield_data/smoke64src_train20_val5/train/train_11.npz,41,69,380,0.48826152086257935,0.1532081961631775
10,/home/featurize/work/USCT_repro/USCT_download/c5_wavefield_data/smoke64src_train20_val5/train/train_11.npz,42,56,363,0.5075158476829529,0.14736513793468475
10,/home/featurize/work/USCT_repro/USCT_download/c5_wavefield_data/smoke64src_train20_val5/train/train_11.npz,43,45,344,0.49593544006347656,0.14790362119674683
10,/home/featurize/work/USCT_repro/USCT_download/c5_wavefield_data/smoke64src_train20_val5/train/train_11.npz,44,36,325,0.516332745552063,0.17408408224582672
10,/home/featurize/work/USCT_repro/USCT_download/c5_wavefield_data/smoke64src_train20_val5/train/train_11.npz,45,29,305,0.5373023748397827,0.15594826638698578
10,/home/featurize/work/USCT_repro/USCT_download/c5_wavefield_data/smoke64src_train20_val5/train/train_11.npz,46,23,285,0.5463554859161377,0.15656311810016632
10,/home/featurize/work/USCT_repro/USCT_download/c5_wavefield_data/smoke64src_train20_val5/train/train_11.npz,47,20,264,0.5661906003952026,0.17361824214458466
10,/home/featurize/work/USCT_repro/USCT_download/c5_wavefield_data/smoke64src_train20_val5/train/train_11.npz,48,19,236,0.55476975440979,0.16796788573265076
10,/home/featurize/work/USCT_repro/USCT_download/c5_wavefield_data/smoke64src_train20_val5/train/train_11.npz,49,20,215,0.5623924732208252,0.16569142043590546
10,/home/featurize/work/USCT_repro/USCT_download/c5_wavefield_data/smoke64src_train20_val5/train/train_11.npz,50,24,194,0.55496746301651,0.16000144183635712
10,/home/featurize/work/USCT_repro/USCT_download/c5_wavefield_data/smoke64src_train20_val5/train/train_11.npz,51,29,174,0.5449597835540771,0.15650081634521484
10,/home/featurize/work/USCT_repro/USCT_download/c5_wavefield_data/smoke64src_train20_val5/train/train_11.npz,52,36,154,0.534062922000885,0.1462671011686325
10,/home/featurize/work/USCT_repro/USCT_download/c5_wavefield_data/smoke64src_train20_val5/train/train_11.npz,53,46,135,0.5294004082679749,0.15703628957271576
10,/home/featurize/work/USCT_repro/USCT_download/c5_wavefield_data/smoke64src_train20_val5/train/train_11.npz,54,57,116,0.4928150773048401,0.14319846034049988
10,/home/featurize/work/USCT_repro/USCT_download/c5_wavefield_data/smoke64src_train20_val5/train/train_11.npz,55,69,99,0.48587459325790405,0.1531807780265808
10,/home/featurize/work/USCT_repro/USCT_download/c5_wavefield_data/smoke64src_train20_val5/train/train_11.npz,56,84,84,0.4583258330821991,0.13971926271915436
10,/home/featurize/work/USCT_repro/USCT_download/c5_wavefield_data/smoke64src_train20_val5/train/train_11.npz,57,99,69,0.4789303243160248,0.143855020403862
10,/home/featurize/work/USCT_repro/USCT_download/c5_wavefield_data/smoke64src_train20_val5/train/train_11.npz,58,116,57,0.49763715267181396,0.14746469259262085
10,/home/featurize/work/USCT_repro/USCT_download/c5_wavefield_data/smoke64src_train20_val5/train/train_11.npz,59,135,46,0.513802707195282,0.1611989140510559
10,/home/featurize/work/USCT_repro/USCT_download/c5_wavefield_data/smoke64src_train20_val5/train/train_11.npz,60,154,36,0.5224917531013489,0.1516265720129013
10,/home/featurize/work/USCT_repro/USCT_download/c5_wavefield_data/smoke64src_train20_val5/train/train_11.npz,61,174,29,0.5436940789222717,0.14486496150493622
10,/home/featurize/work/USCT_repro/USCT_download/c5_wavefield_data/smoke64src_train20_val5/train/train_11.npz,62,194,24,0.5107898712158203,0.13892489671707153
10,/home/featurize/work/USCT_repro/USCT_download/c5_wavefield_data/smoke64src_train20_val5/train/train_11.npz,63,215,20,0.5078904032707214,0.14478331804275513
11,/home/featurize/work/USCT_repro/USCT_download/c5_wavefield_data/smoke64src_train20_val5/train/train_12.npz,0,246,19,0.4986796975135803,0.12763123214244843
11,/home/featurize/work/USCT_repro/USCT_download/c5_wavefield_data/smoke64src_train20_val5/train/train_12.npz,1,267,20,0.5250487923622131,0.14973171055316925
11,/home/featurize/work/USCT_repro/USCT_download/c5_wavefield_data/smoke64src_train20_val5/train/train_12.npz,2,288,24,0.516242504119873,0.14721868932247162
11,/home/featurize/work/USCT_repro/USCT_download/c5_wavefield_data/smoke64src_train20_val5/train/train_12.npz,3,309,30,0.5363574624061584,0.164717435836792
11,/home/featurize/work/USCT_repro/USCT_download/c5_wavefield_data/smoke64src_train20_val5/train/train_12.npz,4,329,37,0.567094087600708,0.16508643329143524
11,/home/featurize/work/USCT_repro/USCT_download/c5_wavefield_data/smoke64src_train20_val5/train/train_12.npz,5,348,47,0.535864531993866,0.16265489161014557
11,/home/featurize/work/USCT_repro/USCT_download/c5_wavefield_data/smoke64src_train20_val5/train/train_12.npz,6,366,58,0.5097116231918335,0.1614750623703003
11,/home/featurize/work/USCT_repro/USCT_download/c5_wavefield_data/smoke64src_train20_val5/train/train_12.npz,7,383,71,0.5097301006317139,0.1555321216583252
11,/home/featurize/work/USCT_repro/USCT_download/c5_wavefield_data/smoke64src_train20_val5/train/train_12.npz,8,398,85,0.49605342745780945,0.16386930644512177
11,/home/featurize/work/USCT_repro/USCT_download/c5_wavefield_data/smoke64src_train20_val5/train/train_12.npz,9,412,101,0.49843496084213257,0.13823701441287994
11,/home/featurize/work/USCT_repro/USCT_download/c5_wavefield_data/smoke64src_train20_val5/train/train_12.npz,10,425,119,0.5227502584457397,0.16055339574813843
11,/home/featurize/work/USCT_repro/USCT_download/c5_wavefield_data/smoke64src_train20_val5/train/train_12.npz,11,436,137,0.5190816521644592,0.1536301076412201
11,/home/featurize/work/USCT_repro/USCT_download/c5_wavefield_data/smoke64src_train20_val5/train/train_12.npz,12,445,156,0.5317051410675049,0.1225045919418335
11,/home/featurize/work/USCT_repro/USCT_download/c5_wavefield_data/smoke64src_train20_val5/train/train_12.npz,13,452,176,0.5382059812545776,0.16115301847457886
11,/home/featurize/work/USCT_repro/USCT_download/c5_wavefield_data/smoke64src_train20_val5/train/train_12.npz,14,457,197,0.5263668894767761,0.1224675104022026
11,/home/featurize/work/USCT_repro/USCT_download/c5_wavefield_data/smoke64src_train20_val5/train/train_12.npz,15,460,218,0.505601167678833,0.14224036037921906
11,/home/featurize/work/USCT_repro/USCT_download/c5_wavefield_data/smoke64src_train20_val5/train/train_12.npz,16,461,245,0.5020126104354858,0.13964541256427765
11,/home/featurize/work/USCT_repro/USCT_download/c5_wavefield_data/smoke64src_train20_val5/train/train_12.npz,17,460,266,0.5020738244056702,0.1260073482990265
11,/home/featurize/work/USCT_repro/USCT_download/c5_wavefield_data/smoke64src_train20_val5/train/train_12.npz,18,456,287,0.5018654465675354,0.1407502144575119
11,/home/featurize/work/USCT_repro/USCT_download/c5_wavefield_data/smoke64src_train20_val5/train/train_12.npz,19,451,308,0.5197404623031616,0.15401458740234375
11,/home/featurize/work/USCT_repro/USCT_download/c5_wavefield_data/smoke64src_train20_val5/train/train_12.npz,20,443,328,0.5470967292785645,0.1559523344039917
11,/home/featurize/work/USCT_repro/USCT_download/c5_wavefield_data/smoke64src_train20_val5/train/train_12.npz,21,434,347,0.5466698408126831,0.14936290681362152
11,/home/featurize/work/USCT_repro/USCT_download/c5_wavefield_data/smoke64src_train20_val5/train/train_12.npz,22,423,365,0.5221324563026428,0.13341018557548523
11,/home/featurize/work/USCT_repro/USCT_download/c5_wavefield_data/smoke64src_train20_val5/train/train_12.npz,23,410,382,0.5147588849067688,0.14128632843494415
11,/home/featurize/work/USCT_repro/USCT_download/c5_wavefield_data/smoke64src_train20_val5/train/train_12.npz,24,395,397,0.4910004436969757,0.1467592716217041
11,/home/featurize/work/USCT_repro/USCT_download/c5_wavefield_data/smoke64src_train20_val5/train/train_12.npz,25,380,412,0.48808079957962036,0.12176300585269928
11,/home/featurize/work/USCT_repro/USCT_download/c5_wavefield_data/smoke64src_train20_val5/train/train_12.npz,26,362,424,0.5155220627784729,0.14824947714805603
11,/home/featurize/work/USCT_repro/USCT_download/c5_wavefield_data/smoke64src_train20_val5/train/train_12.npz,27,344,435,0.5200508236885071,0.16300304234027863
11,/home/featurize/work/USCT_repro/USCT_download/c5_wavefield_data/smoke64src_train20_val5/train/train_12.npz,28,325,444,0.5128238797187805,0.15337328612804413
11,/home/featurize/work/USCT_repro/USCT_download/c5_wavefield_data/smoke64src_train20_val5/train/train_12.npz,29,305,451,0.5187005996704102,0.13761579990386963
11,/home/featurize/work/USCT_repro/USCT_download/c5_wavefield_data/smoke64src_train20_val5/train/train_12.npz,30,284,457,0.5108798742294312,0.14528362452983856
11,/home/featurize/work/USCT_repro/USCT_download/c5_wavefield_data/smoke64src_train20_val5/train/train_12.npz,31,263,460,0.5100421905517578,0.15362216532230377
11,/home/featurize/work/USCT_repro/USCT_download/c5_wavefield_data/smoke64src_train20_val5/train/train_12.npz,32,235,461,0.4618235230445862,0.14035430550575256
11,/home/featurize/work/USCT_repro/USCT_download/c5_wavefield_data/smoke64src_train20_val5/train/train_12.npz,33,214,460,0.47913268208503723,0.14897002279758453
11,/home/featurize/work/USCT_repro/USCT_download/c5_wavefield_data/smoke64src_train20_val5/train/train_12.npz,34,193,456,0.4726043939590454,0.13536489009857178
11,/home/featurize/work/USCT_repro/USCT_download/c5_wavefield_data/smoke64src_train20_val5/train/train_12.npz,35,173,451,0.48613977432250977,0.15636003017425537
11,/home/featurize/work/USCT_repro/USCT_download/c5_wavefield_data/smoke64src_train20_val5/train/train_12.npz,36,153,443,0.49517643451690674,0.16046926379203796
11,/home/featurize/work/USCT_repro/USCT_download/c5_wavefield_data/smoke64src_train20_val5/train/train_12.npz,37,134,434,0.48173806071281433,0.15113386511802673
11,/home/featurize/work/USCT_repro/USCT_download/c5_wavefield_data/smoke64src_train20_val5/train/train_12.npz,38,115,423,0.46261975169181824,0.15769228339195251
11,/home/featurize/work/USCT_repro/USCT_download/c5_wavefield_data/smoke64src_train20_val5/train/train_12.npz,39,98,410,0.4529198408126831,0.15156225860118866
11,/home/featurize/work/USCT_repro/USCT_download/c5_wavefield_data/smoke64src_train20_val5/train/train_12.npz,40,83,396,0.4350031614303589,0.1548776924610138
11,/home/featurize/work/USCT_repro/USCT_download/c5_wavefield_data/smoke64src_train20_val5/train/train_12.npz,41,69,380,0.4819522798061371,0.14976997673511505
11,/home/featurize/work/USCT_repro/USCT_download/c5_wavefield_data/smoke64src_train20_val5/train/train_12.npz,42,56,363,0.49610021710395813,0.145979106426239
11,/home/featurize/work/USCT_repro/USCT_download/c5_wavefield_data/smoke64src_train20_val5/train/train_12.npz,43,45,344,0.4710892140865326,0.14517784118652344
11,/home/featurize/work/USCT_repro/USCT_download/c5_wavefield_data/smoke64src_train20_val5/train/train_12.npz,44,36,325,0.4788406789302826,0.134974867105484
11,/home/featurize/work/USCT_repro/USCT_download/c5_wavefield_data/smoke64src_train20_val5/train/train_12.npz,45,29,305,0.4677116870880127,0.1486351490020752
11,/home/featurize/work/USCT_repro/USCT_download/c5_wavefield_data/smoke64src_train20_val5/train/train_12.npz,46,23,285,0.47594398260116577,0.12394961714744568
11,/home/featurize/work/USCT_repro/USCT_download/c5_wavefield_data/smoke64src_train20_val5/train/train_12.npz,47,20,264,0.4961892366409302,0.14776967465877533
11,/home/featurize/work/USCT_repro/USCT_download/c5_wavefield_data/smoke64src_train20_val5/train/train_12.npz,48,19,236,0.5073002576828003,0.13563691079616547
11,/home/featurize/work/USCT_repro/USCT_download/c5_wavefield_data/smoke64src_train20_val5/train/train_12.npz,49,20,215,0.5320076942443848,0.1349383294582367
11,/home/featurize/work/USCT_repro/USCT_download/c5_wavefield_data/smoke64src_train20_val5/train/train_12.npz,50,24,194,0.5417268872261047,0.13855241239070892
11,/home/featurize/work/USCT_repro/USCT_download/c5_wavefield_data/smoke64src_train20_val5/train/train_12.npz,51,29,174,0.5716277360916138,0.15060746669769287
11,/home/featurize/work/USCT_repro/USCT_download/c5_wavefield_data/smoke64src_train20_val5/train/train_12.npz,52,36,154,0.5601741671562195,0.15086647868156433
11,/home/featurize/work/USCT_repro/USCT_download/c5_wavefield_data/smoke64src_train20_val5/train/train_12.npz,53,46,135,0.529507040977478,0.15510165691375732
11,/home/featurize/work/USCT_repro/USCT_download/c5_wavefield_data/smoke64src_train20_val5/train/train_12.npz,54,57,116,0.5051882863044739,0.1402190625667572
11,/home/featurize/work/USCT_repro/USCT_download/c5_wavefield_data/smoke64src_train20_val5/train/train_12.npz,55,69,99,0.4979504346847534,0.1445513814687729
11,/home/featurize/work/USCT_repro/USCT_download/c5_wavefield_data/smoke64src_train20_val5/train/train_12.npz,56,84,84,0.48167091608047485,0.13127169013023376
11,/home/featurize/work/USCT_repro/USCT_download/c5_wavefield_data/smoke64src_train20_val5/train/train_12.npz,57,99,69,0.4731873869895935,0.12714463472366333
11,/home/featurize/work/USCT_repro/USCT_download/c5_wavefield_data/smoke64src_train20_val5/train/train_12.npz,58,116,57,0.48945024609565735,0.12354560196399689
11,/home/featurize/work/USCT_repro/USCT_download/c5_wavefield_data/smoke64src_train20_val5/train/train_12.npz,59,135,46,0.5113866329193115,0.14838364720344543
11,/home/featurize/work/USCT_repro/USCT_download/c5_wavefield_data/smoke64src_train20_val5/train/train_12.npz,60,154,36,0.5216737389564514,0.14878106117248535
11,/home/featurize/work/USCT_repro/USCT_download/c5_wavefield_data/smoke64src_train20_val5/train/train_12.npz,61,174,29,0.5209237337112427,0.16195815801620483
11,/home/featurize/work/USCT_repro/USCT_download/c5_wavefield_data/smoke64src_train20_val5/train/train_12.npz,62,194,24,0.5244960784912109,0.15736865997314453
11,/home/featurize/work/USCT_repro/USCT_download/c5_wavefield_data/smoke64src_train20_val5/train/train_12.npz,63,215,20,0.5106845498085022,0.14153635501861572
12,/home/featurize/work/USCT_repro/USCT_download/c5_wavefield_data/smoke64src_train20_val5/train/train_13.npz,0,246,19,0.5076704025268555,0.14642193913459778
12,/home/featurize/work/USCT_repro/USCT_download/c5_wavefield_data/smoke64src_train20_val5/train/train_13.npz,1,267,20,0.4845472574234009,0.15387636423110962
12,/home/featurize/work/USCT_repro/USCT_download/c5_wavefield_data/smoke64src_train20_val5/train/train_13.npz,2,288,24,0.4796103835105896,0.1498839557170868
12,/home/featurize/work/USCT_repro/USCT_download/c5_wavefield_data/smoke64src_train20_val5/train/train_13.npz,3,309,30,0.4639248251914978,0.14274322986602783
12,/home/featurize/work/USCT_repro/USCT_download/c5_wavefield_data/smoke64src_train20_val5/train/train_13.npz,4,329,37,0.4710305333137512,0.15193209052085876
12,/home/featurize/work/USCT_repro/USCT_download/c5_wavefield_data/smoke64src_train20_val5/train/train_13.npz,5,348,47,0.4796001613140106,0.1586286872625351
12,/home/featurize/work/USCT_repro/USCT_download/c5_wavefield_data/smoke64src_train20_val5/train/train_13.npz,6,366,58,0.46758171916007996,0.1484830528497696
12,/home/featurize/work/USCT_repro/USCT_download/c5_wavefield_data/smoke64src_train20_val5/train/train_13.npz,7,383,71,0.4711712896823883,0.14133703708648682
12,/home/featurize/work/USCT_repro/USCT_download/c5_wavefield_data/smoke64src_train20_val5/train/train_13.npz,8,398,85,0.46527254581451416,0.1450590193271637
12,/home/featurize/work/USCT_repro/USCT_download/c5_wavefield_data/smoke64src_train20_val5/train/train_13.npz,9,412,101,0.47291141748428345,0.1489490419626236
12,/home/featurize/work/USCT_repro/USCT_download/c5_wavefield_data/smoke64src_train20_val5/train/train_13.npz,10,425,119,0.4764469265937805,0.14243686199188232
12,/home/featurize/work/USCT_repro/USCT_download/c5_wavefield_data/smoke64src_train20_val5/train/train_13.npz,11,436,137,0.49605271220207214,0.13325409591197968
12,/home/featurize/work/USCT_repro/USCT_download/c5_wavefield_data/smoke64src_train20_val5/train/train_13.npz,12,445,156,0.5113767385482788,0.1448708474636078
12,/home/featurize/work/USCT_repro/USCT_download/c5_wavefield_data/smoke64src_train20_val5/train/train_13.npz,13,452,176,0.49908533692359924,0.13369202613830566
12,/home/featurize/work/USCT_repro/USCT_download/c5_wavefield_data/smoke64src_train20_val5/train/train_13.npz,14,457,197,0.5172308683395386,0.1499914824962616
12,/home/featurize/work/USCT_repro/USCT_download/c5_wavefield_data/smoke64src_train20_val5/train/train_13.npz,15,460,218,0.5414747595787048,0.13698528707027435
12,/home/featurize/work/USCT_repro/USCT_download/c5_wavefield_data/smoke64src_train20_val5/train/train_13.npz,16,461,245,0.5430221557617188,0.15111210942268372
12,/home/featurize/work/USCT_repro/USCT_download/c5_wavefield_data/smoke64src_train20_val5/train/train_13.npz,17,460,266,0.525148332118988,0.14074908196926117
12,/home/featurize/work/USCT_repro/USCT_download/c5_wavefield_data/smoke64src_train20_val5/train/train_13.npz,18,456,287,0.5465315580368042,0.14374075829982758
12,/home/featurize/work/USCT_repro/USCT_download/c5_wavefield_data/smoke64src_train20_val5/train/train_13.npz,19,451,308,0.5473364591598511,0.13567186892032623
12,/home/featurize/work/USCT_repro/USCT_download/c5_wavefield_data/smoke64src_train20_val5/train/train_13.npz,20,443,328,0.5495857000350952,0.13678190112113953
12,/home/featurize/work/USCT_repro/USCT_download/c5_wavefield_data/smoke64src_train20_val5/train/train_13.npz,21,434,347,0.5429761409759521,0.16926456987857819
12,/home/featurize/work/USCT_repro/USCT_download/c5_wavefield_data/smoke64src_train20_val5/train/train_13.npz,22,423,365,0.5204389095306396,0.14922700822353363
12,/home/featurize/work/USCT_repro/USCT_download/c5_wavefield_data/smoke64src_train20_val5/train/train_13.npz,23,410,382,0.49902135133743286,0.13384057581424713
12,/home/featurize/work/USCT_repro/USCT_download/c5_wavefield_data/smoke64src_train20_val5/train/train_13.npz,24,395,397,0.47846081852912903,0.13108733296394348
12,/home/featurize/work/USCT_repro/USCT_download/c5_wavefield_data/smoke64src_train20_val5/train/train_13.npz,25,380,412,0.4803525507450104,0.1546643078327179
12,/home/featurize/work/USCT_repro/USCT_download/c5_wavefield_data/smoke64src_train20_val5/train/train_13.npz,26,362,424,0.4791877269744873,0.1391667127609253
12,/home/featurize/work/USCT_repro/USCT_download/c5_wavefield_data/smoke64src_train20_val5/train/train_13.npz,27,344,435,0.4914323091506958,0.14731381833553314
12,/home/featurize/work/USCT_repro/USCT_download/c5_wavefield_data/smoke64src_train20_val5/train/train_13.npz,28,325,444,0.49959179759025574,0.15700890123844147
12,/home/featurize/work/USCT_repro/USCT_download/c5_wavefield_data/smoke64src_train20_val5/train/train_13.npz,29,305,451,0.5203850269317627,0.15165060758590698
12,/home/featurize/work/USCT_repro/USCT_download/c5_wavefield_data/smoke64src_train20_val5/train/train_13.npz,30,284,457,0.5314688086509705,0.16228744387626648
12,/home/featurize/work/USCT_repro/USCT_download/c5_wavefield_data/smoke64src_train20_val5/train/train_13.npz,31,263,460,0.5208644866943359,0.14991244673728943
12,/home/featurize/work/USCT_repro/USCT_download/c5_wavefield_data/smoke64src_train20_val5/train/train_13.npz,32,235,461,0.5015760660171509,0.143459752202034
12,/home/featurize/work/USCT_repro/USCT_download/c5_wavefield_data/smoke64src_train20_val5/train/train_13.npz,33,214,460,0.5090742707252502,0.1483311504125595
12,/home/featurize/work/USCT_repro/USCT_download/c5_wavefield_data/smoke64src_train20_val5/train/train_13.npz,34,193,456,0.5001389384269714,0.14663922786712646
12,/home/featurize/work/USCT_repro/USCT_download/c5_wavefield_data/smoke64src_train20_val5/train/train_13.npz,35,173,451,0.5032267570495605,0.15168611705303192
12,/home/featurize/work/USCT_repro/USCT_download/c5_wavefield_data/smoke64src_train20_val5/train/train_13.npz,36,153,443,0.5361205339431763,0.17235974967479706
12,/home/featurize/work/USCT_repro/USCT_download/c5_wavefield_data/smoke64src_train20_val5/train/train_13.npz,37,134,434,0.5430600047111511,0.17672404646873474
12,/home/featurize/work/USCT_repro/USCT_download/c5_wavefield_data/smoke64src_train20_val5/train/train_13.npz,38,115,423,0.5537324547767639,0.17206652462482452
12,/home/featurize/work/USCT_repro/USCT_download/c5_wavefield_data/smoke64src_train20_val5/train/train_13.npz,39,98,410,0.5492722392082214,0.16654416918754578
12,/home/featurize/work/USCT_repro/USCT_download/c5_wavefield_data/smoke64src_train20_val5/train/train_13.npz,40,83,396,0.5153774619102478,0.1524314284324646
12,/home/featurize/work/USCT_repro/USCT_download/c5_wavefield_data/smoke64src_train20_val5/train/train_13.npz,41,69,380,0.5405774116516113,0.1587441861629486
12,/home/featurize/work/USCT_repro/USCT_download/c5_wavefield_data/smoke64src_train20_val5/train/train_13.npz,42,56,363,0.5244426131248474,0.15367934107780457
12,/home/featurize/work/USCT_repro/USCT_download/c5_wavefield_data/smoke64src_train20_val5/train/train_13.npz,43,45,344,0.5364140868186951,0.1538313776254654
12,/home/featurize/work/USCT_repro/USCT_download/c5_wavefield_data/smoke64src_train20_val5/train/train_13.npz,44,36,325,0.5287534594535828,0.16400980949401855
12,/home/featurize/work/USCT_repro/USCT_download/c5_wavefield_data/smoke64src_train20_val5/train/train_13.npz,45,29,305,0.5374703407287598,0.15205617249011993
12,/home/featurize/work/USCT_repro/USCT_download/c5_wavefield_data/smoke64src_train20_val5/train/train_13.npz,46,23,285,0.5326871275901794,0.1495620161294937
12,/home/featurize/work/USCT_repro/USCT_download/c5_wavefield_data/smoke64src_train20_val5/train/train_13.npz,47,20,264,0.5387188196182251,0.14784790575504303
12,/home/featurize/work/USCT_repro/USCT_download/c5_wavefield_data/smoke64src_train20_val5/train/train_13.npz,48,19,236,0.4898422658443451,0.1448657512664795
12,/home/featurize/work/USCT_repro/USCT_download/c5_wavefield_data/smoke64src_train20_val5/train/train_13.npz,49,20,215,0.474397212266922,0.12989924848079681
12,/home/featurize/work/USCT_repro/USCT_download/c5_wavefield_data/smoke64src_train20_val5/train/train_13.npz,50,24,194,0.5116928815841675,0.143845334649086
12,/home/featurize/work/USCT_repro/USCT_download/c5_wavefield_data/smoke64src_train20_val5/train/train_13.npz,51,29,174,0.533538818359375,0.14744992554187775
12,/home/featurize/work/USCT_repro/USCT_download/c5_wavefield_data/smoke64src_train20_val5/train/train_13.npz,52,36,154,0.5406654477119446,0.16507165133953094
12,/home/featurize/work/USCT_repro/USCT_download/c5_wavefield_data/smoke64src_train20_val5/train/train_13.npz,53,46,135,0.5147923827171326,0.1568315029144287
12,/home/featurize/work/USCT_repro/USCT_download/c5_wavefield_data/smoke64src_train20_val5/train/train_13.npz,54,57,116,0.47893834114074707,0.14562848210334778
12,/home/featurize/work/USCT_repro/USCT_download/c5_wavefield_data/smoke64src_train20_val5/train/train_13.npz,55,69,99,0.46745240688323975,0.1351064294576645
12,/home/featurize/work/USCT_repro/USCT_download/c5_wavefield_data/smoke64src_train20_val5/train/train_13.npz,56,84,84,0.45950576663017273,0.12975996732711792
12,/home/featurize/work/USCT_repro/USCT_download/c5_wavefield_data/smoke64src_train20_val5/train/train_13.npz,57,99,69,0.531762421131134,0.16800013184547424
12,/home/featurize/work/USCT_repro/USCT_download/c5_wavefield_data/smoke64src_train20_val5/train/train_13.npz,58,116,57,0.5235106945037842,0.14680494368076324
12,/home/featurize/work/USCT_repro/USCT_download/c5_wavefield_data/smoke64src_train20_val5/train/train_13.npz,59,135,46,0.5509627461433411,0.154695525765419
12,/home/featurize/work/USCT_repro/USCT_download/c5_wavefield_data/smoke64src_train20_val5/train/train_13.npz,60,154,36,0.5220640897750854,0.1553395539522171
12,/home/featurize/work/USCT_repro/USCT_download/c5_wavefield_data/smoke64src_train20_val5/train/train_13.npz,61,174,29,0.5273258686065674,0.1400495022535324
12,/home/featurize/work/USCT_repro/USCT_download/c5_wavefield_data/smoke64src_train20_val5/train/train_13.npz,62,194,24,0.512321412563324,0.15556085109710693
12,/home/featurize/work/USCT_repro/USCT_download/c5_wavefield_data/smoke64src_train20_val5/train/train_13.npz,63,215,20,0.4984391927719116,0.1515587717294693
13,/home/featurize/work/USCT_repro/USCT_download/c5_wavefield_data/smoke64src_train20_val5/train/train_14.npz,0,246,19,0.5776557922363281,0.1529165357351303
13,/home/featurize/work/USCT_repro/USCT_download/c5_wavefield_data/smoke64src_train20_val5/train/train_14.npz,1,267,20,0.5910860896110535,0.149031400680542
13,/home/featurize/work/USCT_repro/USCT_download/c5_wavefield_data/smoke64src_train20_val5/train/train_14.npz,2,288,24,0.5956358313560486,0.15176819264888763
13,/home/featurize/work/USCT_repro/USCT_download/c5_wavefield_data/smoke64src_train20_val5/train/train_14.npz,3,309,30,0.6118817925453186,0.14491967856884003
13,/home/featurize/work/USCT_repro/USCT_download/c5_wavefield_data/smoke64src_train20_val5/train/train_14.npz,4,329,37,0.6034315228462219,0.16015863418579102
13,/home/featurize/work/USCT_repro/USCT_download/c5_wavefield_data/smoke64src_train20_val5/train/train_14.npz,5,348,47,0.5841028094291687,0.15315401554107666
13,/home/featurize/work/USCT_repro/USCT_download/c5_wavefield_data/smoke64src_train20_val5/train/train_14.npz,6,366,58,0.535950243473053,0.14302530884742737
13,/home/featurize/work/USCT_repro/USCT_download/c5_wavefield_data/smoke64src_train20_val5/train/train_14.npz,7,383,71,0.5237385630607605,0.15602432191371918
13,/home/featurize/work/USCT_repro/USCT_download/c5_wavefield_data/smoke64src_train20_val5/train/train_14.npz,8,398,85,0.49965596199035645,0.13722872734069824
13,/home/featurize/work/USCT_repro/USCT_download/c5_wavefield_data/smoke64src_train20_val5/train/train_14.npz,9,412,101,0.4966537058353424,0.14470654726028442
13,/home/featurize/work/USCT_repro/USCT_download/c5_wavefield_data/smoke64src_train20_val5/train/train_14.npz,10,425,119,0.5129225254058838,0.15310651063919067
13,/home/featurize/work/USCT_repro/USCT_download/c5_wavefield_data/smoke64src_train20_val5/train/train_14.npz,11,436,137,0.5055429935455322,0.14335300028324127
13,/home/featurize/work/USCT_repro/USCT_download/c5_wavefield_data/smoke64src_train20_val5/train/train_14.npz,12,445,156,0.5071943402290344,0.14838145673274994
13,/home/featurize/work/USCT_repro/USCT_download/c5_wavefield_data/smoke64src_train20_val5/train/train_14.npz,13,452,176,0.5265895128250122,0.1521601378917694
13,/home/featurize/work/USCT_repro/USCT_download/c5_wavefield_data/smoke64src_train20_val5/train/train_14.npz,14,457,197,0.5496598482131958,0.16119377315044403
13,/home/featurize/work/USCT_repro/USCT_download/c5_wavefield_data/smoke64src_train20_val5/train/train_14.npz,15,460,218,0.5426681637763977,0.16662730276584625
13,/home/featurize/work/USCT_repro/USCT_download/c5_wavefield_data/smoke64src_train20_val5/train/train_14.npz,16,461,245,0.5352460741996765,0.14944858849048615
13,/home/featurize/work/USCT_repro/USCT_download/c5_wavefield_data/smoke64src_train20_val5/train/train_14.npz,17,460,266,0.5209084749221802,0.14905421435832977
13,/home/featurize/work/USCT_repro/USCT_download/c5_wavefield_data/smoke64src_train20_val5/train/train_14.npz,18,456,287,0.5198358297348022,0.1490122228860855
13,/home/featurize/work/USCT_repro/USCT_download/c5_wavefield_data/smoke64src_train20_val5/train/train_14.npz,19,451,308,0.5292366743087769,0.15804298222064972
13,/home/featurize/work/USCT_repro/USCT_download/c5_wavefield_data/smoke64src_train20_val5/train/train_14.npz,20,443,328,0.5032354593276978,0.1701260209083557
13,/home/featurize/work/USCT_repro/USCT_download/c5_wavefield_data/smoke64src_train20_val5/train/train_14.npz,21,434,347,0.5056306719779968,0.15553471446037292
13,/home/featurize/work/USCT_repro/USCT_download/c5_wavefield_data/smoke64src_train20_val5/train/train_14.npz,22,423,365,0.4889049232006073,0.14391712844371796
13,/home/featurize/work/USCT_repro/USCT_download/c5_wavefield_data/smoke64src_train20_val5/train/train_14.npz,23,410,382,0.4907403886318207,0.14667648077011108
13,/home/featurize/work/USCT_repro/USCT_download/c5_wavefield_data/smoke64src_train20_val5/train/train_14.npz,24,395,397,0.5008432269096375,0.13796044886112213
13,/home/featurize/work/USCT_repro/USCT_download/c5_wavefield_data/smoke64src_train20_val5/train/train_14.npz,25,380,412,0.534643828868866,0.16482430696487427
13,/home/featurize/work/USCT_repro/USCT_download/c5_wavefield_data/smoke64src_train20_val5/train/train_14.npz,26,362,424,0.5432413220405579,0.15196828544139862
13,/home/featurize/work/USCT_repro/USCT_download/c5_wavefield_data/smoke64src_train20_val5/train/train_14.npz,27,344,435,0.5733767151832581,0.12848930060863495
13,/home/featurize/work/USCT_repro/USCT_download/c5_wavefield_data/smoke64src_train20_val5/train/train_14.npz,28,325,444,0.5912367701530457,0.15967737138271332
13,/home/featurize/work/USCT_repro/USCT_download/c5_wavefield_data/smoke64src_train20_val5/train/train_14.npz,29,305,451,0.5817762613296509,0.1654052734375
13,/home/featurize/work/USCT_repro/USCT_download/c5_wavefield_data/smoke64src_train20_val5/train/train_14.npz,30,284,457,0.5563908815383911,0.16755259037017822
13,/home/featurize/work/USCT_repro/USCT_download/c5_wavefield_data/smoke64src_train20_val5/train/train_14.npz,31,263,460,0.5532655715942383,0.1660434752702713
13,/home/featurize/work/USCT_repro/USCT_download/c5_wavefield_data/smoke64src_train20_val5/train/train_14.npz,32,235,461,0.515480101108551,0.14179305732250214
13,/home/featurize/work/USCT_repro/USCT_download/c5_wavefield_data/smoke64src_train20_val5/train/train_14.npz,33,214,460,0.5372178554534912,0.1461414247751236
13,/home/featurize/work/USCT_repro/USCT_download/c5_wavefield_data/smoke64src_train20_val5/train/train_14.npz,34,193,456,0.5354072451591492,0.1524961143732071
13,/home/featurize/work/USCT_repro/USCT_download/c5_wavefield_data/smoke64src_train20_val5/train/train_14.npz,35,173,451,0.5502707362174988,0.14945504069328308
13,/home/featurize/work/USCT_repro/USCT_download/c5_wavefield_data/smoke64src_train20_val5/train/train_14.npz,36,153,443,0.5375126600265503,0.14776742458343506
13,/home/featurize/work/USCT_repro/USCT_download/c5_wavefield_data/smoke64src_train20_val5/train/train_14.npz,37,134,434,0.5456529259681702,0.1655801385641098
13,/home/featurize/work/USCT_repro/USCT_download/c5_wavefield_data/smoke64src_train20_val5/train/train_14.npz,38,115,423,0.5239887833595276,0.1267869472503662
13,/home/featurize/work/USCT_repro/USCT_download/c5_wavefield_data/smoke64src_train20_val5/train/train_14.npz,39,98,410,0.5058615207672119,0.14001092314720154
13,/home/featurize/work/USCT_repro/USCT_download/c5_wavefield_data/smoke64src_train20_val5/train/train_14.npz,40,83,396,0.48581957817077637,0.14121319353580475
13,/home/featurize/work/USCT_repro/USCT_download/c5_wavefield_data/smoke64src_train20_val5/train/train_14.npz,41,69,380,0.4907051920890808,0.16055333614349365
13,/home/featurize/work/USCT_repro/USCT_download/c5_wavefield_data/smoke64src_train20_val5/train/train_14.npz,42,56,363,0.5058894157409668,0.14704540371894836
13,/home/featurize/work/USCT_repro/USCT_download/c5_wavefield_data/smoke64src_train20_val5/train/train_14.npz,43,45,344,0.49426528811454773,0.13926997780799866
13,/home/featurize/work/USCT_repro/USCT_download/c5_wavefield_data/smoke64src_train20_val5/train/train_14.npz,44,36,325,0.5012305378913879,0.1558871865272522
13,/home/featurize/work/USCT_repro/USCT_download/c5_wavefield_data/smoke64src_train20_val5/train/train_14.npz,45,29,305,0.5252084136009216,0.15743641555309296
13,/home/featurize/work/USCT_repro/USCT_download/c5_wavefield_data/smoke64src_train20_val5/train/train_14.npz,46,23,285,0.5343610644340515,0.14395564794540405
13,/home/featurize/work/USCT_repro/USCT_download/c5_wavefield_data/smoke64src_train20_val5/train/train_14.npz,47,20,264,0.5509992837905884,0.15347906947135925
13,/home/featurize/work/USCT_repro/USCT_download/c5_wavefield_data/smoke64src_train20_val5/train/train_14.npz,48,19,236,0.521094024181366,0.14246761798858643
13,/home/featurize/work/USCT_repro/USCT_download/c5_wavefield_data/smoke64src_train20_val5/train/train_14.npz,49,20,215,0.5160985589027405,0.15437449514865875
13,/home/featurize/work/USCT_repro/USCT_download/c5_wavefield_data/smoke64src_train20_val5/train/train_14.npz,50,24,194,0.5004552602767944,0.14349400997161865
13,/home/featurize/work/USCT_repro/USCT_download/c5_wavefield_data/smoke64src_train20_val5/train/train_14.npz,51,29,174,0.5003566145896912,0.13691037893295288
13,/home/featurize/work/USCT_repro/USCT_download/c5_wavefield_data/smoke64src_train20_val5/train/train_14.npz,52,36,154,0.5042341947555542,0.14185002446174622
13,/home/featurize/work/USCT_repro/USCT_download/c5_wavefield_data/smoke64src_train20_val5/train/train_14.npz,53,46,135,0.49748459458351135,0.17096374928951263
13,/home/featurize/work/USCT_repro/USCT_download/c5_wavefield_data/smoke64src_train20_val5/train/train_14.npz,54,57,116,0.4640103578567505,0.14531439542770386
13,/home/featurize/work/USCT_repro/USCT_download/c5_wavefield_data/smoke64src_train20_val5/train/train_14.npz,55,69,99,0.470273494720459,0.16129302978515625
13,/home/featurize/work/USCT_repro/USCT_download/c5_wavefield_data/smoke64src_train20_val5/train/train_14.npz,56,84,84,0.4750942587852478,0.13759881258010864
13,/home/featurize/work/USCT_repro/USCT_download/c5_wavefield_data/smoke64src_train20_val5/train/train_14.npz,57,99,69,0.4848127067089081,0.1322016417980194
13,/home/featurize/work/USCT_repro/USCT_download/c5_wavefield_data/smoke64src_train20_val5/train/train_14.npz,58,116,57,0.4630102515220642,0.13298505544662476
13,/home/featurize/work/USCT_repro/USCT_download/c5_wavefield_data/smoke64src_train20_val5/train/train_14.npz,59,135,46,0.4704814553260803,0.13263601064682007
13,/home/featurize/work/USCT_repro/USCT_download/c5_wavefield_data/smoke64src_train20_val5/train/train_14.npz,60,154,36,0.47829747200012207,0.14075610041618347
13,/home/featurize/work/USCT_repro/USCT_download/c5_wavefield_data/smoke64src_train20_val5/train/train_14.npz,61,174,29,0.5046749711036682,0.15270043909549713
13,/home/featurize/work/USCT_repro/USCT_download/c5_wavefield_data/smoke64src_train20_val5/train/train_14.npz,62,194,24,0.5184057950973511,0.15041857957839966
13,/home/featurize/work/USCT_repro/USCT_download/c5_wavefield_data/smoke64src_train20_val5/train/train_14.npz,63,215,20,0.5422050952911377,0.15817952156066895
14,/home/featurize/work/USCT_repro/USCT_download/c5_wavefield_data/smoke64src_train20_val5/train/train_15.npz,0,246,19,0.5154113173484802,0.14218415319919586
14,/home/featurize/work/USCT_repro/USCT_download/c5_wavefield_data/smoke64src_train20_val5/train/train_15.npz,1,267,20,0.52167809009552,0.13789857923984528
14,/home/featurize/work/USCT_repro/USCT_download/c5_wavefield_data/smoke64src_train20_val5/train/train_15.npz,2,288,24,0.5029564499855042,0.13407863676548004
14,/home/featurize/work/USCT_repro/USCT_download/c5_wavefield_data/smoke64src_train20_val5/train/train_15.npz,3,309,30,0.4770166873931885,0.1446818858385086
14,/home/featurize/work/USCT_repro/USCT_download/c5_wavefield_data/smoke64src_train20_val5/train/train_15.npz,4,329,37,0.4610746502876282,0.13207140564918518
14,/home/featurize/work/USCT_repro/USCT_download/c5_wavefield_data/smoke64src_train20_val5/train/train_15.npz,5,348,47,0.4947930872440338,0.15444877743721008
14,/home/featurize/work/USCT_repro/USCT_download/c5_wavefield_data/smoke64src_train20_val5/train/train_15.npz,6,366,58,0.5025453567504883,0.1562792956829071
14,/home/featurize/work/USCT_repro/USCT_download/c5_wavefield_data/smoke64src_train20_val5/train/train_15.npz,7,383,71,0.49208495020866394,0.1516372561454773
14,/home/featurize/work/USCT_repro/USCT_download/c5_wavefield_data/smoke64src_train20_val5/train/train_15.npz,8,398,85,0.49022096395492554,0.14158055186271667
14,/home/featurize/work/USCT_repro/USCT_download/c5_wavefield_data/smoke64src_train20_val5/train/train_15.npz,9,412,101,0.4917299151420593,0.1434766799211502
14,/home/featurize/work/USCT_repro/USCT_download/c5_wavefield_data/smoke64src_train20_val5/train/train_15.npz,10,425,119,0.5177613496780396,0.16688057780265808
14,/home/featurize/work/USCT_repro/USCT_download/c5_wavefield_data/smoke64src_train20_val5/train/train_15.npz,11,436,137,0.5318509936332703,0.1571827381849289
14,/home/featurize/work/USCT_repro/USCT_download/c5_wavefield_data/smoke64src_train20_val5/train/train_15.npz,12,445,156,0.5424202680587769,0.16002318263053894
14,/home/featurize/work/USCT_repro/USCT_download/c5_wavefield_data/smoke64src_train20_val5/train/train_15.npz,13,452,176,0.5499309301376343,0.15368010103702545
14,/home/featurize/work/USCT_repro/USCT_download/c5_wavefield_data/smoke64src_train20_val5/train/train_15.npz,14,457,197,0.5543095469474792,0.1914113610982895
14,/home/featurize/work/USCT_repro/USCT_download/c5_wavefield_data/smoke64src_train20_val5/train/train_15.npz,15,460,218,0.5325525403022766,0.17697536945343018
14,/home/featurize/work/USCT_repro/USCT_download/c5_wavefield_data/smoke64src_train20_val5/train/train_15.npz,16,461,245,0.5338401794433594,0.15332013368606567
14,/home/featurize/work/USCT_repro/USCT_download/c5_wavefield_data/smoke64src_train20_val5/train/train_15.npz,17,460,266,0.549118161201477,0.16412049531936646
14,/home/featurize/work/USCT_repro/USCT_download/c5_wavefield_data/smoke64src_train20_val5/train/train_15.npz,18,456,287,0.563086211681366,0.17284421622753143
14,/home/featurize/work/USCT_repro/USCT_download/c5_wavefield_data/smoke64src_train20_val5/train/train_15.npz,19,451,308,0.5728114247322083,0.18092364072799683
14,/home/featurize/work/USCT_repro/USCT_download/c5_wavefield_data/smoke64src_train20_val5/train/train_15.npz,20,443,328,0.5676575899124146,0.16457554697990417
14,/home/featurize/work/USCT_repro/USCT_download/c5_wavefield_data/smoke64src_train20_val5/train/train_15.npz,21,434,347,0.5805640816688538,0.1707349568605423
14,/home/featurize/work/USCT_repro/USCT_download/c5_wavefield_data/smoke64src_train20_val5/train/train_15.npz,22,423,365,0.5742585062980652,0.1770816147327423
14,/home/featurize/work/USCT_repro/USCT_download/c5_wavefield_data/smoke64src_train20_val5/train/train_15.npz,23,410,382,0.5909672975540161,0.1702350229024887
14,/home/featurize/work/USCT_repro/USCT_download/c5_wavefield_data/smoke64src_train20_val5/train/train_15.npz,24,395,397,0.5506671667098999,0.15733973681926727
14,/home/featurize/work/USCT_repro/USCT_download/c5_wavefield_data/smoke64src_train20_val5/train/train_15.npz,25,380,412,0.5496547222137451,0.18131694197654724
14,/home/featurize/work/USCT_repro/USCT_download/c5_wavefield_data/smoke64src_train20_val5/train/train_15.npz,26,362,424,0.53783118724823,0.1760886162519455
14,/home/featurize/work/USCT_repro/USCT_download/c5_wavefield_data/smoke64src_train20_val5/train/train_15.npz,27,344,435,0.5136814713478088,0.14265112578868866
14,/home/featurize/work/USCT_repro/USCT_download/c5_wavefield_data/smoke64src_train20_val5/train/train_15.npz,28,325,444,0.5394284129142761,0.14896611869335175
14,/home/featurize/work/USCT_repro/USCT_download/c5_wavefield_data/smoke64src_train20_val5/train/train_15.npz,29,305,451,0.5308962464332581,0.15602819621562958
14,/home/featurize/work/USCT_repro/USCT_download/c5_wavefield_data/smoke64src_train20_val5/train/train_15.npz,30,284,457,0.5501744747161865,0.17095622420310974
14,/home/featurize/work/USCT_repro/USCT_download/c5_wavefield_data/smoke64src_train20_val5/train/train_15.npz,31,263,460,0.5301792025566101,0.14373214542865753
14,/home/featurize/work/USCT_repro/USCT_download/c5_wavefield_data/smoke64src_train20_val5/train/train_15.npz,32,235,461,0.5109685063362122,0.14611411094665527
14,/home/featurize/work/USCT_repro/USCT_download/c5_wavefield_data/smoke64src_train20_val5/train/train_15.npz,33,214,460,0.5215429663658142,0.15598756074905396
14,/home/featurize/work/USCT_repro/USCT_download/c5_wavefield_data/smoke64src_train20_val5/train/train_15.npz,34,193,456,0.5462242364883423,0.14880254864692688
14,/home/featurize/work/USCT_repro/USCT_download/c5_wavefield_data/smoke64src_train20_val5/train/train_15.npz,35,173,451,0.5726193785667419,0.16477075219154358
14,/home/featurize/work/USCT_repro/USCT_download/c5_wavefield_data/smoke64src_train20_val5/train/train_15.npz,36,153,443,0.5603820085525513,0.1548147052526474
14,/home/featurize/work/USCT_repro/USCT_download/c5_wavefield_data/smoke64src_train20_val5/train/train_15.npz,37,134,434,0.5760730504989624,0.17127865552902222
14,/home/featurize/work/USCT_repro/USCT_download/c5_wavefield_data/smoke64src_train20_val5/train/train_15.npz,38,115,423,0.5094887614250183,0.14362406730651855
14,/home/featurize/work/USCT_repro/USCT_download/c5_wavefield_data/smoke64src_train20_val5/train/train_15.npz,39,98,410,0.5241526961326599,0.14840781688690186
14,/home/featurize/work/USCT_repro/USCT_download/c5_wavefield_data/smoke64src_train20_val5/train/train_15.npz,40,83,396,0.502312421798706,0.14766879379749298
14,/home/featurize/work/USCT_repro/USCT_download/c5_wavefield_data/smoke64src_train20_val5/train/train_15.npz,41,69,380,0.528226375579834,0.14463567733764648
14,/home/featurize/work/USCT_repro/USCT_download/c5_wavefield_data/smoke64src_train20_val5/train/train_15.npz,42,56,363,0.53995680809021,0.15281228721141815
14,/home/featurize/work/USCT_repro/USCT_download/c5_wavefield_data/smoke64src_train20_val5/train/train_15.npz,43,45,344,0.5692372918128967,0.15404874086380005
14,/home/featurize/work/USCT_repro/USCT_download/c5_wavefield_data/smoke64src_train20_val5/train/train_15.npz,44,36,325,0.5882850885391235,0.15477502346038818
14,/home/featurize/work/USCT_repro/USCT_download/c5_wavefield_data/smoke64src_train20_val5/train/train_15.npz,45,29,305,0.5703707933425903,0.17200376093387604
14,/home/featurize/work/USCT_repro/USCT_download/c5_wavefield_data/smoke64src_train20_val5/train/train_15.npz,46,23,285,0.5462542772293091,0.16960078477859497
14,/home/featurize/work/USCT_repro/USCT_download/c5_wavefield_data/smoke64src_train20_val5/train/train_15.npz,47,20,264,0.5379694700241089,0.17267189919948578
14,/home/featurize/work/USCT_repro/USCT_download/c5_wavefield_data/smoke64src_train20_val5/train/train_15.npz,48,19,236,0.49558544158935547,0.14256401360034943
14,/home/featurize/work/USCT_repro/USCT_download/c5_wavefield_data/smoke64src_train20_val5/train/train_15.npz,49,20,215,0.5178351998329163,0.15530426800251007
14,/home/featurize/work/USCT_repro/USCT_download/c5_wavefield_data/smoke64src_train20_val5/train/train_15.npz,50,24,194,0.5249518156051636,0.16106398403644562
14,/home/featurize/work/USCT_repro/USCT_download/c5_wavefield_data/smoke64src_train20_val5/train/train_15.npz,51,29,174,0.5613113641738892,0.18445804715156555
14,/home/featurize/work/USCT_repro/USCT_download/c5_wavefield_data/smoke64src_train20_val5/train/train_15.npz,52,36,154,0.5625623464584351,0.17351332306861877
14,/home/featurize/work/USCT_repro/USCT_download/c5_wavefield_data/smoke64src_train20_val5/train/train_15.npz,53,46,135,0.5426344275474548,0.1693427562713623
14,/home/featurize/work/USCT_repro/USCT_download/c5_wavefield_data/smoke64src_train20_val5/train/train_15.npz,54,57,116,0.5329579710960388,0.16415935754776
14,/home/featurize/work/USCT_repro/USCT_download/c5_wavefield_data/smoke64src_train20_val5/train/train_15.npz,55,69,99,0.5342310070991516,0.168051078915596
14,/home/featurize/work/USCT_repro/USCT_download/c5_wavefield_data/smoke64src_train20_val5/train/train_15.npz,56,84,84,0.5144453644752502,0.15603721141815186
14,/home/featurize/work/USCT_repro/USCT_download/c5_wavefield_data/smoke64src_train20_val5/train/train_15.npz,57,99,69,0.5342082977294922,0.16646292805671692
14,/home/featurize/work/USCT_repro/USCT_download/c5_wavefield_data/smoke64src_train20_val5/train/train_15.npz,58,116,57,0.5354451537132263,0.17003166675567627
14,/home/featurize/work/USCT_repro/USCT_download/c5_wavefield_data/smoke64src_train20_val5/train/train_15.npz,59,135,46,0.5453053712844849,0.16725370287895203
14,/home/featurize/work/USCT_repro/USCT_download/c5_wavefield_data/smoke64src_train20_val5/train/train_15.npz,60,154,36,0.5632298588752747,0.1690807193517685
14,/home/featurize/work/USCT_repro/USCT_download/c5_wavefield_data/smoke64src_train20_val5/train/train_15.npz,61,174,29,0.5498565435409546,0.15346278250217438
14,/home/featurize/work/USCT_repro/USCT_download/c5_wavefield_data/smoke64src_train20_val5/train/train_15.npz,62,194,24,0.5328118801116943,0.1471293568611145
14,/home/featurize/work/USCT_repro/USCT_download/c5_wavefield_data/smoke64src_train20_val5/train/train_15.npz,63,215,20,0.5135857462882996,0.1376434564590454
15,/home/featurize/work/USCT_repro/USCT_download/c5_wavefield_data/smoke64src_train20_val5/train/train_16.npz,0,246,19,0.5642468929290771,0.15677344799041748
15,/home/featurize/work/USCT_repro/USCT_download/c5_wavefield_data/smoke64src_train20_val5/train/train_16.npz,1,267,20,0.5791985988616943,0.16176579892635345
15,/home/featurize/work/USCT_repro/USCT_download/c5_wavefield_data/smoke64src_train20_val5/train/train_16.npz,2,288,24,0.5884590744972229,0.14853189885616302
15,/home/featurize/work/USCT_repro/USCT_download/c5_wavefield_data/smoke64src_train20_val5/train/train_16.npz,3,309,30,0.5805532932281494,0.15668907761573792
15,/home/featurize/work/USCT_repro/USCT_download/c5_wavefield_data/smoke64src_train20_val5/train/train_16.npz,4,329,37,0.576753556728363,0.1895989626646042
15,/home/featurize/work/USCT_repro/USCT_download/c5_wavefield_data/smoke64src_train20_val5/train/train_16.npz,5,348,47,0.5547402501106262,0.18871867656707764
15,/home/featurize/work/USCT_repro/USCT_download/c5_wavefield_data/smoke64src_train20_val5/train/train_16.npz,6,366,58,0.5571240782737732,0.18172955513000488
15,/home/featurize/work/USCT_repro/USCT_download/c5_wavefield_data/smoke64src_train20_val5/train/train_16.npz,7,383,71,0.5392420887947083,0.15887326002120972
15,/home/featurize/work/USCT_repro/USCT_download/c5_wavefield_data/smoke64src_train20_val5/train/train_16.npz,8,398,85,0.5341159105300903,0.15135934948921204
15,/home/featurize/work/USCT_repro/USCT_download/c5_wavefield_data/smoke64src_train20_val5/train/train_16.npz,9,412,101,0.5625776648521423,0.18920576572418213
15,/home/featurize/work/USCT_repro/USCT_download/c5_wavefield_data/smoke64src_train20_val5/train/train_16.npz,10,425,119,0.5726507306098938,0.18114452064037323
15,/home/featurize/work/USCT_repro/USCT_download/c5_wavefield_data/smoke64src_train20_val5/train/train_16.npz,11,436,137,0.5683742165565491,0.17334187030792236
15,/home/featurize/work/USCT_repro/USCT_download/c5_wavefield_data/smoke64src_train20_val5/train/train_16.npz,12,445,156,0.5718187093734741,0.161588653922081
15,/home/featurize/work/USCT_repro/USCT_download/c5_wavefield_data/smoke64src_train20_val5/train/train_16.npz,13,452,176,0.572567880153656,0.16045551002025604
15,/home/featurize/work/USCT_repro/USCT_download/c5_wavefield_data/smoke64src_train20_val5/train/train_16.npz,14,457,197,0.5782558917999268,0.16832011938095093
15,/home/featurize/work/USCT_repro/USCT_download/c5_wavefield_data/smoke64src_train20_val5/train/train_16.npz,15,460,218,0.5659988522529602,0.17908470332622528
15,/home/featurize/work/USCT_repro/USCT_download/c5_wavefield_data/smoke64src_train20_val5/train/train_16.npz,16,461,245,0.5770114660263062,0.15713097155094147
15,/home/featurize/work/USCT_repro/USCT_download/c5_wavefield_data/smoke64src_train20_val5/train/train_16.npz,17,460,266,0.5991652607917786,0.17463351786136627
15,/home/featurize/work/USCT_repro/USCT_download/c5_wavefield_data/smoke64src_train20_val5/train/train_16.npz,18,456,287,0.6182243824005127,0.1598970890045166
15,/home/featurize/work/USCT_repro/USCT_download/c5_wavefield_data/smoke64src_train20_val5/train/train_16.npz,19,451,308,0.5895971059799194,0.15981236100196838
15,/home/featurize/work/USCT_repro/USCT_download/c5_wavefield_data/smoke64src_train20_val5/train/train_16.npz,20,443,328,0.5388175249099731,0.1595684438943863
15,/home/featurize/work/USCT_repro/USCT_download/c5_wavefield_data/smoke64src_train20_val5/train/train_16.npz,21,434,347,0.5486512184143066,0.17497336864471436
15,/home/featurize/work/USCT_repro/USCT_download/c5_wavefield_data/smoke64src_train20_val5/train/train_16.npz,22,423,365,0.5639840364456177,0.15515011548995972
15,/home/featurize/work/USCT_repro/USCT_download/c5_wavefield_data/smoke64src_train20_val5/train/train_16.npz,23,410,382,0.5813329219818115,0.17111189663410187
15,/home/featurize/work/USCT_repro/USCT_download/c5_wavefield_data/smoke64src_train20_val5/train/train_16.npz,24,395,397,0.584380567073822,0.18125581741333008
15,/home/featurize/work/USCT_repro/USCT_download/c5_wavefield_data/smoke64src_train20_val5/train/train_16.npz,25,380,412,0.5823540091514587,0.17815613746643066
15,/home/featurize/work/USCT_repro/USCT_download/c5_wavefield_data/smoke64src_train20_val5/train/train_16.npz,26,362,424,0.5577841401100159,0.1623792052268982
15,/home/featurize/work/USCT_repro/USCT_download/c5_wavefield_data/smoke64src_train20_val5/train/train_16.npz,27,344,435,0.5564531087875366,0.16589541733264923
15,/home/featurize/work/USCT_repro/USCT_download/c5_wavefield_data/smoke64src_train20_val5/train/train_16.npz,28,325,444,0.5790737867355347,0.1759912520647049
15,/home/featurize/work/USCT_repro/USCT_download/c5_wavefield_data/smoke64src_train20_val5/train/train_16.npz,29,305,451,0.5792704820632935,0.16702885925769806
15,/home/featurize/work/USCT_repro/USCT_download/c5_wavefield_data/smoke64src_train20_val5/train/train_16.npz,30,284,457,0.5756624937057495,0.19794557988643646
15,/home/featurize/work/USCT_repro/USCT_download/c5_wavefield_data/smoke64src_train20_val5/train/train_16.npz,31,263,460,0.5617133378982544,0.17066501080989838
15,/home/featurize/work/USCT_repro/USCT_download/c5_wavefield_data/smoke64src_train20_val5/train/train_16.npz,32,235,461,0.5512831211090088,0.15972290933132172
15,/home/featurize/work/USCT_repro/USCT_download/c5_wavefield_data/smoke64src_train20_val5/train/train_16.npz,33,214,460,0.5850764513015747,0.19385091960430145
15,/home/featurize/work/USCT_repro/USCT_download/c5_wavefield_data/smoke64src_train20_val5/train/train_16.npz,34,193,456,0.591507613658905,0.17452801764011383
15,/home/featurize/work/USCT_repro/USCT_download/c5_wavefield_data/smoke64src_train20_val5/train/train_16.npz,35,173,451,0.6041244864463806,0.18315815925598145
15,/home/featurize/work/USCT_repro/USCT_download/c5_wavefield_data/smoke64src_train20_val5/train/train_16.npz,36,153,443,0.594874382019043,0.16995294392108917
15,/home/featurize/work/USCT_repro/USCT_download/c5_wavefield_data/smoke64src_train20_val5/train/train_16.npz,37,134,434,0.5987006425857544,0.18711476027965546
15,/home/featurize/work/USCT_repro/USCT_download/c5_wavefield_data/smoke64src_train20_val5/train/train_16.npz,38,115,423,0.5796415209770203,0.16503307223320007
15,/home/featurize/work/USCT_repro/USCT_download/c5_wavefield_data/smoke64src_train20_val5/train/train_16.npz,39,98,410,0.6153150796890259,0.17202641069889069
15,/home/featurize/work/USCT_repro/USCT_download/c5_wavefield_data/smoke64src_train20_val5/train/train_16.npz,40,83,396,0.6143308281898499,0.18623395264148712
15,/home/featurize/work/USCT_repro/USCT_download/c5_wavefield_data/smoke64src_train20_val5/train/train_16.npz,41,69,380,0.5984086394309998,0.1668318212032318
15,/home/featurize/work/USCT_repro/USCT_download/c5_wavefield_data/smoke64src_train20_val5/train/train_16.npz,42,56,363,0.5857445597648621,0.157981738448143
15,/home/featurize/work/USCT_repro/USCT_download/c5_wavefield_data/smoke64src_train20_val5/train/train_16.npz,43,45,344,0.5777423977851868,0.1747620552778244
15,/home/featurize/work/USCT_repro/USCT_download/c5_wavefield_data/smoke64src_train20_val5/train/train_16.npz,44,36,325,0.6238858103752136,0.18780331313610077
15,/home/featurize/work/USCT_repro/USCT_download/c5_wavefield_data/smoke64src_train20_val5/train/train_16.npz,45,29,305,0.6210333108901978,0.19926363229751587
15,/home/featurize/work/USCT_repro/USCT_download/c5_wavefield_data/smoke64src_train20_val5/train/train_16.npz,46,23,285,0.6459939479827881,0.19910624623298645
15,/home/featurize/work/USCT_repro/USCT_download/c5_wavefield_data/smoke64src_train20_val5/train/train_16.npz,47,20,264,0.6177541613578796,0.17701394855976105
15,/home/featurize/work/USCT_repro/USCT_download/c5_wavefield_data/smoke64src_train20_val5/train/train_16.npz,48,19,236,0.6003354787826538,0.18026407063007355
15,/home/featurize/work/USCT_repro/USCT_download/c5_wavefield_data/smoke64src_train20_val5/train/train_16.npz,49,20,215,0.5924782752990723,0.17121267318725586
15,/home/featurize/work/USCT_repro/USCT_download/c5_wavefield_data/smoke64src_train20_val5/train/train_16.npz,50,24,194,0.580750584602356,0.16315385699272156
15,/home/featurize/work/USCT_repro/USCT_download/c5_wavefield_data/smoke64src_train20_val5/train/train_16.npz,51,29,174,0.5949686169624329,0.18708255887031555
15,/home/featurize/work/USCT_repro/USCT_download/c5_wavefield_data/smoke64src_train20_val5/train/train_16.npz,52,36,154,0.6186341047286987,0.200497105717659
15,/home/featurize/work/USCT_repro/USCT_download/c5_wavefield_data/smoke64src_train20_val5/train/train_16.npz,53,46,135,0.5944149494171143,0.17700259387493134
15,/home/featurize/work/USCT_repro/USCT_download/c5_wavefield_data/smoke64src_train20_val5/train/train_16.npz,54,57,116,0.5546901822090149,0.17011089622974396
15,/home/featurize/work/USCT_repro/USCT_download/c5_wavefield_data/smoke64src_train20_val5/train/train_16.npz,55,69,99,0.5572062134742737,0.15046527981758118
15,/home/featurize/work/USCT_repro/USCT_download/c5_wavefield_data/smoke64src_train20_val5/train/train_16.npz,56,84,84,0.5405591130256653,0.15765529870986938
15,/home/featurize/work/USCT_repro/USCT_download/c5_wavefield_data/smoke64src_train20_val5/train/train_16.npz,57,99,69,0.5825178027153015,0.16433487832546234
15,/home/featurize/work/USCT_repro/USCT_download/c5_wavefield_data/smoke64src_train20_val5/train/train_16.npz,58,116,57,0.5907657146453857,0.17481720447540283
15,/home/featurize/work/USCT_repro/USCT_download/c5_wavefield_data/smoke64src_train20_val5/train/train_16.npz,59,135,46,0.59012770652771,0.1624840646982193
15,/home/featurize/work/USCT_repro/USCT_download/c5_wavefield_data/smoke64src_train20_val5/train/train_16.npz,60,154,36,0.5828509330749512,0.16194458305835724
15,/home/featurize/work/USCT_repro/USCT_download/c5_wavefield_data/smoke64src_train20_val5/train/train_16.npz,61,174,29,0.560831606388092,0.16323360800743103
15,/home/featurize/work/USCT_repro/USCT_download/c5_wavefield_data/smoke64src_train20_val5/train/train_16.npz,62,194,24,0.5484856963157654,0.15521538257598877
15,/home/featurize/work/USCT_repro/USCT_download/c5_wavefield_data/smoke64src_train20_val5/train/train_16.npz,63,215,20,0.5644136071205139,0.1820920705795288
16,/home/featurize/work/USCT_repro/USCT_download/c5_wavefield_data/smoke64src_train20_val5/train/train_17.npz,0,246,19,0.5896785259246826,0.1700720340013504
16,/home/featurize/work/USCT_repro/USCT_download/c5_wavefield_data/smoke64src_train20_val5/train/train_17.npz,1,267,20,0.6063992977142334,0.1706436723470688
16,/home/featurize/work/USCT_repro/USCT_download/c5_wavefield_data/smoke64src_train20_val5/train/train_17.npz,2,288,24,0.6687061190605164,0.16996927559375763
16,/home/featurize/work/USCT_repro/USCT_download/c5_wavefield_data/smoke64src_train20_val5/train/train_17.npz,3,309,30,0.6517881155014038,0.16325417160987854
16,/home/featurize/work/USCT_repro/USCT_download/c5_wavefield_data/smoke64src_train20_val5/train/train_17.npz,4,329,37,0.62509685754776,0.16107845306396484
16,/home/featurize/work/USCT_repro/USCT_download/c5_wavefield_data/smoke64src_train20_val5/train/train_17.npz,5,348,47,0.5856328010559082,0.17498652637004852
16,/home/featurize/work/USCT_repro/USCT_download/c5_wavefield_data/smoke64src_train20_val5/train/train_17.npz,6,366,58,0.5663578510284424,0.1621216982603073
16,/home/featurize/work/USCT_repro/USCT_download/c5_wavefield_data/smoke64src_train20_val5/train/train_17.npz,7,383,71,0.5774242281913757,0.1721201241016388
16,/home/featurize/work/USCT_repro/USCT_download/c5_wavefield_data/smoke64src_train20_val5/train/train_17.npz,8,398,85,0.5610713362693787,0.1582399606704712
16,/home/featurize/work/USCT_repro/USCT_download/c5_wavefield_data/smoke64src_train20_val5/train/train_17.npz,9,412,101,0.5766121745109558,0.17949752509593964
16,/home/featurize/work/USCT_repro/USCT_download/c5_wavefield_data/smoke64src_train20_val5/train/train_17.npz,10,425,119,0.567911684513092,0.16246995329856873
16,/home/featurize/work/USCT_repro/USCT_download/c5_wavefield_data/smoke64src_train20_val5/train/train_17.npz,11,436,137,0.5696023106575012,0.17619583010673523
16,/home/featurize/work/USCT_repro/USCT_download/c5_wavefield_data/smoke64src_train20_val5/train/train_17.npz,12,445,156,0.5860632658004761,0.17784488201141357
16,/home/featurize/work/USCT_repro/USCT_download/c5_wavefield_data/smoke64src_train20_val5/train/train_17.npz,13,452,176,0.5797250270843506,0.17331562936306
16,/home/featurize/work/USCT_repro/USCT_download/c5_wavefield_data/smoke64src_train20_val5/train/train_17.npz,14,457,197,0.6025276780128479,0.17979812622070312
16,/home/featurize/work/USCT_repro/USCT_download/c5_wavefield_data/smoke64src_train20_val5/train/train_17.npz,15,460,218,0.5897290706634521,0.1718319058418274
16,/home/featurize/work/USCT_repro/USCT_download/c5_wavefield_data/smoke64src_train20_val5/train/train_17.npz,16,461,245,0.5796741247177124,0.16937081515789032
16,/home/featurize/work/USCT_repro/USCT_download/c5_wavefield_data/smoke64src_train20_val5/train/train_17.npz,17,460,266,0.576851487159729,0.18327796459197998
16,/home/featurize/work/USCT_repro/USCT_download/c5_wavefield_data/smoke64src_train20_val5/train/train_17.npz,18,456,287,0.571753740310669,0.17853742837905884
16,/home/featurize/work/USCT_repro/USCT_download/c5_wavefield_data/smoke64src_train20_val5/train/train_17.npz,19,451,308,0.5758324861526489,0.1716299206018448
16,/home/featurize/work/USCT_repro/USCT_download/c5_wavefield_data/smoke64src_train20_val5/train/train_17.npz,20,443,328,0.5770472288131714,0.18323028087615967
16,/home/featurize/work/USCT_repro/USCT_download/c5_wavefield_data/smoke64src_train20_val5/train/train_17.npz,21,434,347,0.5678712725639343,0.16835711896419525
16,/home/featurize/work/USCT_repro/USCT_download/c5_wavefield_data/smoke64src_train20_val5/train/train_17.npz,22,423,365,0.5633100271224976,0.15961723029613495
16,/home/featurize/work/USCT_repro/USCT_download/c5_wavefield_data/smoke64src_train20_val5/train/train_17.npz,23,410,382,0.5384811758995056,0.15118414163589478
16,/home/featurize/work/USCT_repro/USCT_download/c5_wavefield_data/smoke64src_train20_val5/train/train_17.npz,24,395,397,0.5410523414611816,0.14709903299808502
16,/home/featurize/work/USCT_repro/USCT_download/c5_wavefield_data/smoke64src_train20_val5/train/train_17.npz,25,380,412,0.5744504332542419,0.17724508047103882
16,/home/featurize/work/USCT_repro/USCT_download/c5_wavefield_data/smoke64src_train20_val5/train/train_17.npz,26,362,424,0.6025919914245605,0.1811874806880951
16,/home/featurize/work/USCT_repro/USCT_download/c5_wavefield_data/smoke64src_train20_val5/train/train_17.npz,27,344,435,0.6223168969154358,0.14553631842136383
16,/home/featurize/work/USCT_repro/USCT_download/c5_wavefield_data/smoke64src_train20_val5/train/train_17.npz,28,325,444,0.6670668721199036,0.20206594467163086
16,/home/featurize/work/USCT_repro/USCT_download/c5_wavefield_data/smoke64src_train20_val5/train/train_17.npz,29,305,451,0.633018434047699,0.18675266206264496
16,/home/featurize/work/USCT_repro/USCT_download/c5_wavefield_data/smoke64src_train20_val5/train/train_17.npz,30,284,457,0.6145601868629456,0.17740140855312347
16,/home/featurize/work/USCT_repro/USCT_download/c5_wavefield_data/smoke64src_train20_val5/train/train_17.npz,31,263,460,0.589381754398346,0.17814753949642181
16,/home/featurize/work/USCT_repro/USCT_download/c5_wavefield_data/smoke64src_train20_val5/train/train_17.npz,32,235,461,0.5750717520713806,0.17649680376052856
16,/home/featurize/work/USCT_repro/USCT_download/c5_wavefield_data/smoke64src_train20_val5/train/train_17.npz,33,214,460,0.6005011796951294,0.17017538845539093
16,/home/featurize/work/USCT_repro/USCT_download/c5_wavefield_data/smoke64src_train20_val5/train/train_17.npz,34,193,456,0.612989068031311,0.16614603996276855
16,/home/featurize/work/USCT_repro/USCT_download/c5_wavefield_data/smoke64src_train20_val5/train/train_17.npz,35,173,451,0.6132584810256958,0.1620577722787857
16,/home/featurize/work/USCT_repro/USCT_download/c5_wavefield_data/smoke64src_train20_val5/train/train_17.npz,36,153,443,0.623481035232544,0.15630722045898438
16,/home/featurize/work/USCT_repro/USCT_download/c5_wavefield_data/smoke64src_train20_val5/train/train_17.npz,37,134,434,0.5695506930351257,0.17605124413967133
16,/home/featurize/work/USCT_repro/USCT_download/c5_wavefield_data/smoke64src_train20_val5/train/train_17.npz,38,115,423,0.5738061666488647,0.15703809261322021
16,/home/featurize/work/USCT_repro/USCT_download/c5_wavefield_data/smoke64src_train20_val5/train/train_17.npz,39,98,410,0.5638634562492371,0.1633840799331665
16,/home/featurize/work/USCT_repro/USCT_download/c5_wavefield_data/smoke64src_train20_val5/train/train_17.npz,40,83,396,0.5156643390655518,0.15938207507133484
16,/home/featurize/work/USCT_repro/USCT_download/c5_wavefield_data/smoke64src_train20_val5/train/train_17.npz,41,69,380,0.5246908664703369,0.16602857410907745
16,/home/featurize/work/USCT_repro/USCT_download/c5_wavefield_data/smoke64src_train20_val5/train/train_17.npz,42,56,363,0.5312535166740417,0.1605929583311081
16,/home/featurize/work/USCT_repro/USCT_download/c5_wavefield_data/smoke64src_train20_val5/train/train_17.npz,43,45,344,0.5319734811782837,0.1682879477739334
16,/home/featurize/work/USCT_repro/USCT_download/c5_wavefield_data/smoke64src_train20_val5/train/train_17.npz,44,36,325,0.5561477541923523,0.17386679351329803
16,/home/featurize/work/USCT_repro/USCT_download/c5_wavefield_data/smoke64src_train20_val5/train/train_17.npz,45,29,305,0.5487823486328125,0.14961348474025726
16,/home/featurize/work/USCT_repro/USCT_download/c5_wavefield_data/smoke64src_train20_val5/train/train_17.npz,46,23,285,0.5816341042518616,0.17590367794036865
16,/home/featurize/work/USCT_repro/USCT_download/c5_wavefield_data/smoke64src_train20_val5/train/train_17.npz,47,20,264,0.5993074178695679,0.16952942311763763
16,/home/featurize/work/USCT_repro/USCT_download/c5_wavefield_data/smoke64src_train20_val5/train/train_17.npz,48,19,236,0.5676348805427551,0.16024386882781982
16,/home/featurize/work/USCT_repro/USCT_download/c5_wavefield_data/smoke64src_train20_val5/train/train_17.npz,49,20,215,0.5744076371192932,0.16719083487987518
16,/home/featurize/work/USCT_repro/USCT_download/c5_wavefield_data/smoke64src_train20_val5/train/train_17.npz,50,24,194,0.5602610111236572,0.1545230895280838
16,/home/featurize/work/USCT_repro/USCT_download/c5_wavefield_data/smoke64src_train20_val5/train/train_17.npz,51,29,174,0.544806957244873,0.16650304198265076
16,/home/featurize/work/USCT_repro/USCT_download/c5_wavefield_data/smoke64src_train20_val5/train/train_17.npz,52,36,154,0.5401226878166199,0.18169724941253662
16,/home/featurize/work/USCT_repro/USCT_download/c5_wavefield_data/smoke64src_train20_val5/train/train_17.npz,53,46,135,0.5452731251716614,0.17036917805671692
16,/home/featurize/work/USCT_repro/USCT_download/c5_wavefield_data/smoke64src_train20_val5/train/train_17.npz,54,57,116,0.5391450524330139,0.1706937998533249
16,/home/featurize/work/USCT_repro/USCT_download/c5_wavefield_data/smoke64src_train20_val5/train/train_17.npz,55,69,99,0.5352820158004761,0.17641261219978333
16,/home/featurize/work/USCT_repro/USCT_download/c5_wavefield_data/smoke64src_train20_val5/train/train_17.npz,56,84,84,0.5456754565238953,0.17316822707653046
16,/home/featurize/work/USCT_repro/USCT_download/c5_wavefield_data/smoke64src_train20_val5/train/train_17.npz,57,99,69,0.5462149381637573,0.17404623329639435
16,/home/featurize/work/USCT_repro/USCT_download/c5_wavefield_data/smoke64src_train20_val5/train/train_17.npz,58,116,57,0.5291875600814819,0.16902510821819305
16,/home/featurize/work/USCT_repro/USCT_download/c5_wavefield_data/smoke64src_train20_val5/train/train_17.npz,59,135,46,0.542544424533844,0.16237957775592804
16,/home/featurize/work/USCT_repro/USCT_download/c5_wavefield_data/smoke64src_train20_val5/train/train_17.npz,60,154,36,0.5536834597587585,0.17276540398597717
16,/home/featurize/work/USCT_repro/USCT_download/c5_wavefield_data/smoke64src_train20_val5/train/train_17.npz,61,174,29,0.5551255941390991,0.17122049629688263
16,/home/featurize/work/USCT_repro/USCT_download/c5_wavefield_data/smoke64src_train20_val5/train/train_17.npz,62,194,24,0.5587071180343628,0.1642642617225647
16,/home/featurize/work/USCT_repro/USCT_download/c5_wavefield_data/smoke64src_train20_val5/train/train_17.npz,63,215,20,0.5714740753173828,0.15483807027339935
17,/home/featurize/work/USCT_repro/USCT_download/c5_wavefield_data/smoke64src_train20_val5/train/train_18.npz,0,246,19,0.4892071485519409,0.13782364130020142
17,/home/featurize/work/USCT_repro/USCT_download/c5_wavefield_data/smoke64src_train20_val5/train/train_18.npz,1,267,20,0.5006320476531982,0.1406116783618927
17,/home/featurize/work/USCT_repro/USCT_download/c5_wavefield_data/smoke64src_train20_val5/train/train_18.npz,2,288,24,0.5225294232368469,0.15123173594474792
17,/home/featurize/work/USCT_repro/USCT_download/c5_wavefield_data/smoke64src_train20_val5/train/train_18.npz,3,309,30,0.5246084928512573,0.15645574033260345
17,/home/featurize/work/USCT_repro/USCT_download/c5_wavefield_data/smoke64src_train20_val5/train/train_18.npz,4,329,37,0.5072605609893799,0.15259259939193726
17,/home/featurize/work/USCT_repro/USCT_download/c5_wavefield_data/smoke64src_train20_val5/train/train_18.npz,5,348,47,0.48088687658309937,0.13978396356105804
17,/home/featurize/work/USCT_repro/USCT_download/c5_wavefield_data/smoke64src_train20_val5/train/train_18.npz,6,366,58,0.48160916566848755,0.14985045790672302
17,/home/featurize/work/USCT_repro/USCT_download/c5_wavefield_data/smoke64src_train20_val5/train/train_18.npz,7,383,71,0.4624423086643219,0.13906610012054443
17,/home/featurize/work/USCT_repro/USCT_download/c5_wavefield_data/smoke64src_train20_val5/train/train_18.npz,8,398,85,0.44596248865127563,0.13926082849502563
17,/home/featurize/work/USCT_repro/USCT_download/c5_wavefield_data/smoke64src_train20_val5/train/train_18.npz,9,412,101,0.467568039894104,0.1478910595178604
17,/home/featurize/work/USCT_repro/USCT_download/c5_wavefield_data/smoke64src_train20_val5/train/train_18.npz,10,425,119,0.49351367354393005,0.15171022713184357
17,/home/featurize/work/USCT_repro/USCT_download/c5_wavefield_data/smoke64src_train20_val5/train/train_18.npz,11,436,137,0.5073243379592896,0.15786190330982208
17,/home/featurize/work/USCT_repro/USCT_download/c5_wavefield_data/smoke64src_train20_val5/train/train_18.npz,12,445,156,0.52376788854599,0.1465861201286316
17,/home/featurize/work/USCT_repro/USCT_download/c5_wavefield_data/smoke64src_train20_val5/train/train_18.npz,13,452,176,0.5432690382003784,0.1628875732421875
17,/home/featurize/work/USCT_repro/USCT_download/c5_wavefield_data/smoke64src_train20_val5/train/train_18.npz,14,457,197,0.5719940662384033,0.17165349423885345
17,/home/featurize/work/USCT_repro/USCT_download/c5_wavefield_data/smoke64src_train20_val5/train/train_18.npz,15,460,218,0.582047700881958,0.16161948442459106
17,/home/featurize/work/USCT_repro/USCT_download/c5_wavefield_data/smoke64src_train20_val5/train/train_18.npz,16,461,245,0.5400041341781616,0.15345780551433563
17,/home/featurize/work/USCT_repro/USCT_download/c5_wavefield_data/smoke64src_train20_val5/train/train_18.npz,17,460,266,0.5086678266525269,0.14879529178142548
17,/home/featurize/work/USCT_repro/USCT_download/c5_wavefield_data/smoke64src_train20_val5/train/train_18.npz,18,456,287,0.5161377787590027,0.14336025714874268
17,/home/featurize/work/USCT_repro/USCT_download/c5_wavefield_data/smoke64src_train20_val5/train/train_18.npz,19,451,308,0.5226612091064453,0.15129393339157104
17,/home/featurize/work/USCT_repro/USCT_download/c5_wavefield_data/smoke64src_train20_val5/train/train_18.npz,20,443,328,0.5418829917907715,0.165837824344635
17,/home/featurize/work/USCT_repro/USCT_download/c5_wavefield_data/smoke64src_train20_val5/train/train_18.npz,21,434,347,0.5184745192527771,0.16347740590572357
17,/home/featurize/work/USCT_repro/USCT_download/c5_wavefield_data/smoke64src_train20_val5/train/train_18.npz,22,423,365,0.4956470727920532,0.13260337710380554
17,/home/featurize/work/USCT_repro/USCT_download/c5_wavefield_data/smoke64src_train20_val5/train/train_18.npz,23,410,382,0.48366549611091614,0.15628094971179962
17,/home/featurize/work/USCT_repro/USCT_download/c5_wavefield_data/smoke64src_train20_val5/train/train_18.npz,24,395,397,0.4999296963214874,0.1512213498353958
17,/home/featurize/work/USCT_repro/USCT_download/c5_wavefield_data/smoke64src_train20_val5/train/train_18.npz,25,380,412,0.5253685116767883,0.15335416793823242
17,/home/featurize/work/USCT_repro/USCT_download/c5_wavefield_data/smoke64src_train20_val5/train/train_18.npz,26,362,424,0.5491037964820862,0.15908193588256836
17,/home/featurize/work/USCT_repro/USCT_download/c5_wavefield_data/smoke64src_train20_val5/train/train_18.npz,27,344,435,0.5408028960227966,0.1472557932138443
17,/home/featurize/work/USCT_repro/USCT_download/c5_wavefield_data/smoke64src_train20_val5/train/train_18.npz,28,325,444,0.5929176211357117,0.15529309213161469
17,/home/featurize/work/USCT_repro/USCT_download/c5_wavefield_data/smoke64src_train20_val5/train/train_18.npz,29,305,451,0.5886170864105225,0.17913305759429932
17,/home/featurize/work/USCT_repro/USCT_download/c5_wavefield_data/smoke64src_train20_val5/train/train_18.npz,30,284,457,0.5692434906959534,0.1622118502855301
17,/home/featurize/work/USCT_repro/USCT_download/c5_wavefield_data/smoke64src_train20_val5/train/train_18.npz,31,263,460,0.5677605867385864,0.15466052293777466
17,/home/featurize/work/USCT_repro/USCT_download/c5_wavefield_data/smoke64src_train20_val5/train/train_18.npz,32,235,461,0.5129547119140625,0.14967335760593414
17,/home/featurize/work/USCT_repro/USCT_download/c5_wavefield_data/smoke64src_train20_val5/train/train_18.npz,33,214,460,0.531394362449646,0.1446043998003006
17,/home/featurize/work/USCT_repro/USCT_download/c5_wavefield_data/smoke64src_train20_val5/train/train_18.npz,34,193,456,0.5059890151023865,0.13071739673614502
17,/home/featurize/work/USCT_repro/USCT_download/c5_wavefield_data/smoke64src_train20_val5/train/train_18.npz,35,173,451,0.508854866027832,0.13468217849731445
17,/home/featurize/work/USCT_repro/USCT_download/c5_wavefield_data/smoke64src_train20_val5/train/train_18.npz,36,153,443,0.5233219265937805,0.1476002335548401
17,/home/featurize/work/USCT_repro/USCT_download/c5_wavefield_data/smoke64src_train20_val5/train/train_18.npz,37,134,434,0.4965379536151886,0.15015234053134918
17,/home/featurize/work/USCT_repro/USCT_download/c5_wavefield_data/smoke64src_train20_val5/train/train_18.npz,38,115,423,0.482750803232193,0.15080603957176208
17,/home/featurize/work/USCT_repro/USCT_download/c5_wavefield_data/smoke64src_train20_val5/train/train_18.npz,39,98,410,0.4905543029308319,0.14212436974048615
17,/home/featurize/work/USCT_repro/USCT_download/c5_wavefield_data/smoke64src_train20_val5/train/train_18.npz,40,83,396,0.47318515181541443,0.12921276688575745
17,/home/featurize/work/USCT_repro/USCT_download/c5_wavefield_data/smoke64src_train20_val5/train/train_18.npz,41,69,380,0.4563867151737213,0.13699358701705933
17,/home/featurize/work/USCT_repro/USCT_download/c5_wavefield_data/smoke64src_train20_val5/train/train_18.npz,42,56,363,0.4805524945259094,0.13689345121383667
17,/home/featurize/work/USCT_repro/USCT_download/c5_wavefield_data/smoke64src_train20_val5/train/train_18.npz,43,45,344,0.5009477734565735,0.14225564897060394
17,/home/featurize/work/USCT_repro/USCT_download/c5_wavefield_data/smoke64src_train20_val5/train/train_18.npz,44,36,325,0.5026388168334961,0.15460512042045593
17,/home/featurize/work/USCT_repro/USCT_download/c5_wavefield_data/smoke64src_train20_val5/train/train_18.npz,45,29,305,0.47721073031425476,0.14552071690559387
17,/home/featurize/work/USCT_repro/USCT_download/c5_wavefield_data/smoke64src_train20_val5/train/train_18.npz,46,23,285,0.5004689693450928,0.1546795666217804
17,/home/featurize/work/USCT_repro/USCT_download/c5_wavefield_data/smoke64src_train20_val5/train/train_18.npz,47,20,264,0.4980259835720062,0.1464831382036209
17,/home/featurize/work/USCT_repro/USCT_download/c5_wavefield_data/smoke64src_train20_val5/train/train_18.npz,48,19,236,0.5101883411407471,0.15263715386390686
17,/home/featurize/work/USCT_repro/USCT_download/c5_wavefield_data/smoke64src_train20_val5/train/train_18.npz,49,20,215,0.5434786081314087,0.16013358533382416
17,/home/featurize/work/USCT_repro/USCT_download/c5_wavefield_data/smoke64src_train20_val5/train/train_18.npz,50,24,194,0.5260955691337585,0.14235489070415497
17,/home/featurize/work/USCT_repro/USCT_download/c5_wavefield_data/smoke64src_train20_val5/train/train_18.npz,51,29,174,0.5233120322227478,0.14009049534797668
17,/home/featurize/work/USCT_repro/USCT_download/c5_wavefield_data/smoke64src_train20_val5/train/train_18.npz,52,36,154,0.5271087288856506,0.1638818234205246
17,/home/featurize/work/USCT_repro/USCT_download/c5_wavefield_data/smoke64src_train20_val5/train/train_18.npz,53,46,135,0.5190021991729736,0.14646339416503906
17,/home/featurize/work/USCT_repro/USCT_download/c5_wavefield_data/smoke64src_train20_val5/train/train_18.npz,54,57,116,0.49210336804389954,0.15296806395053864
17,/home/featurize/work/USCT_repro/USCT_download/c5_wavefield_data/smoke64src_train20_val5/train/train_18.npz,55,69,99,0.48155486583709717,0.16323842108249664
17,/home/featurize/work/USCT_repro/USCT_download/c5_wavefield_data/smoke64src_train20_val5/train/train_18.npz,56,84,84,0.48103171586990356,0.15460573136806488
17,/home/featurize/work/USCT_repro/USCT_download/c5_wavefield_data/smoke64src_train20_val5/train/train_18.npz,57,99,69,0.5015872716903687,0.16291888058185577
17,/home/featurize/work/USCT_repro/USCT_download/c5_wavefield_data/smoke64src_train20_val5/train/train_18.npz,58,116,57,0.5052415132522583,0.14074212312698364
17,/home/featurize/work/USCT_repro/USCT_download/c5_wavefield_data/smoke64src_train20_val5/train/train_18.npz,59,135,46,0.4922185242176056,0.15151304006576538
17,/home/featurize/work/USCT_repro/USCT_download/c5_wavefield_data/smoke64src_train20_val5/train/train_18.npz,60,154,36,0.5038203597068787,0.15481631457805634
17,/home/featurize/work/USCT_repro/USCT_download/c5_wavefield_data/smoke64src_train20_val5/train/train_18.npz,61,174,29,0.5047865509986877,0.1431068629026413
17,/home/featurize/work/USCT_repro/USCT_download/c5_wavefield_data/smoke64src_train20_val5/train/train_18.npz,62,194,24,0.49459123611450195,0.13432356715202332
17,/home/featurize/work/USCT_repro/USCT_download/c5_wavefield_data/smoke64src_train20_val5/train/train_18.npz,63,215,20,0.48717597126960754,0.12944206595420837
18,/home/featurize/work/USCT_repro/USCT_download/c5_wavefield_data/smoke64src_train20_val5/train/train_19.npz,0,246,19,0.4780386686325073,0.1277102380990982
18,/home/featurize/work/USCT_repro/USCT_download/c5_wavefield_data/smoke64src_train20_val5/train/train_19.npz,1,267,20,0.4901484251022339,0.14382882416248322
18,/home/featurize/work/USCT_repro/USCT_download/c5_wavefield_data/smoke64src_train20_val5/train/train_19.npz,2,288,24,0.5103314518928528,0.15230117738246918
18,/home/featurize/work/USCT_repro/USCT_download/c5_wavefield_data/smoke64src_train20_val5/train/train_19.npz,3,309,30,0.5153677463531494,0.14548270404338837
18,/home/featurize/work/USCT_repro/USCT_download/c5_wavefield_data/smoke64src_train20_val5/train/train_19.npz,4,329,37,0.5121684074401855,0.14900577068328857
18,/home/featurize/work/USCT_repro/USCT_download/c5_wavefield_data/smoke64src_train20_val5/train/train_19.npz,5,348,47,0.5030444264411926,0.16194376349449158
18,/home/featurize/work/USCT_repro/USCT_download/c5_wavefield_data/smoke64src_train20_val5/train/train_19.npz,6,366,58,0.4659116864204407,0.14381720125675201
18,/home/featurize/work/USCT_repro/USCT_download/c5_wavefield_data/smoke64src_train20_val5/train/train_19.npz,7,383,71,0.45397457480430603,0.14905937016010284
18,/home/featurize/work/USCT_repro/USCT_download/c5_wavefield_data/smoke64src_train20_val5/train/train_19.npz,8,398,85,0.45585954189300537,0.14842544496059418
18,/home/featurize/work/USCT_repro/USCT_download/c5_wavefield_data/smoke64src_train20_val5/train/train_19.npz,9,412,101,0.4609817564487457,0.1321348249912262
18,/home/featurize/work/USCT_repro/USCT_download/c5_wavefield_data/smoke64src_train20_val5/train/train_19.npz,10,425,119,0.48339182138442993,0.14985638856887817
18,/home/featurize/work/USCT_repro/USCT_download/c5_wavefield_data/smoke64src_train20_val5/train/train_19.npz,11,436,137,0.488678514957428,0.14488883316516876
18,/home/featurize/work/USCT_repro/USCT_download/c5_wavefield_data/smoke64src_train20_val5/train/train_19.npz,12,445,156,0.48911967873573303,0.14030644297599792
18,/home/featurize/work/USCT_repro/USCT_download/c5_wavefield_data/smoke64src_train20_val5/train/train_19.npz,13,452,176,0.4951169490814209,0.15125739574432373
18,/home/featurize/work/USCT_repro/USCT_download/c5_wavefield_data/smoke64src_train20_val5/train/train_19.npz,14,457,197,0.4933992624282837,0.13516439497470856
18,/home/featurize/work/USCT_repro/USCT_download/c5_wavefield_data/smoke64src_train20_val5/train/train_19.npz,15,460,218,0.4674527645111084,0.12904679775238037
18,/home/featurize/work/USCT_repro/USCT_download/c5_wavefield_data/smoke64src_train20_val5/train/train_19.npz,16,461,245,0.5076600313186646,0.13772809505462646
18,/home/featurize/work/USCT_repro/USCT_download/c5_wavefield_data/smoke64src_train20_val5/train/train_19.npz,17,460,266,0.5251877903938293,0.14943304657936096
18,/home/featurize/work/USCT_repro/USCT_download/c5_wavefield_data/smoke64src_train20_val5/train/train_19.npz,18,456,287,0.5351851582527161,0.15314409136772156
18,/home/featurize/work/USCT_repro/USCT_download/c5_wavefield_data/smoke64src_train20_val5/train/train_19.npz,19,451,308,0.5041700601577759,0.14832118153572083
18,/home/featurize/work/USCT_repro/USCT_download/c5_wavefield_data/smoke64src_train20_val5/train/train_19.npz,20,443,328,0.4639204442501068,0.14693018794059753
18,/home/featurize/work/USCT_repro/USCT_download/c5_wavefield_data/smoke64src_train20_val5/train/train_19.npz,21,434,347,0.4544951021671295,0.1333228051662445
18,/home/featurize/work/USCT_repro/USCT_download/c5_wavefield_data/smoke64src_train20_val5/train/train_19.npz,22,423,365,0.4364878535270691,0.1305246353149414
18,/home/featurize/work/USCT_repro/USCT_download/c5_wavefield_data/smoke64src_train20_val5/train/train_19.npz,23,410,382,0.45828869938850403,0.14627273380756378
18,/home/featurize/work/USCT_repro/USCT_download/c5_wavefield_data/smoke64src_train20_val5/train/train_19.npz,24,395,397,0.47736355662345886,0.1331011950969696
18,/home/featurize/work/USCT_repro/USCT_download/c5_wavefield_data/smoke64src_train20_val5/train/train_19.npz,25,380,412,0.5057782530784607,0.1646430790424347
18,/home/featurize/work/USCT_repro/USCT_download/c5_wavefield_data/smoke64src_train20_val5/train/train_19.npz,26,362,424,0.498634397983551,0.14473897218704224
18,/home/featurize/work/USCT_repro/USCT_download/c5_wavefield_data/smoke64src_train20_val5/train/train_19.npz,27,344,435,0.4988427460193634,0.14038369059562683
18,/home/featurize/work/USCT_repro/USCT_download/c5_wavefield_data/smoke64src_train20_val5/train/train_19.npz,28,325,444,0.4891117215156555,0.14592285454273224
18,/home/featurize/work/USCT_repro/USCT_download/c5_wavefield_data/smoke64src_train20_val5/train/train_19.npz,29,305,451,0.49734950065612793,0.15286120772361755
18,/home/featurize/work/USCT_repro/USCT_download/c5_wavefield_data/smoke64src_train20_val5/train/train_19.npz,30,284,457,0.5143674612045288,0.1703851819038391
18,/home/featurize/work/USCT_repro/USCT_download/c5_wavefield_data/smoke64src_train20_val5/train/train_19.npz,31,263,460,0.5250338912010193,0.1496967226266861
18,/home/featurize/work/USCT_repro/USCT_download/c5_wavefield_data/smoke64src_train20_val5/train/train_19.npz,32,235,461,0.5085932016372681,0.14414498209953308
18,/home/featurize/work/USCT_repro/USCT_download/c5_wavefield_data/smoke64src_train20_val5/train/train_19.npz,33,214,460,0.518761157989502,0.1623954325914383
18,/home/featurize/work/USCT_repro/USCT_download/c5_wavefield_data/smoke64src_train20_val5/train/train_19.npz,34,193,456,0.5306185483932495,0.1428968757390976
18,/home/featurize/work/USCT_repro/USCT_download/c5_wavefield_data/smoke64src_train20_val5/train/train_19.npz,35,173,451,0.5433098077774048,0.1704198569059372
18,/home/featurize/work/USCT_repro/USCT_download/c5_wavefield_data/smoke64src_train20_val5/train/train_19.npz,36,153,443,0.5301944613456726,0.14959561824798584
18,/home/featurize/work/USCT_repro/USCT_download/c5_wavefield_data/smoke64src_train20_val5/train/train_19.npz,37,134,434,0.5051835775375366,0.14877742528915405
18,/home/featurize/work/USCT_repro/USCT_download/c5_wavefield_data/smoke64src_train20_val5/train/train_19.npz,38,115,423,0.5016776919364929,0.1144493818283081
18,/home/featurize/work/USCT_repro/USCT_download/c5_wavefield_data/smoke64src_train20_val5/train/train_19.npz,39,98,410,0.5157794952392578,0.15221254527568817
18,/home/featurize/work/USCT_repro/USCT_download/c5_wavefield_data/smoke64src_train20_val5/train/train_19.npz,40,83,396,0.49804559350013733,0.14019706845283508
18,/home/featurize/work/USCT_repro/USCT_download/c5_wavefield_data/smoke64src_train20_val5/train/train_19.npz,41,69,380,0.5168377757072449,0.15485312044620514
18,/home/featurize/work/USCT_repro/USCT_download/c5_wavefield_data/smoke64src_train20_val5/train/train_19.npz,42,56,363,0.5166542530059814,0.1702623963356018
18,/home/featurize/work/USCT_repro/USCT_download/c5_wavefield_data/smoke64src_train20_val5/train/train_19.npz,43,45,344,0.5031886696815491,0.15178056061267853
18,/home/featurize/work/USCT_repro/USCT_download/c5_wavefield_data/smoke64src_train20_val5/train/train_19.npz,44,36,325,0.49729183316230774,0.14872120320796967
18,/home/featurize/work/USCT_repro/USCT_download/c5_wavefield_data/smoke64src_train20_val5/train/train_19.npz,45,29,305,0.5137147307395935,0.14994364976882935
18,/home/featurize/work/USCT_repro/USCT_download/c5_wavefield_data/smoke64src_train20_val5/train/train_19.npz,46,23,285,0.5257633328437805,0.16763520240783691
18,/home/featurize/work/USCT_repro/USCT_download/c5_wavefield_data/smoke64src_train20_val5/train/train_19.npz,47,20,264,0.529637336730957,0.14990225434303284
18,/home/featurize/work/USCT_repro/USCT_download/c5_wavefield_data/smoke64src_train20_val5/train/train_19.npz,48,19,236,0.5167231559753418,0.1491122990846634
18,/home/featurize/work/USCT_repro/USCT_download/c5_wavefield_data/smoke64src_train20_val5/train/train_19.npz,49,20,215,0.49658143520355225,0.15782810747623444
18,/home/featurize/work/USCT_repro/USCT_download/c5_wavefield_data/smoke64src_train20_val5/train/train_19.npz,50,24,194,0.4880516827106476,0.14563864469528198
18,/home/featurize/work/USCT_repro/USCT_download/c5_wavefield_data/smoke64src_train20_val5/train/train_19.npz,51,29,174,0.5015767216682434,0.15101110935211182
18,/home/featurize/work/USCT_repro/USCT_download/c5_wavefield_data/smoke64src_train20_val5/train/train_19.npz,52,36,154,0.49476978182792664,0.14177170395851135
18,/home/featurize/work/USCT_repro/USCT_download/c5_wavefield_data/smoke64src_train20_val5/train/train_19.npz,53,46,135,0.511496365070343,0.156864732503891
18,/home/featurize/work/USCT_repro/USCT_download/c5_wavefield_data/smoke64src_train20_val5/train/train_19.npz,54,57,116,0.49466460943222046,0.15606334805488586
18,/home/featurize/work/USCT_repro/USCT_download/c5_wavefield_data/smoke64src_train20_val5/train/train_19.npz,55,69,99,0.46631425619125366,0.152740940451622
18,/home/featurize/work/USCT_repro/USCT_download/c5_wavefield_data/smoke64src_train20_val5/train/train_19.npz,56,84,84,0.4659709632396698,0.12926048040390015
18,/home/featurize/work/USCT_repro/USCT_download/c5_wavefield_data/smoke64src_train20_val5/train/train_19.npz,57,99,69,0.47086256742477417,0.1347200870513916
18,/home/featurize/work/USCT_repro/USCT_download/c5_wavefield_data/smoke64src_train20_val5/train/train_19.npz,58,116,57,0.5134223103523254,0.1398589015007019
18,/home/featurize/work/USCT_repro/USCT_download/c5_wavefield_data/smoke64src_train20_val5/train/train_19.npz,59,135,46,0.5085880756378174,0.1492343693971634
18,/home/featurize/work/USCT_repro/USCT_download/c5_wavefield_data/smoke64src_train20_val5/train/train_19.npz,60,154,36,0.5179598331451416,0.15338334441184998
18,/home/featurize/work/USCT_repro/USCT_download/c5_wavefield_data/smoke64src_train20_val5/train/train_19.npz,61,174,29,0.49586722254753113,0.13862991333007812
18,/home/featurize/work/USCT_repro/USCT_download/c5_wavefield_data/smoke64src_train20_val5/train/train_19.npz,62,194,24,0.49706485867500305,0.15154626965522766
18,/home/featurize/work/USCT_repro/USCT_download/c5_wavefield_data/smoke64src_train20_val5/train/train_19.npz,63,215,20,0.5018224120140076,0.15219463407993317
19,/home/featurize/work/USCT_repro/USCT_download/c5_wavefield_data/smoke64src_train20_val5/train/train_20.npz,0,246,19,0.5630318522453308,0.15499213337898254
19,/home/featurize/work/USCT_repro/USCT_download/c5_wavefield_data/smoke64src_train20_val5/train/train_20.npz,1,267,20,0.5795673131942749,0.1548033356666565
19,/home/featurize/work/USCT_repro/USCT_download/c5_wavefield_data/smoke64src_train20_val5/train/train_20.npz,2,288,24,0.5944218635559082,0.16104330122470856
19,/home/featurize/work/USCT_repro/USCT_download/c5_wavefield_data/smoke64src_train20_val5/train/train_20.npz,3,309,30,0.6043888926506042,0.1789107471704483
19,/home/featurize/work/USCT_repro/USCT_download/c5_wavefield_data/smoke64src_train20_val5/train/train_20.npz,4,329,37,0.561363160610199,0.16212540864944458
19,/home/featurize/work/USCT_repro/USCT_download/c5_wavefield_data/smoke64src_train20_val5/train/train_20.npz,5,348,47,0.5650139451026917,0.1810646504163742
19,/home/featurize/work/USCT_repro/USCT_download/c5_wavefield_data/smoke64src_train20_val5/train/train_20.npz,6,366,58,0.582349956035614,0.18149138987064362
19,/home/featurize/work/USCT_repro/USCT_download/c5_wavefield_data/smoke64src_train20_val5/train/train_20.npz,7,383,71,0.5672532916069031,0.16787885129451752
19,/home/featurize/work/USCT_repro/USCT_download/c5_wavefield_data/smoke64src_train20_val5/train/train_20.npz,8,398,85,0.5653247237205505,0.19377098977565765
19,/home/featurize/work/USCT_repro/USCT_download/c5_wavefield_data/smoke64src_train20_val5/train/train_20.npz,9,412,101,0.5614676475524902,0.17283746600151062
19,/home/featurize/work/USCT_repro/USCT_download/c5_wavefield_data/smoke64src_train20_val5/train/train_20.npz,10,425,119,0.5639800429344177,0.17204685509204865
19,/home/featurize/work/USCT_repro/USCT_download/c5_wavefield_data/smoke64src_train20_val5/train/train_20.npz,11,436,137,0.5756105780601501,0.1776224821805954
19,/home/featurize/work/USCT_repro/USCT_download/c5_wavefield_data/smoke64src_train20_val5/train/train_20.npz,12,445,156,0.6126137971878052,0.17765548825263977
19,/home/featurize/work/USCT_repro/USCT_download/c5_wavefield_data/smoke64src_train20_val5/train/train_20.npz,13,452,176,0.6210888028144836,0.18424002826213837
19,/home/featurize/work/USCT_repro/USCT_download/c5_wavefield_data/smoke64src_train20_val5/train/train_20.npz,14,457,197,0.6101436018943787,0.18307478725910187
19,/home/featurize/work/USCT_repro/USCT_download/c5_wavefield_data/smoke64src_train20_val5/train/train_20.npz,15,460,218,0.5826399326324463,0.163185715675354
19,/home/featurize/work/USCT_repro/USCT_download/c5_wavefield_data/smoke64src_train20_val5/train/train_20.npz,16,461,245,0.5769103169441223,0.17843793332576752
19,/home/featurize/work/USCT_repro/USCT_download/c5_wavefield_data/smoke64src_train20_val5/train/train_20.npz,17,460,266,0.581685483455658,0.17607484757900238
19,/home/featurize/work/USCT_repro/USCT_download/c5_wavefield_data/smoke64src_train20_val5/train/train_20.npz,18,456,287,0.6138269901275635,0.16331683099269867
19,/home/featurize/work/USCT_repro/USCT_download/c5_wavefield_data/smoke64src_train20_val5/train/train_20.npz,19,451,308,0.6367799639701843,0.1994977742433548
19,/home/featurize/work/USCT_repro/USCT_download/c5_wavefield_data/smoke64src_train20_val5/train/train_20.npz,20,443,328,0.6341458559036255,0.17565412819385529
19,/home/featurize/work/USCT_repro/USCT_download/c5_wavefield_data/smoke64src_train20_val5/train/train_20.npz,21,434,347,0.6332064867019653,0.1965288370847702
19,/home/featurize/work/USCT_repro/USCT_download/c5_wavefield_data/smoke64src_train20_val5/train/train_20.npz,22,423,365,0.5903946161270142,0.15924492478370667
19,/home/featurize/work/USCT_repro/USCT_download/c5_wavefield_data/smoke64src_train20_val5/train/train_20.npz,23,410,382,0.6042972207069397,0.18291382491588593
19,/home/featurize/work/USCT_repro/USCT_download/c5_wavefield_data/smoke64src_train20_val5/train/train_20.npz,24,395,397,0.6197022795677185,0.1917048841714859
19,/home/featurize/work/USCT_repro/USCT_download/c5_wavefield_data/smoke64src_train20_val5/train/train_20.npz,25,380,412,0.6015713214874268,0.17141059041023254
19,/home/featurize/work/USCT_repro/USCT_download/c5_wavefield_data/smoke64src_train20_val5/train/train_20.npz,26,362,424,0.6233094930648804,0.18490882217884064
19,/home/featurize/work/USCT_repro/USCT_download/c5_wavefield_data/smoke64src_train20_val5/train/train_20.npz,27,344,435,0.6165510416030884,0.16323721408843994
19,/home/featurize/work/USCT_repro/USCT_download/c5_wavefield_data/smoke64src_train20_val5/train/train_20.npz,28,325,444,0.615912139415741,0.17004643380641937
19,/home/featurize/work/USCT_repro/USCT_download/c5_wavefield_data/smoke64src_train20_val5/train/train_20.npz,29,305,451,0.6431207060813904,0.18279901146888733
19,/home/featurize/work/USCT_repro/USCT_download/c5_wavefield_data/smoke64src_train20_val5/train/train_20.npz,30,284,457,0.6719521880149841,0.20251646637916565
19,/home/featurize/work/USCT_repro/USCT_download/c5_wavefield_data/smoke64src_train20_val5/train/train_20.npz,31,263,460,0.6170576810836792,0.17871275544166565
19,/home/featurize/work/USCT_repro/USCT_download/c5_wavefield_data/smoke64src_train20_val5/train/train_20.npz,32,235,461,0.5670780539512634,0.1595083773136139
19,/home/featurize/work/USCT_repro/USCT_download/c5_wavefield_data/smoke64src_train20_val5/train/train_20.npz,33,214,460,0.585780143737793,0.17915500700473785
19,/home/featurize/work/USCT_repro/USCT_download/c5_wavefield_data/smoke64src_train20_val5/train/train_20.npz,34,193,456,0.6053568124771118,0.1868973970413208
19,/home/featurize/work/USCT_repro/USCT_download/c5_wavefield_data/smoke64src_train20_val5/train/train_20.npz,35,173,451,0.6537615656852722,0.1871839463710785
19,/home/featurize/work/USCT_repro/USCT_download/c5_wavefield_data/smoke64src_train20_val5/train/train_20.npz,36,153,443,0.6404595971107483,0.1929136961698532
19,/home/featurize/work/USCT_repro/USCT_download/c5_wavefield_data/smoke64src_train20_val5/train/train_20.npz,37,134,434,0.5927672982215881,0.17965145409107208
19,/home/featurize/work/USCT_repro/USCT_download/c5_wavefield_data/smoke64src_train20_val5/train/train_20.npz,38,115,423,0.5665078163146973,0.16374030709266663
19,/home/featurize/work/USCT_repro/USCT_download/c5_wavefield_data/smoke64src_train20_val5/train/train_20.npz,39,98,410,0.56043541431427,0.1754455417394638
19,/home/featurize/work/USCT_repro/USCT_download/c5_wavefield_data/smoke64src_train20_val5/train/train_20.npz,40,83,396,0.5641422867774963,0.15196622908115387
19,/home/featurize/work/USCT_repro/USCT_download/c5_wavefield_data/smoke64src_train20_val5/train/train_20.npz,41,69,380,0.5909926891326904,0.1737014502286911
19,/home/featurize/work/USCT_repro/USCT_download/c5_wavefield_data/smoke64src_train20_val5/train/train_20.npz,42,56,363,0.6081436276435852,0.1514539271593094
19,/home/featurize/work/USCT_repro/USCT_download/c5_wavefield_data/smoke64src_train20_val5/train/train_20.npz,43,45,344,0.6121097207069397,0.1590212732553482
19,/home/featurize/work/USCT_repro/USCT_download/c5_wavefield_data/smoke64src_train20_val5/train/train_20.npz,44,36,325,0.571702778339386,0.1655307114124298
19,/home/featurize/work/USCT_repro/USCT_download/c5_wavefield_data/smoke64src_train20_val5/train/train_20.npz,45,29,305,0.5736957788467407,0.16242992877960205
19,/home/featurize/work/USCT_repro/USCT_download/c5_wavefield_data/smoke64src_train20_val5/train/train_20.npz,46,23,285,0.5643755793571472,0.15129007399082184
19,/home/featurize/work/USCT_repro/USCT_download/c5_wavefield_data/smoke64src_train20_val5/train/train_20.npz,47,20,264,0.5652928948402405,0.17173275351524353
19,/home/featurize/work/USCT_repro/USCT_download/c5_wavefield_data/smoke64src_train20_val5/train/train_20.npz,48,19,236,0.5747688412666321,0.16523778438568115
19,/home/featurize/work/USCT_repro/USCT_download/c5_wavefield_data/smoke64src_train20_val5/train/train_20.npz,49,20,215,0.597050666809082,0.17134752869606018
19,/home/featurize/work/USCT_repro/USCT_download/c5_wavefield_data/smoke64src_train20_val5/train/train_20.npz,50,24,194,0.5896570682525635,0.16760936379432678
19,/home/featurize/work/USCT_repro/USCT_download/c5_wavefield_data/smoke64src_train20_val5/train/train_20.npz,51,29,174,0.5800173282623291,0.16888603568077087
19,/home/featurize/work/USCT_repro/USCT_download/c5_wavefield_data/smoke64src_train20_val5/train/train_20.npz,52,36,154,0.5875170230865479,0.17379747331142426
19,/home/featurize/work/USCT_repro/USCT_download/c5_wavefield_data/smoke64src_train20_val5/train/train_20.npz,53,46,135,0.5779961347579956,0.17598594725131989
19,/home/featurize/work/USCT_repro/USCT_download/c5_wavefield_data/smoke64src_train20_val5/train/train_20.npz,54,57,116,0.5893760919570923,0.18057158589363098
19,/home/featurize/work/USCT_repro/USCT_download/c5_wavefield_data/smoke64src_train20_val5/train/train_20.npz,55,69,99,0.5883591175079346,0.19412153959274292
19,/home/featurize/work/USCT_repro/USCT_download/c5_wavefield_data/smoke64src_train20_val5/train/train_20.npz,56,84,84,0.5738217830657959,0.18219570815563202
19,/home/featurize/work/USCT_repro/USCT_download/c5_wavefield_data/smoke64src_train20_val5/train/train_20.npz,57,99,69,0.5805544853210449,0.18145975470542908
19,/home/featurize/work/USCT_repro/USCT_download/c5_wavefield_data/smoke64src_train20_val5/train/train_20.npz,58,116,57,0.5922248363494873,0.1866147667169571
19,/home/featurize/work/USCT_repro/USCT_download/c5_wavefield_data/smoke64src_train20_val5/train/train_20.npz,59,135,46,0.5946897864341736,0.18148411810398102
19,/home/featurize/work/USCT_repro/USCT_download/c5_wavefield_data/smoke64src_train20_val5/train/train_20.npz,60,154,36,0.5823855400085449,0.19026033580303192
19,/home/featurize/work/USCT_repro/USCT_download/c5_wavefield_data/smoke64src_train20_val5/train/train_20.npz,61,174,29,0.5808200836181641,0.17352905869483948
19,/home/featurize/work/USCT_repro/USCT_download/c5_wavefield_data/smoke64src_train20_val5/train/train_20.npz,62,194,24,0.5669969320297241,0.15624557435512543
19,/home/featurize/work/USCT_repro/USCT_download/c5_wavefield_data/smoke64src_train20_val5/train/train_20.npz,63,215,20,0.5615856647491455,0.1543247401714325
