image_idx,file,source_idx,src_x,src_y,full_rrmse,rec_rrmse
0,/home/featurize/work/USCT_repro/USCT_download/c5_wavefield_data/smoke64src_train20_val5/train/train_1.npz,0,246,19,0.4396958351135254,0.13727198541164398
0,/home/featurize/work/USCT_repro/USCT_download/c5_wavefield_data/smoke64src_train20_val5/train/train_1.npz,1,267,20,0.43438807129859924,0.13273759186267853
0,/home/featurize/work/USCT_repro/USCT_download/c5_wavefield_data/smoke64src_train20_val5/train/train_1.npz,2,288,24,0.43044641613960266,0.1434364765882492
0,/home/featurize/work/USCT_repro/USCT_download/c5_wavefield_data/smoke64src_train20_val5/train/train_1.npz,3,309,30,0.3793178200721741,0.12352103739976883
0,/home/featurize/work/USCT_repro/USCT_download/c5_wavefield_data/smoke64src_train20_val5/train/train_1.npz,4,329,37,0.34587833285331726,0.10921269655227661
0,/home/featurize/work/USCT_repro/USCT_download/c5_wavefield_data/smoke64src_train20_val5/train/train_1.npz,5,348,47,0.32706591486930847,0.10881808400154114
0,/home/featurize/work/USCT_repro/USCT_download/c5_wavefield_data/smoke64src_train20_val5/train/train_1.npz,6,366,58,0.31592875719070435,0.1086941659450531
0,/home/featurize/work/USCT_repro/USCT_download/c5_wavefield_data/smoke64src_train20_val5/train/train_1.npz,7,383,71,0.30169203877449036,0.09758608788251877
0,/home/featurize/work/USCT_repro/USCT_download/c5_wavefield_data/smoke64src_train20_val5/train/train_1.npz,8,398,85,0.29938191175460815,0.10155729949474335
0,/home/featurize/work/USCT_repro/USCT_download/c5_wavefield_data/smoke64src_train20_val5/train/train_1.npz,9,412,101,0.3027207553386688,0.09685540199279785
0,/home/featurize/work/USCT_repro/USCT_download/c5_wavefield_data/smoke64src_train20_val5/train/train_1.npz,10,425,119,0.28534841537475586,0.0964837521314621
0,/home/featurize/work/USCT_repro/USCT_download/c5_wavefield_data/smoke64src_train20_val5/train/train_1.npz,11,436,137,0.2864703834056854,0.10263251513242722
0,/home/featurize/work/USCT_repro/USCT_download/c5_wavefield_data/smoke64src_train20_val5/train/train_1.npz,12,445,156,0.297807514667511,0.09790186583995819
0,/home/featurize/work/USCT_repro/USCT_download/c5_wavefield_data/smoke64src_train20_val5/train/train_1.npz,13,452,176,0.30896246433258057,0.09830740094184875
0,/home/featurize/work/USCT_repro/USCT_download/c5_wavefield_data/smoke64src_train20_val5/train/train_1.npz,14,457,197,0.32355499267578125,0.10044355690479279
0,/home/featurize/work/USCT_repro/USCT_download/c5_wavefield_data/smoke64src_train20_val5/train/train_1.npz,15,460,218,0.339515745639801,0.10621822625398636
0,/home/featurize/work/USCT_repro/USCT_download/c5_wavefield_data/smoke64src_train20_val5/train/train_1.npz,16,461,245,0.3505246639251709,0.10913309454917908
0,/home/featurize/work/USCT_repro/USCT_download/c5_wavefield_data/smoke64src_train20_val5/train/train_1.npz,17,460,266,0.3695138990879059,0.11086835712194443
0,/home/featurize/work/USCT_repro/USCT_download/c5_wavefield_data/smoke64src_train20_val5/train/train_1.npz,18,456,287,0.389023095369339,0.12107371538877487
0,/home/featurize/work/USCT_repro/USCT_download/c5_wavefield_data/smoke64src_train20_val5/train/train_1.npz,19,451,308,0.3883923292160034,0.12881359457969666
0,/home/featurize/work/USCT_repro/USCT_download/c5_wavefield_data/smoke64src_train20_val5/train/train_1.npz,20,443,328,0.3768724501132965,0.11853213608264923
0,/home/featurize/work/USCT_repro/USCT_download/c5_wavefield_data/smoke64src_train20_val5/train/train_1.npz,21,434,347,0.39940688014030457,0.13310961425304413
0,/home/featurize/work/USCT_repro/USCT_download/c5_wavefield_data/smoke64src_train20_val5/train/train_1.npz,22,423,365,0.4272157847881317,0.14092402160167694
0,/home/featurize/work/USCT_repro/USCT_download/c5_wavefield_data/smoke64src_train20_val5/train/train_1.npz,23,410,382,0.4482472538948059,0.1467752754688263
0,/home/featurize/work/USCT_repro/USCT_download/c5_wavefield_data/smoke64src_train20_val5/train/train_1.npz,24,395,397,0.43400174379348755,0.14147330820560455
0,/home/featurize/work/USCT_repro/USCT_download/c5_wavefield_data/smoke64src_train20_val5/train/train_1.npz,25,380,412,0.4159403145313263,0.1399364173412323
0,/home/featurize/work/USCT_repro/USCT_download/c5_wavefield_data/smoke64src_train20_val5/train/train_1.npz,26,362,424,0.4063679575920105,0.14016114175319672
0,/home/featurize/work/USCT_repro/USCT_download/c5_wavefield_data/smoke64src_train20_val5/train/train_1.npz,27,344,435,0.3790825307369232,0.1293296366930008
0,/home/featurize/work/USCT_repro/USCT_download/c5_wavefield_data/smoke64src_train20_val5/train/train_1.npz,28,325,444,0.42552676796913147,0.14813537895679474
0,/home/featurize/work/USCT_repro/USCT_download/c5_wavefield_data/smoke64src_train20_val5/train/train_1.npz,29,305,451,0.42167723178863525,0.14112821221351624
0,/home/featurize/work/USCT_repro/USCT_download/c5_wavefield_data/smoke64src_train20_val5/train/train_1.npz,30,284,457,0.41935256123542786,0.15529698133468628
0,/home/featurize/work/USCT_repro/USCT_download/c5_wavefield_data/smoke64src_train20_val5/train/train_1.npz,31,263,460,0.38213595747947693,0.13629642128944397
0,/home/featurize/work/USCT_repro/USCT_download/c5_wavefield_data/smoke64src_train20_val5/train/train_1.npz,32,235,461,0.3525470793247223,0.12631991505622864
0,/home/featurize/work/USCT_repro/USCT_download/c5_wavefield_data/smoke64src_train20_val5/train/train_1.npz,33,214,460,0.3643222451210022,0.12098739296197891
0,/home/featurize/work/USCT_repro/USCT_download/c5_wavefield_data/smoke64src_train20_val5/train/train_1.npz,34,193,456,0.3872053325176239,0.12562716007232666
0,/home/featurize/work/USCT_repro/USCT_download/c5_wavefield_data/smoke64src_train20_val5/train/train_1.npz,35,173,451,0.41649025678634644,0.13431863486766815
0,/home/featurize/work/USCT_repro/USCT_download/c5_wavefield_data/smoke64src_train20_val5/train/train_1.npz,36,153,443,0.4080308973789215,0.13280656933784485
0,/home/featurize/work/USCT_repro/USCT_download/c5_wavefield_data/smoke64src_train20_val5/train/train_1.npz,37,134,434,0.39267629384994507,0.13675780594348907
0,/home/featurize/work/USCT_repro/USCT_download/c5_wavefield_data/smoke64src_train20_val5/train/train_1.npz,38,115,423,0.4036639332771301,0.14839814603328705
0,/home/featurize/work/USCT_repro/USCT_download/c5_wavefield_data/smoke64src_train20_val5/train/train_1.npz,39,98,410,0.37455999851226807,0.13091960549354553
0,/home/featurize/work/USCT_repro/USCT_download/c5_wavefield_data/smoke64src_train20_val5/train/train_1.npz,40,83,396,0.3434206247329712,0.12101287394762039
0,/home/featurize/work/USCT_repro/USCT_download/c5_wavefield_data/smoke64src_train20_val5/train/train_1.npz,41,69,380,0.34080347418785095,0.11906196922063828
0,/home/featurize/work/USCT_repro/USCT_download/c5_wavefield_data/smoke64src_train20_val5/train/train_1.npz,42,56,363,0.34315022826194763,0.12362673133611679
0,/home/featurize/work/USCT_repro/USCT_download/c5_wavefield_data/smoke64src_train20_val5/train/train_1.npz,43,45,344,0.341617226600647,0.1138681024312973
0,/home/featurize/work/USCT_repro/USCT_download/c5_wavefield_data/smoke64src_train20_val5/train/train_1.npz,44,36,325,0.36300167441368103,0.12224526703357697
0,/home/featurize/work/USCT_repro/USCT_download/c5_wavefield_data/smoke64src_train20_val5/train/train_1.npz,45,29,305,0.3393080532550812,0.10805315524339676
0,/home/featurize/work/USCT_repro/USCT_download/c5_wavefield_data/smoke64src_train20_val5/train/train_1.npz,46,23,285,0.33103030920028687,0.10697191208600998
0,/home/featurize/work/USCT_repro/USCT_download/c5_wavefield_data/smoke64src_train20_val5/train/train_1.npz,47,20,264,0.3257702589035034,0.10068105161190033
0,/home/featurize/work/USCT_repro/USCT_download/c5_wavefield_data/smoke64src_train20_val5/train/train_1.npz,48,19,236,0.3579165041446686,0.10554979741573334
0,/home/featurize/work/USCT_repro/USCT_download/c5_wavefield_data/smoke64src_train20_val5/train/train_1.npz,49,20,215,0.38209688663482666,0.12155470997095108
0,/home/featurize/work/USCT_repro/USCT_download/c5_wavefield_data/smoke64src_train20_val5/train/train_1.npz,50,24,194,0.3994154632091522,0.11972516030073166
0,/home/featurize/work/USCT_repro/USCT_download/c5_wavefield_data/smoke64src_train20_val5/train/train_1.npz,51,29,174,0.39517128467559814,0.1278351992368698
0,/home/featurize/work/USCT_repro/USCT_download/c5_wavefield_data/smoke64src_train20_val5/train/train_1.npz,52,36,154,0.4172506332397461,0.1322045624256134
0,/home/featurize/work/USCT_repro/USCT_download/c5_wavefield_data/smoke64src_train20_val5/train/train_1.npz,53,46,135,0.39389416575431824,0.12903250753879547
0,/home/featurize/work/USCT_repro/USCT_download/c5_wavefield_data/smoke64src_train20_val5/train/train_1.npz,54,57,116,0.3667871952056885,0.11899104714393616
0,/home/featurize/work/USCT_repro/USCT_download/c5_wavefield_data/smoke64src_train20_val5/train/train_1.npz,55,69,99,0.34380802512168884,0.11969784647226334
0,/home/featurize/work/USCT_repro/USCT_download/c5_wavefield_data/smoke64src_train20_val5/train/train_1.npz,56,84,84,0.3540896773338318,0.12389840930700302
0,/home/featurize/work/USCT_repro/USCT_download/c5_wavefield_data/smoke64src_train20_val5/train/train_1.npz,57,99,69,0.37025579810142517,0.1324383169412613
0,/home/featurize/work/USCT_repro/USCT_download/c5_wavefield_data/smoke64src_train20_val5/train/train_1.npz,58,116,57,0.39378491044044495,0.1275494396686554
0,/home/featurize/work/USCT_repro/USCT_download/c5_wavefield_data/smoke64src_train20_val5/train/train_1.npz,59,135,46,0.39455363154411316,0.1432032734155655
0,/home/featurize/work/USCT_repro/USCT_download/c5_wavefield_data/smoke64src_train20_val5/train/train_1.npz,60,154,36,0.4048580825328827,0.11966101080179214
0,/home/featurize/work/USCT_repro/USCT_download/c5_wavefield_data/smoke64src_train20_val5/train/train_1.npz,61,174,29,0.4155087172985077,0.1329721212387085
0,/home/featurize/work/USCT_repro/USCT_download/c5_wavefield_data/smoke64src_train20_val5/train/train_1.npz,62,194,24,0.4312021732330322,0.14321927726268768
0,/home/featurize/work/USCT_repro/USCT_download/c5_wavefield_data/smoke64src_train20_val5/train/train_1.npz,63,215,20,0.43572115898132324,0.14460314810276031
1,/home/featurize/work/USCT_repro/USCT_download/c5_wavefield_data/smoke64src_train20_val5/train/train_2.npz,0,246,19,0.39860570430755615,0.12405405938625336
1,/home/featurize/work/USCT_repro/USCT_download/c5_wavefield_data/smoke64src_train20_val5/train/train_2.npz,1,267,20,0.42771977186203003,0.12920066714286804
1,/home/featurize/work/USCT_repro/USCT_download/c5_wavefield_data/smoke64src_train20_val5/train/train_2.npz,2,288,24,0.44880402088165283,0.1324445754289627
1,/home/featurize/work/USCT_repro/USCT_download/c5_wavefield_data/smoke64src_train20_val5/train/train_2.npz,3,309,30,0.404950886964798,0.12942492961883545
1,/home/featurize/work/USCT_repro/USCT_download/c5_wavefield_data/smoke64src_train20_val5/train/train_2.npz,4,329,37,0.3574405908584595,0.11464925855398178
1,/home/featurize/work/USCT_repro/USCT_download/c5_wavefield_data/smoke64src_train20_val5/train/train_2.npz,5,348,47,0.3166774809360504,0.10604769736528397
1,/home/featurize/work/USCT_repro/USCT_download/c5_wavefield_data/smoke64src_train20_val5/train/train_2.npz,6,366,58,0.32401132583618164,0.10891260951757431
1,/home/featurize/work/USCT_repro/USCT_download/c5_wavefield_data/smoke64src_train20_val5/train/train_2.npz,7,383,71,0.2922348082065582,0.09671945869922638
1,/home/featurize/work/USCT_repro/USCT_download/c5_wavefield_data/smoke64src_train20_val5/train/train_2.npz,8,398,85,0.2733938694000244,0.08473284542560577
1,/home/featurize/work/USCT_repro/USCT_download/c5_wavefield_data/smoke64src_train20_val5/train/train_2.npz,9,412,101,0.2860758304595947,0.08501342684030533
1,/home/featurize/work/USCT_repro/USCT_download/c5_wavefield_data/smoke64src_train20_val5/train/train_2.npz,10,425,119,0.2976307272911072,0.09112188965082169
1,/home/featurize/work/USCT_repro/USCT_download/c5_wavefield_data/smoke64src_train20_val5/train/train_2.npz,11,436,137,0.28119006752967834,0.08646627515554428
1,/home/featurize/work/USCT_repro/USCT_download/c5_wavefield_data/smoke64src_train20_val5/train/train_2.npz,12,445,156,0.2763952612876892,0.08452069759368896
1,/home/featurize/work/USCT_repro/USCT_download/c5_wavefield_data/smoke64src_train20_val5/train/train_2.npz,13,452,176,0.27703219652175903,0.08608151227235794
1,/home/featurize/work/USCT_repro/USCT_download/c5_wavefield_data/smoke64src_train20_val5/train/train_2.npz,14,457,197,0.29321905970573425,0.08924153447151184
1,/home/featurize/work/USCT_repro/USCT_download/c5_wavefield_data/smoke64src_train20_val5/train/train_2.npz,15,460,218,0.30904412269592285,0.09233053773641586
1,/home/featurize/work/USCT_repro/USCT_download/c5_wavefield_data/smoke64src_train20_val5/train/train_2.npz,16,461,245,0.3215464651584625,0.10072912275791168
1,/home/featurize/work/USCT_repro/USCT_download/c5_wavefield_data/smoke64src_train20_val5/train/train_2.npz,17,460,266,0.33135998249053955,0.10292092710733414
1,/home/featurize/work/USCT_repro/USCT_download/c5_wavefield_data/smoke64src_train20_val5/train/train_2.npz,18,456,287,0.3362392485141754,0.10568571090698242
1,/home/featurize/work/USCT_repro/USCT_download/c5_wavefield_data/smoke64src_train20_val5/train/train_2.npz,19,451,308,0.3314308226108551,0.1085815504193306
1,/home/featurize/work/USCT_repro/USCT_download/c5_wavefield_data/smoke64src_train20_val5/train/train_2.npz,20,443,328,0.3242920935153961,0.10816449671983719
1,/home/featurize/work/USCT_repro/USCT_download/c5_wavefield_data/smoke64src_train20_val5/train/train_2.npz,21,434,347,0.31642499566078186,0.10766199976205826
1,/home/featurize/work/USCT_repro/USCT_download/c5_wavefield_data/smoke64src_train20_val5/train/train_2.npz,22,423,365,0.3292146325111389,0.10696110874414444
1,/home/featurize/work/USCT_repro/USCT_download/c5_wavefield_data/smoke64src_train20_val5/train/train_2.npz,23,410,382,0.31881213188171387,0.10860756039619446
1,/home/featurize/work/USCT_repro/USCT_download/c5_wavefield_data/smoke64src_train20_val5/train/train_2.npz,24,395,397,0.3397117257118225,0.11841356009244919
1,/home/featurize/work/USCT_repro/USCT_download/c5_wavefield_data/smoke64src_train20_val5/train/train_2.npz,25,380,412,0.32752513885498047,0.11321776360273361
1,/home/featurize/work/USCT_repro/USCT_download/c5_wavefield_data/smoke64src_train20_val5/train/train_2.npz,26,362,424,0.3432573676109314,0.12016258388757706
1,/home/featurize/work/USCT_repro/USCT_download/c5_wavefield_data/smoke64src_train20_val5/train/train_2.npz,27,344,435,0.3595360815525055,0.12249206751585007
1,/home/featurize/work/USCT_repro/USCT_download/c5_wavefield_data/smoke64src_train20_val5/train/train_2.npz,28,325,444,0.4068935215473175,0.1361161321401596
1,/home/featurize/work/USCT_repro/USCT_download/c5_wavefield_data/smoke64src_train20_val5/train/train_2.npz,29,305,451,0.4168666899204254,0.1360788196325302
1,/home/featurize/work/USCT_repro/USCT_download/c5_wavefield_data/smoke64src_train20_val5/train/train_2.npz,30,284,457,0.4139748811721802,0.13636022806167603
1,/home/featurize/work/USCT_repro/USCT_download/c5_wavefield_data/smoke64src_train20_val5/train/train_2.npz,31,263,460,0.3720771372318268,0.12038028985261917
1,/home/featurize/work/USCT_repro/USCT_download/c5_wavefield_data/smoke64src_train20_val5/train/train_2.npz,32,235,461,0.3409003019332886,0.10923966020345688
1,/home/featurize/work/USCT_repro/USCT_download/c5_wavefield_data/smoke64src_train20_val5/train/train_2.npz,33,214,460,0.34695208072662354,0.11059968918561935
1,/home/featurize/work/USCT_repro/USCT_download/c5_wavefield_data/smoke64src_train20_val5/train/train_2.npz,34,193,456,0.3395315110683441,0.10339134931564331
1,/home/featurize/work/USCT_repro/USCT_download/c5_wavefield_data/smoke64src_train20_val5/train/train_2.npz,35,173,451,0.34854716062545776,0.1171187162399292
1,/home/featurize/work/USCT_repro/USCT_download/c5_wavefield_data/smoke64src_train20_val5/train/train_2.npz,36,153,443,0.3649935722351074,0.12863434851169586
1,/home/featurize/work/USCT_repro/USCT_download/c5_wavefield_data/smoke64src_train20_val5/train/train_2.npz,37,134,434,0.3492582142353058,0.11931052803993225
1,/home/featurize/work/USCT_repro/USCT_download/c5_wavefield_data/smoke64src_train20_val5/train/train_2.npz,38,115,423,0.3422151207923889,0.11676576733589172
1,/home/featurize/work/USCT_repro/USCT_download/c5_wavefield_data/smoke64src_train20_val5/train/train_2.npz,39,98,410,0.32042303681373596,0.10916410386562347
1,/home/featurize/work/USCT_repro/USCT_download/c5_wavefield_data/smoke64src_train20_val5/train/train_2.npz,40,83,396,0.2923712432384491,0.09920831024646759
1,/home/featurize/work/USCT_repro/USCT_download/c5_wavefield_data/smoke64src_train20_val5/train/train_2.npz,41,69,380,0.2978093922138214,0.0980038195848465
1,/home/featurize/work/USCT_repro/USCT_download/c5_wavefield_data/smoke64src_train20_val5/train/train_2.npz,42,56,363,0.2940836548805237,0.10200559347867966
1,/home/featurize/work/USCT_repro/USCT_download/c5_wavefield_data/smoke64src_train20_val5/train/train_2.npz,43,45,344,0.2901116907596588,0.10323477536439896
1,/home/featurize/work/USCT_repro/USCT_download/c5_wavefield_data/smoke64src_train20_val5/train/train_2.npz,44,36,325,0.3133370876312256,0.10606567561626434
1,/home/featurize/work/USCT_repro/USCT_download/c5_wavefield_data/smoke64src_train20_val5/train/train_2.npz,45,29,305,0.3163943588733673,0.1056816354393959
1,/home/featurize/work/USCT_repro/USCT_download/c5_wavefield_data/smoke64src_train20_val5/train/train_2.npz,46,23,285,0.3090200424194336,0.10577566921710968
1,/home/featurize/work/USCT_repro/USCT_download/c5_wavefield_data/smoke64src_train20_val5/train/train_2.npz,47,20,264,0.30808180570602417,0.10155933350324631
1,/home/featurize/work/USCT_repro/USCT_download/c5_wavefield_data/smoke64src_train20_val5/train/train_2.npz,48,19,236,0.3071407377719879,0.09303279966115952
1,/home/featurize/work/USCT_repro/USCT_download/c5_wavefield_data/smoke64src_train20_val5/train/train_2.npz,49,20,215,0.31000232696533203,0.09178882092237473
1,/home/featurize/work/USCT_repro/USCT_download/c5_wavefield_data/smoke64src_train20_val5/train/train_2.npz,50,24,194,0.3041522204875946,0.09284580498933792
1,/home/featurize/work/USCT_repro/USCT_download/c5_wavefield_data/smoke64src_train20_val5/train/train_2.npz,51,29,174,0.30662912130355835,0.09268437325954437
1,/home/featurize/work/USCT_repro/USCT_download/c5_wavefield_data/smoke64src_train20_val5/train/train_2.npz,52,36,154,0.3184780180454254,0.09977739304304123
1,/home/featurize/work/USCT_repro/USCT_download/c5_wavefield_data/smoke64src_train20_val5/train/train_2.npz,53,46,135,0.3172859847545624,0.10365448892116547
1,/home/featurize/work/USCT_repro/USCT_download/c5_wavefield_data/smoke64src_train20_val5/train/train_2.npz,54,57,116,0.322651743888855,0.10535014420747757
1,/home/featurize/work/USCT_repro/USCT_download/c5_wavefield_data/smoke64src_train20_val5/train/train_2.npz,55,69,99,0.3222862184047699,0.10963408648967743
1,/home/featurize/work/USCT_repro/USCT_download/c5_wavefield_data/smoke64src_train20_val5/train/train_2.npz,56,84,84,0.32748621702194214,0.11241714656352997
1,/home/featurize/work/USCT_repro/USCT_download/c5_wavefield_data/smoke64src_train20_val5/train/train_2.npz,57,99,69,0.3323018550872803,0.11181227117776871
1,/home/featurize/work/USCT_repro/USCT_download/c5_wavefield_data/smoke64src_train20_val5/train/train_2.npz,58,116,57,0.324903666973114,0.11027874052524567
1,/home/featurize/work/USCT_repro/USCT_download/c5_wavefield_data/smoke64src_train20_val5/train/train_2.npz,59,135,46,0.3212589919567108,0.10183321684598923
1,/home/featurize/work/USCT_repro/USCT_download/c5_wavefield_data/smoke64src_train20_val5/train/train_2.npz,60,154,36,0.32943597435951233,0.10096809267997742
1,/home/featurize/work/USCT_repro/USCT_download/c5_wavefield_data/smoke64src_train20_val5/train/train_2.npz,61,174,29,0.33637309074401855,0.10908034443855286
1,/home/featurize/work/USCT_repro/USCT_download/c5_wavefield_data/smoke64src_train20_val5/train/train_2.npz,62,194,24,0.3602967858314514,0.11761064827442169
1,/home/featurize/work/USCT_repro/USCT_download/c5_wavefield_data/smoke64src_train20_val5/train/train_2.npz,63,215,20,0.3806433081626892,0.13114023208618164
2,/home/featurize/work/USCT_repro/USCT_download/c5_wavefield_data/smoke64src_train20_val5/train/train_3.npz,0,246,19,0.3273562788963318,0.09635527431964874
2,/home/featurize/work/USCT_repro/USCT_download/c5_wavefield_data/smoke64src_train20_val5/train/train_3.npz,1,267,20,0.3461144268512726,0.10645905882120132
2,/home/featurize/work/USCT_repro/USCT_download/c5_wavefield_data/smoke64src_train20_val5/train/train_3.npz,2,288,24,0.3646330237388611,0.11254167556762695
2,/home/featurize/work/USCT_repro/USCT_download/c5_wavefield_data/smoke64src_train20_val5/train/train_3.npz,3,309,30,0.35411250591278076,0.11482103914022446
2,/home/featurize/work/USCT_repro/USCT_download/c5_wavefield_data/smoke64src_train20_val5/train/train_3.npz,4,329,37,0.3426087200641632,0.11462786793708801
2,/home/featurize/work/USCT_repro/USCT_download/c5_wavefield_data/smoke64src_train20_val5/train/train_3.npz,5,348,47,0.33903399109840393,0.10791010409593582
2,/home/featurize/work/USCT_repro/USCT_download/c5_wavefield_data/smoke64src_train20_val5/train/train_3.npz,6,366,58,0.3672298192977905,0.12031044065952301
2,/home/featurize/work/USCT_repro/USCT_download/c5_wavefield_data/smoke64src_train20_val5/train/train_3.npz,7,383,71,0.38080736994743347,0.12943384051322937
2,/home/featurize/work/USCT_repro/USCT_download/c5_wavefield_data/smoke64src_train20_val5/train/train_3.npz,8,398,85,0.39320889115333557,0.14087840914726257
2,/home/featurize/work/USCT_repro/USCT_download/c5_wavefield_data/smoke64src_train20_val5/train/train_3.npz,9,412,101,0.3993401825428009,0.13023027777671814
2,/home/featurize/work/USCT_repro/USCT_download/c5_wavefield_data/smoke64src_train20_val5/train/train_3.npz,10,425,119,0.39794331789016724,0.13608048856258392
2,/home/featurize/work/USCT_repro/USCT_download/c5_wavefield_data/smoke64src_train20_val5/train/train_3.npz,11,436,137,0.36779218912124634,0.11638431996107101
2,/home/featurize/work/USCT_repro/USCT_download/c5_wavefield_data/smoke64src_train20_val5/train/train_3.npz,12,445,156,0.36085084080696106,0.1089509129524231
2,/home/featurize/work/USCT_repro/USCT_download/c5_wavefield_data/smoke64src_train20_val5/train/train_3.npz,13,452,176,0.3559412360191345,0.11249752342700958
2,/home/featurize/work/USCT_repro/USCT_download/c5_wavefield_data/smoke64src_train20_val5/train/train_3.npz,14,457,197,0.35482192039489746,0.11717057228088379
2,/home/featurize/work/USCT_repro/USCT_download/c5_wavefield_data/smoke64src_train20_val5/train/train_3.npz,15,460,218,0.3460058569908142,0.11805125325918198
2,/home/featurize/work/USCT_repro/USCT_download/c5_wavefield_data/smoke64src_train20_val5/train/train_3.npz,16,461,245,0.3464438319206238,0.1266924887895584
2,/home/featurize/work/USCT_repro/USCT_download/c5_wavefield_data/smoke64src_train20_val5/train/train_3.npz,17,460,266,0.3727652430534363,0.1373196393251419
2,/home/featurize/work/USCT_repro/USCT_download/c5_wavefield_data/smoke64src_train20_val5/train/train_3.npz,18,456,287,0.3695243000984192,0.1326923817396164
2,/home/featurize/work/USCT_repro/USCT_download/c5_wavefield_data/smoke64src_train20_val5/train/train_3.npz,19,451,308,0.35792192816734314,0.12867669761180878
2,/home/featurize/work/USCT_repro/USCT_download/c5_wavefield_data/smoke64src_train20_val5/train/train_3.npz,20,443,328,0.3565053343772888,0.12962029874324799
2,/home/featurize/work/USCT_repro/USCT_download/c5_wavefield_data/smoke64src_train20_val5/train/train_3.npz,21,434,347,0.3629685342311859,0.12961120903491974
2,/home/featurize/work/USCT_repro/USCT_download/c5_wavefield_data/smoke64src_train20_val5/train/train_3.npz,22,423,365,0.36059609055519104,0.13603222370147705
2,/home/featurize/work/USCT_repro/USCT_download/c5_wavefield_data/smoke64src_train20_val5/train/train_3.npz,23,410,382,0.358220636844635,0.12713293731212616
2,/home/featurize/work/USCT_repro/USCT_download/c5_wavefield_data/smoke64src_train20_val5/train/train_3.npz,24,395,397,0.3342341184616089,0.11857279390096664
2,/home/featurize/work/USCT_repro/USCT_download/c5_wavefield_data/smoke64src_train20_val5/train/train_3.npz,25,380,412,0.3431459367275238,0.10667949169874191
2,/home/featurize/work/USCT_repro/USCT_download/c5_wavefield_data/smoke64src_train20_val5/train/train_3.npz,26,362,424,0.35986945033073425,0.1221960037946701
2,/home/featurize/work/USCT_repro/USCT_download/c5_wavefield_data/smoke64src_train20_val5/train/train_3.npz,27,344,435,0.35892826318740845,0.12076724320650101
2,/home/featurize/work/USCT_repro/USCT_download/c5_wavefield_data/smoke64src_train20_val5/train/train_3.npz,28,325,444,0.3664320707321167,0.12348803877830505
2,/home/featurize/work/USCT_repro/USCT_download/c5_wavefield_data/smoke64src_train20_val5/train/train_3.npz,29,305,451,0.3482208847999573,0.1135743260383606
2,/home/featurize/work/USCT_repro/USCT_download/c5_wavefield_data/smoke64src_train20_val5/train/train_3.npz,30,284,457,0.3446124494075775,0.11278755217790604
2,/home/featurize/work/USCT_repro/USCT_download/c5_wavefield_data/smoke64src_train20_val5/train/train_3.npz,31,263,460,0.3444562256336212,0.11641930788755417
2,/home/featurize/work/USCT_repro/USCT_download/c5_wavefield_data/smoke64src_train20_val5/train/train_3.npz,32,235,461,0.33806997537612915,0.0998944640159607
2,/home/featurize/work/USCT_repro/USCT_download/c5_wavefield_data/smoke64src_train20_val5/train/train_3.npz,33,214,460,0.34368306398391724,0.11057784408330917
2,/home/featurize/work/USCT_repro/USCT_download/c5_wavefield_data/smoke64src_train20_val5/train/train_3.npz,34,193,456,0.3463206887245178,0.11037305742502213
2,/home/featurize/work/USCT_repro/USCT_download/c5_wavefield_data/smoke64src_train20_val5/train/train_3.npz,35,173,451,0.351459801197052,0.11278865486383438
2,/home/featurize/work/USCT_repro/USCT_download/c5_wavefield_data/smoke64src_train20_val5/train/train_3.npz,36,153,443,0.33253034949302673,0.10421650111675262
2,/home/featurize/work/USCT_repro/USCT_download/c5_wavefield_data/smoke64src_train20_val5/train/train_3.npz,37,134,434,0.31216099858283997,0.10252320021390915
2,/home/featurize/work/USCT_repro/USCT_download/c5_wavefield_data/smoke64src_train20_val5/train/train_3.npz,38,115,423,0.3084509074687958,0.10415679961442947
2,/home/featurize/work/USCT_repro/USCT_download/c5_wavefield_data/smoke64src_train20_val5/train/train_3.npz,39,98,410,0.3084578216075897,0.10362379997968674
2,/home/featurize/work/USCT_repro/USCT_download/c5_wavefield_data/smoke64src_train20_val5/train/train_3.npz,40,83,396,0.311533123254776,0.11014772951602936
2,/home/featurize/work/USCT_repro/USCT_download/c5_wavefield_data/smoke64src_train20_val5/train/train_3.npz,41,69,380,0.31243401765823364,0.1001409962773323
2,/home/featurize/work/USCT_repro/USCT_download/c5_wavefield_data/smoke64src_train20_val5/train/train_3.npz,42,56,363,0.3151419758796692,0.10046841949224472
2,/home/featurize/work/USCT_repro/USCT_download/c5_wavefield_data/smoke64src_train20_val5/train/train_3.npz,43,45,344,0.33332791924476624,0.10778399556875229
2,/home/featurize/work/USCT_repro/USCT_download/c5_wavefield_data/smoke64src_train20_val5/train/train_3.npz,44,36,325,0.374520480632782,0.1332305669784546
2,/home/featurize/work/USCT_repro/USCT_download/c5_wavefield_data/smoke64src_train20_val5/train/train_3.npz,45,29,305,0.38851165771484375,0.11835111677646637
2,/home/featurize/work/USCT_repro/USCT_download/c5_wavefield_data/smoke64src_train20_val5/train/train_3.npz,46,23,285,0.40436702966690063,0.14567719399929047
2,/home/featurize/work/USCT_repro/USCT_download/c5_wavefield_data/smoke64src_train20_val5/train/train_3.npz,47,20,264,0.39187324047088623,0.13709792494773865
2,/home/featurize/work/USCT_repro/USCT_download/c5_wavefield_data/smoke64src_train20_val5/train/train_3.npz,48,19,236,0.4075520932674408,0.1263604760169983
2,/home/featurize/work/USCT_repro/USCT_download/c5_wavefield_data/smoke64src_train20_val5/train/train_3.npz,49,20,215,0.43535444140434265,0.14411191642284393
2,/home/featurize/work/USCT_repro/USCT_download/c5_wavefield_data/smoke64src_train20_val5/train/train_3.npz,50,24,194,0.4202934801578522,0.1355736404657364
2,/home/featurize/work/USCT_repro/USCT_download/c5_wavefield_data/smoke64src_train20_val5/train/train_3.npz,51,29,174,0.383294016122818,0.13216717541217804
2,/home/featurize/work/USCT_repro/USCT_download/c5_wavefield_data/smoke64src_train20_val5/train/train_3.npz,52,36,154,0.362293541431427,0.12095752358436584
2,/home/featurize/work/USCT_repro/USCT_download/c5_wavefield_data/smoke64src_train20_val5/train/train_3.npz,53,46,135,0.3417568802833557,0.11679740250110626
2,/home/featurize/work/USCT_repro/USCT_download/c5_wavefield_data/smoke64src_train20_val5/train/train_3.npz,54,57,116,0.3185463547706604,0.10206091403961182
2,/home/featurize/work/USCT_repro/USCT_download/c5_wavefield_data/smoke64src_train20_val5/train/train_3.npz,55,69,99,0.3098776340484619,0.09861584007740021
2,/home/featurize/work/USCT_repro/USCT_download/c5_wavefield_data/smoke64src_train20_val5/train/train_3.npz,56,84,84,0.29821160435676575,0.10605472326278687
2,/home/featurize/work/USCT_repro/USCT_download/c5_wavefield_data/smoke64src_train20_val5/train/train_3.npz,57,99,69,0.2953462600708008,0.1100132167339325
2,/home/featurize/work/USCT_repro/USCT_download/c5_wavefield_data/smoke64src_train20_val5/train/train_3.npz,58,116,57,0.29804527759552,0.09609583020210266
2,/home/featurize/work/USCT_repro/USCT_download/c5_wavefield_data/smoke64src_train20_val5/train/train_3.npz,59,135,46,0.3063898980617523,0.09857826679944992
2,/home/featurize/work/USCT_repro/USCT_download/c5_wavefield_data/smoke64src_train20_val5/train/train_3.npz,60,154,36,0.3197409212589264,0.1006702333688736
2,/home/featurize/work/USCT_repro/USCT_download/c5_wavefield_data/smoke64src_train20_val5/train/train_3.npz,61,174,29,0.3334772288799286,0.1080814078450203
2,/home/featurize/work/USCT_repro/USCT_download/c5_wavefield_data/smoke64src_train20_val5/train/train_3.npz,62,194,24,0.3291981518268585,0.10169998556375504
2,/home/featurize/work/USCT_repro/USCT_download/c5_wavefield_data/smoke64src_train20_val5/train/train_3.npz,63,215,20,0.3211430013179779,0.09530417621135712
3,/home/featurize/work/USCT_repro/USCT_download/c5_wavefield_data/smoke64src_train20_val5/train/train_4.npz,0,246,19,0.32042405009269714,0.09522202610969543
3,/home/featurize/work/USCT_repro/USCT_download/c5_wavefield_data/smoke64src_train20_val5/train/train_4.npz,1,267,20,0.3182904124259949,0.10211291909217834
3,/home/featurize/work/USCT_repro/USCT_download/c5_wavefield_data/smoke64src_train20_val5/train/train_4.npz,2,288,24,0.3333154618740082,0.10007375478744507
3,/home/featurize/work/USCT_repro/USCT_download/c5_wavefield_data/smoke64src_train20_val5/train/train_4.npz,3,309,30,0.33321163058280945,0.1045612245798111
3,/home/featurize/work/USCT_repro/USCT_download/c5_wavefield_data/smoke64src_train20_val5/train/train_4.npz,4,329,37,0.33489513397216797,0.10816304385662079
3,/home/featurize/work/USCT_repro/USCT_download/c5_wavefield_data/smoke64src_train20_val5/train/train_4.npz,5,348,47,0.31094563007354736,0.10082532465457916
3,/home/featurize/work/USCT_repro/USCT_download/c5_wavefield_data/smoke64src_train20_val5/train/train_4.npz,6,366,58,0.2942638695240021,0.09848304837942123
3,/home/featurize/work/USCT_repro/USCT_download/c5_wavefield_data/smoke64src_train20_val5/train/train_4.npz,7,383,71,0.28351688385009766,0.09057982265949249
3,/home/featurize/work/USCT_repro/USCT_download/c5_wavefield_data/smoke64src_train20_val5/train/train_4.npz,8,398,85,0.28807568550109863,0.09456825256347656
3,/home/featurize/work/USCT_repro/USCT_download/c5_wavefield_data/smoke64src_train20_val5/train/train_4.npz,9,412,101,0.29734379053115845,0.09650801122188568
3,/home/featurize/work/USCT_repro/USCT_download/c5_wavefield_data/smoke64src_train20_val5/train/train_4.npz,10,425,119,0.30779388546943665,0.10505945235490799
3,/home/featurize/work/USCT_repro/USCT_download/c5_wavefield_data/smoke64src_train20_val5/train/train_4.npz,11,436,137,0.30374041199684143,0.0980374738574028
3,/home/featurize/work/USCT_repro/USCT_download/c5_wavefield_data/smoke64src_train20_val5/train/train_4.npz,12,445,156,0.3211205005645752,0.09817676991224289
3,/home/featurize/work/USCT_repro/USCT_download/c5_wavefield_data/smoke64src_train20_val5/train/train_4.npz,13,452,176,0.35891786217689514,0.12112368643283844
3,/home/featurize/work/USCT_repro/USCT_download/c5_wavefield_data/smoke64src_train20_val5/train/train_4.npz,14,457,197,0.3805585503578186,0.1336214691400528
3,/home/featurize/work/USCT_repro/USCT_download/c5_wavefield_data/smoke64src_train20_val5/train/train_4.npz,15,460,218,0.3971608579158783,0.14026907086372375
3,/home/featurize/work/USCT_repro/USCT_download/c5_wavefield_data/smoke64src_train20_val5/train/train_4.npz,16,461,245,0.3989550769329071,0.12915173172950745
3,/home/featurize/work/USCT_repro/USCT_download/c5_wavefield_data/smoke64src_train20_val5/train/train_4.npz,17,460,266,0.4166184365749359,0.1365501433610916
3,/home/featurize/work/USCT_repro/USCT_download/c5_wavefield_data/smoke64src_train20_val5/train/train_4.npz,18,456,287,0.4056333601474762,0.13504405319690704
3,/home/featurize/work/USCT_repro/USCT_download/c5_wavefield_data/smoke64src_train20_val5/train/train_4.npz,19,451,308,0.3845381736755371,0.13461622595787048
3,/home/featurize/work/USCT_repro/USCT_download/c5_wavefield_data/smoke64src_train20_val5/train/train_4.npz,20,443,328,0.35836702585220337,0.11954601854085922
3,/home/featurize/work/USCT_repro/USCT_download/c5_wavefield_data/smoke64src_train20_val5/train/train_4.npz,21,434,347,0.3483394384384155,0.1177176758646965
3,/home/featurize/work/USCT_repro/USCT_download/c5_wavefield_data/smoke64src_train20_val5/train/train_4.npz,22,423,365,0.3229210078716278,0.10620797425508499
3,/home/featurize/work/USCT_repro/USCT_download/c5_wavefield_data/smoke64src_train20_val5/train/train_4.npz,23,410,382,0.3128468692302704,0.10172909498214722
3,/home/featurize/work/USCT_repro/USCT_download/c5_wavefield_data/smoke64src_train20_val5/train/train_4.npz,24,395,397,0.27567869424819946,0.09845607727766037
3,/home/featurize/work/USCT_repro/USCT_download/c5_wavefield_data/smoke64src_train20_val5/train/train_4.npz,25,380,412,0.28146302700042725,0.09135893732309341
3,/home/featurize/work/USCT_repro/USCT_download/c5_wavefield_data/smoke64src_train20_val5/train/train_4.npz,26,362,424,0.2915702760219574,0.09106577187776566
3,/home/featurize/work/USCT_repro/USCT_download/c5_wavefield_data/smoke64src_train20_val5/train/train_4.npz,27,344,435,0.2808196544647217,0.09495668113231659
3,/home/featurize/work/USCT_repro/USCT_download/c5_wavefield_data/smoke64src_train20_val5/train/train_4.npz,28,325,444,0.2714551091194153,0.09003858268260956
3,/home/featurize/work/USCT_repro/USCT_download/c5_wavefield_data/smoke64src_train20_val5/train/train_4.npz,29,305,451,0.2756102383136749,0.0894264206290245
3,/home/featurize/work/USCT_repro/USCT_download/c5_wavefield_data/smoke64src_train20_val5/train/train_4.npz,30,284,457,0.27804216742515564,0.08478064835071564
3,/home/featurize/work/USCT_repro/USCT_download/c5_wavefield_data/smoke64src_train20_val5/train/train_4.npz,31,263,460,0.2833717465400696,0.0889153853058815
3,/home/featurize/work/USCT_repro/USCT_download/c5_wavefield_data/smoke64src_train20_val5/train/train_4.npz,32,235,461,0.2835640013217926,0.08284307271242142
3,/home/featurize/work/USCT_repro/USCT_download/c5_wavefield_data/smoke64src_train20_val5/train/train_4.npz,33,214,460,0.3081565499305725,0.09229292720556259
3,/home/featurize/work/USCT_repro/USCT_download/c5_wavefield_data/smoke64src_train20_val5/train/train_4.npz,34,193,456,0.313356876373291,0.0988849401473999
3,/home/featurize/work/USCT_repro/USCT_download/c5_wavefield_data/smoke64src_train20_val5/train/train_4.npz,35,173,451,0.3156642019748688,0.10437773913145065
3,/home/featurize/work/USCT_repro/USCT_download/c5_wavefield_data/smoke64src_train20_val5/train/train_4.npz,36,153,443,0.31032201647758484,0.10533111542463303
3,/home/featurize/work/USCT_repro/USCT_download/c5_wavefield_data/smoke64src_train20_val5/train/train_4.npz,37,134,434,0.3167368173599243,0.09919476509094238
3,/home/featurize/work/USCT_repro/USCT_download/c5_wavefield_data/smoke64src_train20_val5/train/train_4.npz,38,115,423,0.34310975670814514,0.11096452921628952
3,/home/featurize/work/USCT_repro/USCT_download/c5_wavefield_data/smoke64src_train20_val5/train/train_4.npz,39,98,410,0.34869667887687683,0.11339219659566879
3,/home/featurize/work/USCT_repro/USCT_download/c5_wavefield_data/smoke64src_train20_val5/train/train_4.npz,40,83,396,0.35467812418937683,0.1165497899055481
3,/home/featurize/work/USCT_repro/USCT_download/c5_wavefield_data/smoke64src_train20_val5/train/train_4.npz,41,69,380,0.3581448793411255,0.12513335049152374
3,/home/featurize/work/USCT_repro/USCT_download/c5_wavefield_data/smoke64src_train20_val5/train/train_4.npz,42,56,363,0.33207598328590393,0.10802676528692245
3,/home/featurize/work/USCT_repro/USCT_download/c5_wavefield_data/smoke64src_train20_val5/train/train_4.npz,43,45,344,0.34585291147232056,0.1119329035282135
3,/home/featurize/work/USCT_repro/USCT_download/c5_wavefield_data/smoke64src_train20_val5/train/train_4.npz,44,36,325,0.3594779968261719,0.1271231323480606
3,/home/featurize/work/USCT_repro/USCT_download/c5_wavefield_data/smoke64src_train20_val5/train/train_4.npz,45,29,305,0.3674217760562897,0.12598121166229248
3,/home/featurize/work/USCT_repro/USCT_download/c5_wavefield_data/smoke64src_train20_val5/train/train_4.npz,46,23,285,0.37638506293296814,0.13870495557785034
3,/home/featurize/work/USCT_repro/USCT_download/c5_wavefield_data/smoke64src_train20_val5/train/train_4.npz,47,20,264,0.37227490544319153,0.13631942868232727
3,/home/featurize/work/USCT_repro/USCT_download/c5_wavefield_data/smoke64src_train20_val5/train/train_4.npz,48,19,236,0.37524837255477905,0.12848849594593048
3,/home/featurize/work/USCT_repro/USCT_download/c5_wavefield_data/smoke64src_train20_val5/train/train_4.npz,49,20,215,0.3671881854534149,0.13013313710689545
3,/home/featurize/work/USCT_repro/USCT_download/c5_wavefield_data/smoke64src_train20_val5/train/train_4.npz,50,24,194,0.34216150641441345,0.12076596170663834
3,/home/featurize/work/USCT_repro/USCT_download/c5_wavefield_data/smoke64src_train20_val5/train/train_4.npz,51,29,174,0.3569916784763336,0.12635700404644012
3,/home/featurize/work/USCT_repro/USCT_download/c5_wavefield_data/smoke64src_train20_val5/train/train_4.npz,52,36,154,0.35968777537345886,0.13166119158267975
3,/home/featurize/work/USCT_repro/USCT_download/c5_wavefield_data/smoke64src_train20_val5/train/train_4.npz,53,46,135,0.36529025435447693,0.13439114391803741
3,/home/featurize/work/USCT_repro/USCT_download/c5_wavefield_data/smoke64src_train20_val5/train/train_4.npz,54,57,116,0.33726590871810913,0.10948966443538666
3,/home/featurize/work/USCT_repro/USCT_download/c5_wavefield_data/smoke64src_train20_val5/train/train_4.npz,55,69,99,0.3254190981388092,0.10519326478242874
3,/home/featurize/work/USCT_repro/USCT_download/c5_wavefield_data/smoke64src_train20_val5/train/train_4.npz,56,84,84,0.2988499104976654,0.09413159638643265
3,/home/featurize/work/USCT_repro/USCT_download/c5_wavefield_data/smoke64src_train20_val5/train/train_4.npz,57,99,69,0.3107430338859558,0.09881671518087387
3,/home/featurize/work/USCT_repro/USCT_download/c5_wavefield_data/smoke64src_train20_val5/train/train_4.npz,58,116,57,0.31270286440849304,0.10619521141052246
3,/home/featurize/work/USCT_repro/USCT_download/c5_wavefield_data/smoke64src_train20_val5/train/train_4.npz,59,135,46,0.31069841980934143,0.10475175082683563
3,/home/featurize/work/USCT_repro/USCT_download/c5_wavefield_data/smoke64src_train20_val5/train/train_4.npz,60,154,36,0.32674893736839294,0.11689100414514542
3,/home/featurize/work/USCT_repro/USCT_download/c5_wavefield_data/smoke64src_train20_val5/train/train_4.npz,61,174,29,0.32866430282592773,0.11864354461431503
3,/home/featurize/work/USCT_repro/USCT_download/c5_wavefield_data/smoke64src_train20_val5/train/train_4.npz,62,194,24,0.32524216175079346,0.10563600063323975
3,/home/featurize/work/USCT_repro/USCT_download/c5_wavefield_data/smoke64src_train20_val5/train/train_4.npz,63,215,20,0.32165345549583435,0.1064714714884758
4,/home/featurize/work/USCT_repro/USCT_download/c5_wavefield_data/smoke64src_train20_val5/train/train_5.npz,0,246,19,0.361176073551178,0.10872846096754074
4,/home/featurize/work/USCT_repro/USCT_download/c5_wavefield_data/smoke64src_train20_val5/train/train_5.npz,1,267,20,0.4002162218093872,0.12289674580097198
4,/home/featurize/work/USCT_repro/USCT_download/c5_wavefield_data/smoke64src_train20_val5/train/train_5.npz,2,288,24,0.425788551568985,0.1286115199327469
4,/home/featurize/work/USCT_repro/USCT_download/c5_wavefield_data/smoke64src_train20_val5/train/train_5.npz,3,309,30,0.41888752579689026,0.13035403192043304
4,/home/featurize/work/USCT_repro/USCT_download/c5_wavefield_data/smoke64src_train20_val5/train/train_5.npz,4,329,37,0.40961122512817383,0.13734956085681915
4,/home/featurize/work/USCT_repro/USCT_download/c5_wavefield_data/smoke64src_train20_val5/train/train_5.npz,5,348,47,0.4143911302089691,0.137697234749794
4,/home/featurize/work/USCT_repro/USCT_download/c5_wavefield_data/smoke64src_train20_val5/train/train_5.npz,6,366,58,0.4463569223880768,0.13206295669078827
4,/home/featurize/work/USCT_repro/USCT_download/c5_wavefield_data/smoke64src_train20_val5/train/train_5.npz,7,383,71,0.4676794111728668,0.15733584761619568
4,/home/featurize/work/USCT_repro/USCT_download/c5_wavefield_data/smoke64src_train20_val5/train/train_5.npz,8,398,85,0.4590418338775635,0.15424658358097076
4,/home/featurize/work/USCT_repro/USCT_download/c5_wavefield_data/smoke64src_train20_val5/train/train_5.npz,9,412,101,0.4529976546764374,0.1553562432527542
4,/home/featurize/work/USCT_repro/USCT_download/c5_wavefield_data/smoke64src_train20_val5/train/train_5.npz,10,425,119,0.446086585521698,0.1508687436580658
4,/home/featurize/work/USCT_repro/USCT_download/c5_wavefield_data/smoke64src_train20_val5/train/train_5.npz,11,436,137,0.4148181676864624,0.13813017308712006
4,/home/featurize/work/USCT_repro/USCT_download/c5_wavefield_data/smoke64src_train20_val5/train/train_5.npz,12,445,156,0.42257797718048096,0.14673981070518494
4,/home/featurize/work/USCT_repro/USCT_download/c5_wavefield_data/smoke64src_train20_val5/train/train_5.npz,13,452,176,0.42352038621902466,0.14231926202774048
4,/home/featurize/work/USCT_repro/USCT_download/c5_wavefield_data/smoke64src_train20_val5/train/train_5.npz,14,457,197,0.40791064500808716,0.13108183443546295
4,/home/featurize/work/USCT_repro/USCT_download/c5_wavefield_data/smoke64src_train20_val5/train/train_5.npz,15,460,218,0.41151922941207886,0.13565123081207275
4,/home/featurize/work/USCT_repro/USCT_download/c5_wavefield_data/smoke64src_train20_val5/train/train_5.npz,16,461,245,0.40761256217956543,0.12648934125900269
4,/home/featurize/work/USCT_repro/USCT_download/c5_wavefield_data/smoke64src_train20_val5/train/train_5.npz,17,460,266,0.40815651416778564,0.13118097186088562
4,/home/featurize/work/USCT_repro/USCT_download/c5_wavefield_data/smoke64src_train20_val5/train/train_5.npz,18,456,287,0.3991294205188751,0.12408804893493652
4,/home/featurize/work/USCT_repro/USCT_download/c5_wavefield_data/smoke64src_train20_val5/train/train_5.npz,19,451,308,0.4007907807826996,0.12721692025661469
4,/home/featurize/work/USCT_repro/USCT_download/c5_wavefield_data/smoke64src_train20_val5/train/train_5.npz,20,443,328,0.4181602895259857,0.13060645759105682
4,/home/featurize/work/USCT_repro/USCT_download/c5_wavefield_data/smoke64src_train20_val5/train/train_5.npz,21,434,347,0.4278120696544647,0.14542096853256226
4,/home/featurize/work/USCT_repro/USCT_download/c5_wavefield_data/smoke64src_train20_val5/train/train_5.npz,22,423,365,0.4451574385166168,0.15075525641441345
4,/home/featurize/work/USCT_repro/USCT_download/c5_wavefield_data/smoke64src_train20_val5/train/train_5.npz,23,410,382,0.43892139196395874,0.15496137738227844
4,/home/featurize/work/USCT_repro/USCT_download/c5_wavefield_data/smoke64src_train20_val5/train/train_5.npz,24,395,397,0.4386269152164459,0.14747190475463867
4,/home/featurize/work/USCT_repro/USCT_download/c5_wavefield_data/smoke64src_train20_val5/train/train_5.npz,25,380,412,0.4452039897441864,0.1646326631307602
4,/home/featurize/work/USCT_repro/USCT_download/c5_wavefield_data/smoke64src_train20_val5/train/train_5.npz,26,362,424,0.442238450050354,0.1590125411748886
4,/home/featurize/work/USCT_repro/USCT_download/c5_wavefield_data/smoke64src_train20_val5/train/train_5.npz,27,344,435,0.4260644316673279,0.13555291295051575
4,/home/featurize/work/USCT_repro/USCT_download/c5_wavefield_data/smoke64src_train20_val5/train/train_5.npz,28,325,444,0.4253711998462677,0.13156679272651672
4,/home/featurize/work/USCT_repro/USCT_download/c5_wavefield_data/smoke64src_train20_val5/train/train_5.npz,29,305,451,0.4242166578769684,0.1365763396024704
4,/home/featurize/work/USCT_repro/USCT_download/c5_wavefield_data/smoke64src_train20_val5/train/train_5.npz,30,284,457,0.4337013065814972,0.14112576842308044
4,/home/featurize/work/USCT_repro/USCT_download/c5_wavefield_data/smoke64src_train20_val5/train/train_5.npz,31,263,460,0.42705315351486206,0.14023712277412415
4,/home/featurize/work/USCT_repro/USCT_download/c5_wavefield_data/smoke64src_train20_val5/train/train_5.npz,32,235,461,0.3741453289985657,0.11392546445131302
4,/home/featurize/work/USCT_repro/USCT_download/c5_wavefield_data/smoke64src_train20_val5/train/train_5.npz,33,214,460,0.34941497445106506,0.12001609057188034
4,/home/featurize/work/USCT_repro/USCT_download/c5_wavefield_data/smoke64src_train20_val5/train/train_5.npz,34,193,456,0.3492971658706665,0.11801199615001678
4,/home/featurize/work/USCT_repro/USCT_download/c5_wavefield_data/smoke64src_train20_val5/train/train_5.npz,35,173,451,0.3448980748653412,0.11570920795202255
4,/home/featurize/work/USCT_repro/USCT_download/c5_wavefield_data/smoke64src_train20_val5/train/train_5.npz,36,153,443,0.34805983304977417,0.11311202496290207
4,/home/featurize/work/USCT_repro/USCT_download/c5_wavefield_data/smoke64src_train20_val5/train/train_5.npz,37,134,434,0.3389560282230377,0.11760494858026505
4,/home/featurize/work/USCT_repro/USCT_download/c5_wavefield_data/smoke64src_train20_val5/train/train_5.npz,38,115,423,0.3284927010536194,0.11145982146263123
4,/home/featurize/work/USCT_repro/USCT_download/c5_wavefield_data/smoke64src_train20_val5/train/train_5.npz,39,98,410,0.33018675446510315,0.11190106719732285
4,/home/featurize/work/USCT_repro/USCT_download/c5_wavefield_data/smoke64src_train20_val5/train/train_5.npz,40,83,396,0.3563694655895233,0.11667393147945404
4,/home/featurize/work/USCT_repro/USCT_download/c5_wavefield_data/smoke64src_train20_val5/train/train_5.npz,41,69,380,0.3935246169567108,0.1320890337228775
4,/home/featurize/work/USCT_repro/USCT_download/c5_wavefield_data/smoke64src_train20_val5/train/train_5.npz,42,56,363,0.42366230487823486,0.1322031319141388
4,/home/featurize/work/USCT_repro/USCT_download/c5_wavefield_data/smoke64src_train20_val5/train/train_5.npz,43,45,344,0.4355837404727936,0.14135852456092834
4,/home/featurize/work/USCT_repro/USCT_download/c5_wavefield_data/smoke64src_train20_val5/train/train_5.npz,44,36,325,0.452462762594223,0.14212453365325928
4,/home/featurize/work/USCT_repro/USCT_download/c5_wavefield_data/smoke64src_train20_val5/train/train_5.npz,45,29,305,0.44063231348991394,0.13717485964298248
4,/home/featurize/work/USCT_repro/USCT_download/c5_wavefield_data/smoke64src_train20_val5/train/train_5.npz,46,23,285,0.45304444432258606,0.15936361253261566
4,/home/featurize/work/USCT_repro/USCT_download/c5_wavefield_data/smoke64src_train20_val5/train/train_5.npz,47,20,264,0.43599483370780945,0.1365203857421875
4,/home/featurize/work/USCT_repro/USCT_download/c5_wavefield_data/smoke64src_train20_val5/train/train_5.npz,48,19,236,0.4704904556274414,0.14464810490608215
4,/home/featurize/work/USCT_repro/USCT_download/c5_wavefield_data/smoke64src_train20_val5/train/train_5.npz,49,20,215,0.510013997554779,0.16504906117916107
4,/home/featurize/work/USCT_repro/USCT_download/c5_wavefield_data/smoke64src_train20_val5/train/train_5.npz,50,24,194,0.5317562818527222,0.1651613563299179
4,/home/featurize/work/USCT_repro/USCT_download/c5_wavefield_data/smoke64src_train20_val5/train/train_5.npz,51,29,174,0.490262895822525,0.15487989783287048
4,/home/featurize/work/USCT_repro/USCT_download/c5_wavefield_data/smoke64src_train20_val5/train/train_5.npz,52,36,154,0.4323985278606415,0.14452433586120605
4,/home/featurize/work/USCT_repro/USCT_download/c5_wavefield_data/smoke64src_train20_val5/train/train_5.npz,53,46,135,0.3905659317970276,0.13818129897117615
4,/home/featurize/work/USCT_repro/USCT_download/c5_wavefield_data/smoke64src_train20_val5/train/train_5.npz,54,57,116,0.3708871901035309,0.13006356358528137
4,/home/featurize/work/USCT_repro/USCT_download/c5_wavefield_data/smoke64src_train20_val5/train/train_5.npz,55,69,99,0.3580339848995209,0.12491434812545776
4,/home/featurize/work/USCT_repro/USCT_download/c5_wavefield_data/smoke64src_train20_val5/train/train_5.npz,56,84,84,0.350842148065567,0.13232211768627167
4,/home/featurize/work/USCT_repro/USCT_download/c5_wavefield_data/smoke64src_train20_val5/train/train_5.npz,57,99,69,0.35725367069244385,0.1169840544462204
4,/home/featurize/work/USCT_repro/USCT_download/c5_wavefield_data/smoke64src_train20_val5/train/train_5.npz,58,116,57,0.356425017118454,0.11776456236839294
4,/home/featurize/work/USCT_repro/USCT_download/c5_wavefield_data/smoke64src_train20_val5/train/train_5.npz,59,135,46,0.3449114263057709,0.11444853991270065
4,/home/featurize/work/USCT_repro/USCT_download/c5_wavefield_data/smoke64src_train20_val5/train/train_5.npz,60,154,36,0.35546430945396423,0.11179766058921814
4,/home/featurize/work/USCT_repro/USCT_download/c5_wavefield_data/smoke64src_train20_val5/train/train_5.npz,61,174,29,0.34812918305397034,0.11575112491846085
4,/home/featurize/work/USCT_repro/USCT_download/c5_wavefield_data/smoke64src_train20_val5/train/train_5.npz,62,194,24,0.3515075147151947,0.11499445140361786
4,/home/featurize/work/USCT_repro/USCT_download/c5_wavefield_data/smoke64src_train20_val5/train/train_5.npz,63,215,20,0.3509942889213562,0.11001469939947128
5,/home/featurize/work/USCT_repro/USCT_download/c5_wavefield_data/smoke64src_train20_val5/train/train_6.npz,0,246,19,0.387980580329895,0.1315961331129074
5,/home/featurize/work/USCT_repro/USCT_download/c5_wavefield_data/smoke64src_train20_val5/train/train_6.npz,1,267,20,0.39037370681762695,0.12795047461986542
5,/home/featurize/work/USCT_repro/USCT_download/c5_wavefield_data/smoke64src_train20_val5/train/train_6.npz,2,288,24,0.3640613257884979,0.11295413225889206
5,/home/featurize/work/USCT_repro/USCT_download/c5_wavefield_data/smoke64src_train20_val5/train/train_6.npz,3,309,30,0.32848289608955383,0.11342403292655945
5,/home/featurize/work/USCT_repro/USCT_download/c5_wavefield_data/smoke64src_train20_val5/train/train_6.npz,4,329,37,0.3050854504108429,0.10350654274225235
5,/home/featurize/work/USCT_repro/USCT_download/c5_wavefield_data/smoke64src_train20_val5/train/train_6.npz,5,348,47,0.2879943251609802,0.09810145199298859
5,/home/featurize/work/USCT_repro/USCT_download/c5_wavefield_data/smoke64src_train20_val5/train/train_6.npz,6,366,58,0.27940115332603455,0.09026849269866943
5,/home/featurize/work/USCT_repro/USCT_download/c5_wavefield_data/smoke64src_train20_val5/train/train_6.npz,7,383,71,0.2579774558544159,0.083788201212883
5,/home/featurize/work/USCT_repro/USCT_download/c5_wavefield_data/smoke64src_train20_val5/train/train_6.npz,8,398,85,0.24656322598457336,0.08176827430725098
5,/home/featurize/work/USCT_repro/USCT_download/c5_wavefield_data/smoke64src_train20_val5/train/train_6.npz,9,412,101,0.25787004828453064,0.08354581147432327
5,/home/featurize/work/USCT_repro/USCT_download/c5_wavefield_data/smoke64src_train20_val5/train/train_6.npz,10,425,119,0.2647295594215393,0.08721131086349487
5,/home/featurize/work/USCT_repro/USCT_download/c5_wavefield_data/smoke64src_train20_val5/train/train_6.npz,11,436,137,0.282760888338089,0.09399363398551941
5,/home/featurize/work/USCT_repro/USCT_download/c5_wavefield_data/smoke64src_train20_val5/train/train_6.npz,12,445,156,0.28549185395240784,0.08847856521606445
5,/home/featurize/work/USCT_repro/USCT_download/c5_wavefield_data/smoke64src_train20_val5/train/train_6.npz,13,452,176,0.28779274225234985,0.0862099900841713
5,/home/featurize/work/USCT_repro/USCT_download/c5_wavefield_data/smoke64src_train20_val5/train/train_6.npz,14,457,197,0.28543567657470703,0.07932570576667786
5,/home/featurize/work/USCT_repro/USCT_download/c5_wavefield_data/smoke64src_train20_val5/train/train_6.npz,15,460,218,0.29333558678627014,0.08787550777196884
5,/home/featurize/work/USCT_repro/USCT_download/c5_wavefield_data/smoke64src_train20_val5/train/train_6.npz,16,461,245,0.3112548291683197,0.10194331407546997
5,/home/featurize/work/USCT_repro/USCT_download/c5_wavefield_data/smoke64src_train20_val5/train/train_6.npz,17,460,266,0.33350497484207153,0.10840009152889252
5,/home/featurize/work/USCT_repro/USCT_download/c5_wavefield_data/smoke64src_train20_val5/train/train_6.npz,18,456,287,0.34466490149497986,0.11153368651866913
5,/home/featurize/work/USCT_repro/USCT_download/c5_wavefield_data/smoke64src_train20_val5/train/train_6.npz,19,451,308,0.33357661962509155,0.11692522466182709
5,/home/featurize/work/USCT_repro/USCT_download/c5_wavefield_data/smoke64src_train20_val5/train/train_6.npz,20,443,328,0.32542023062705994,0.11576907336711884
5,/home/featurize/work/USCT_repro/USCT_download/c5_wavefield_data/smoke64src_train20_val5/train/train_6.npz,21,434,347,0.3240394592285156,0.12079593539237976
5,/home/featurize/work/USCT_repro/USCT_download/c5_wavefield_data/smoke64src_train20_val5/train/train_6.npz,22,423,365,0.3110009431838989,0.10629551112651825
5,/home/featurize/work/USCT_repro/USCT_download/c5_wavefield_data/smoke64src_train20_val5/train/train_6.npz,23,410,382,0.3401273190975189,0.11706546694040298
5,/home/featurize/work/USCT_repro/USCT_download/c5_wavefield_data/smoke64src_train20_val5/train/train_6.npz,24,395,397,0.323796808719635,0.10890798270702362
5,/home/featurize/work/USCT_repro/USCT_download/c5_wavefield_data/smoke64src_train20_val5/train/train_6.npz,25,380,412,0.35784488916397095,0.12298572808504105
5,/home/featurize/work/USCT_repro/USCT_download/c5_wavefield_data/smoke64src_train20_val5/train/train_6.npz,26,362,424,0.34635183215141296,0.1301203966140747
5,/home/featurize/work/USCT_repro/USCT_download/c5_wavefield_data/smoke64src_train20_val5/train/train_6.npz,27,344,435,0.3368246853351593,0.12429395318031311
5,/home/featurize/work/USCT_repro/USCT_download/c5_wavefield_data/smoke64src_train20_val5/train/train_6.npz,28,325,444,0.38500869274139404,0.1483028531074524
5,/home/featurize/work/USCT_repro/USCT_download/c5_wavefield_data/smoke64src_train20_val5/train/train_6.npz,29,305,451,0.3693006932735443,0.12442472577095032
5,/home/featurize/work/USCT_repro/USCT_download/c5_wavefield_data/smoke64src_train20_val5/train/train_6.npz,30,284,457,0.35796040296554565,0.12564970552921295
5,/home/featurize/work/USCT_repro/USCT_download/c5_wavefield_data/smoke64src_train20_val5/train/train_6.npz,31,263,460,0.3362194299697876,0.1066354289650917
5,/home/featurize/work/USCT_repro/USCT_download/c5_wavefield_data/smoke64src_train20_val5/train/train_6.npz,32,235,461,0.3189695179462433,0.09775879979133606
5,/home/featurize/work/USCT_repro/USCT_download/c5_wavefield_data/smoke64src_train20_val5/train/train_6.npz,33,214,460,0.31839367747306824,0.1003110259771347
5,/home/featurize/work/USCT_repro/USCT_download/c5_wavefield_data/smoke64src_train20_val5/train/train_6.npz,34,193,456,0.301990270614624,0.10114753991365433
5,/home/featurize/work/USCT_repro/USCT_download/c5_wavefield_data/smoke64src_train20_val5/train/train_6.npz,35,173,451,0.3106045424938202,0.1133696436882019
5,/home/featurize/work/USCT_repro/USCT_download/c5_wavefield_data/smoke64src_train20_val5/train/train_6.npz,36,153,443,0.32117927074432373,0.11229536682367325
5,/home/featurize/work/USCT_repro/USCT_download/c5_wavefield_data/smoke64src_train20_val5/train/train_6.npz,37,134,434,0.31427136063575745,0.11153655499219894
5,/home/featurize/work/USCT_repro/USCT_download/c5_wavefield_data/smoke64src_train20_val5/train/train_6.npz,38,115,423,0.30096542835235596,0.10494932532310486
5,/home/featurize/work/USCT_repro/USCT_download/c5_wavefield_data/smoke64src_train20_val5/train/train_6.npz,39,98,410,0.2963882386684418,0.10596347600221634
5,/home/featurize/work/USCT_repro/USCT_download/c5_wavefield_data/smoke64src_train20_val5/train/train_6.npz,40,83,396,0.2810281813144684,0.09653493016958237
5,/home/featurize/work/USCT_repro/USCT_download/c5_wavefield_data/smoke64src_train20_val5/train/train_6.npz,41,69,380,0.3127613365650177,0.10849060118198395
5,/home/featurize/work/USCT_repro/USCT_download/c5_wavefield_data/smoke64src_train20_val5/train/train_6.npz,42,56,363,0.3190819323062897,0.10833919048309326
5,/home/featurize/work/USCT_repro/USCT_download/c5_wavefield_data/smoke64src_train20_val5/train/train_6.npz,43,45,344,0.320712149143219,0.1137368232011795
5,/home/featurize/work/USCT_repro/USCT_download/c5_wavefield_data/smoke64src_train20_val5/train/train_6.npz,44,36,325,0.3316079080104828,0.122031070291996
5,/home/featurize/work/USCT_repro/USCT_download/c5_wavefield_data/smoke64src_train20_val5/train/train_6.npz,45,29,305,0.33268797397613525,0.12625420093536377
5,/home/featurize/work/USCT_repro/USCT_download/c5_wavefield_data/smoke64src_train20_val5/train/train_6.npz,46,23,285,0.32222068309783936,0.11327627301216125
5,/home/featurize/work/USCT_repro/USCT_download/c5_wavefield_data/smoke64src_train20_val5/train/train_6.npz,47,20,264,0.31461301445961,0.11107280850410461
5,/home/featurize/work/USCT_repro/USCT_download/c5_wavefield_data/smoke64src_train20_val5/train/train_6.npz,48,19,236,0.3226752281188965,0.11155851930379868
5,/home/featurize/work/USCT_repro/USCT_download/c5_wavefield_data/smoke64src_train20_val5/train/train_6.npz,49,20,215,0.3243515193462372,0.10281478613615036
5,/home/featurize/work/USCT_repro/USCT_download/c5_wavefield_data/smoke64src_train20_val5/train/train_6.npz,50,24,194,0.309761643409729,0.09595631808042526
5,/home/featurize/work/USCT_repro/USCT_download/c5_wavefield_data/smoke64src_train20_val5/train/train_6.npz,51,29,174,0.31420016288757324,0.09988892823457718
5,/home/featurize/work/USCT_repro/USCT_download/c5_wavefield_data/smoke64src_train20_val5/train/train_6.npz,52,36,154,0.31441259384155273,0.09836255013942719
5,/home/featurize/work/USCT_repro/USCT_download/c5_wavefield_data/smoke64src_train20_val5/train/train_6.npz,53,46,135,0.2783948481082916,0.08953983336687088
5,/home/featurize/work/USCT_repro/USCT_download/c5_wavefield_data/smoke64src_train20_val5/train/train_6.npz,54,57,116,0.2784319519996643,0.09238463640213013
5,/home/featurize/work/USCT_repro/USCT_download/c5_wavefield_data/smoke64src_train20_val5/train/train_6.npz,55,69,99,0.2787087857723236,0.09922929108142853
5,/home/featurize/work/USCT_repro/USCT_download/c5_wavefield_data/smoke64src_train20_val5/train/train_6.npz,56,84,84,0.2772751748561859,0.10273624956607819
5,/home/featurize/work/USCT_repro/USCT_download/c5_wavefield_data/smoke64src_train20_val5/train/train_6.npz,57,99,69,0.2953830063343048,0.10071868449449539
5,/home/featurize/work/USCT_repro/USCT_download/c5_wavefield_data/smoke64src_train20_val5/train/train_6.npz,58,116,57,0.29930490255355835,0.10366310924291611
5,/home/featurize/work/USCT_repro/USCT_download/c5_wavefield_data/smoke64src_train20_val5/train/train_6.npz,59,135,46,0.3085416853427887,0.10932301729917526
5,/home/featurize/work/USCT_repro/USCT_download/c5_wavefield_data/smoke64src_train20_val5/train/train_6.npz,60,154,36,0.351988285779953,0.12111806124448776
5,/home/featurize/work/USCT_repro/USCT_download/c5_wavefield_data/smoke64src_train20_val5/train/train_6.npz,61,174,29,0.3725278079509735,0.12256506830453873
5,/home/featurize/work/USCT_repro/USCT_download/c5_wavefield_data/smoke64src_train20_val5/train/train_6.npz,62,194,24,0.3857612609863281,0.13063079118728638
5,/home/featurize/work/USCT_repro/USCT_download/c5_wavefield_data/smoke64src_train20_val5/train/train_6.npz,63,215,20,0.3911956250667572,0.13853661715984344
6,/home/featurize/work/USCT_repro/USCT_download/c5_wavefield_data/smoke64src_train20_val5/train/train_7.npz,0,246,19,0.3254171907901764,0.09824447333812714
6,/home/featurize/work/USCT_repro/USCT_download/c5_wavefield_data/smoke64src_train20_val5/train/train_7.npz,1,267,20,0.322049081325531,0.10284575819969177
6,/home/featurize/work/USCT_repro/USCT_download/c5_wavefield_data/smoke64src_train20_val5/train/train_7.npz,2,288,24,0.32848477363586426,0.10320985317230225
6,/home/featurize/work/USCT_repro/USCT_download/c5_wavefield_data/smoke64src_train20_val5/train/train_7.npz,3,309,30,0.3256795108318329,0.1043776422739029
6,/home/featurize/work/USCT_repro/USCT_download/c5_wavefield_data/smoke64src_train20_val5/train/train_7.npz,4,329,37,0.31403058767318726,0.10393413156270981
6,/home/featurize/work/USCT_repro/USCT_download/c5_wavefield_data/smoke64src_train20_val5/train/train_7.npz,5,348,47,0.3037225604057312,0.09712149947881699
6,/home/featurize/work/USCT_repro/USCT_download/c5_wavefield_data/smoke64src_train20_val5/train/train_7.npz,6,366,58,0.3040311932563782,0.09792816638946533
6,/home/featurize/work/USCT_repro/USCT_download/c5_wavefield_data/smoke64src_train20_val5/train/train_7.npz,7,383,71,0.3123740553855896,0.10980331897735596
6,/home/featurize/work/USCT_repro/USCT_download/c5_wavefield_data/smoke64src_train20_val5/train/train_7.npz,8,398,85,0.3183025121688843,0.10791540145874023
6,/home/featurize/work/USCT_repro/USCT_download/c5_wavefield_data/smoke64src_train20_val5/train/train_7.npz,9,412,101,0.33456480503082275,0.11102870851755142
6,/home/featurize/work/USCT_repro/USCT_download/c5_wavefield_data/smoke64src_train20_val5/train/train_7.npz,10,425,119,0.34752270579338074,0.11112707108259201
6,/home/featurize/work/USCT_repro/USCT_download/c5_wavefield_data/smoke64src_train20_val5/train/train_7.npz,11,436,137,0.3648935854434967,0.11783764511346817
6,/home/featurize/work/USCT_repro/USCT_download/c5_wavefield_data/smoke64src_train20_val5/train/train_7.npz,12,445,156,0.3710554540157318,0.11298657208681107
6,/home/featurize/work/USCT_repro/USCT_download/c5_wavefield_data/smoke64src_train20_val5/train/train_7.npz,13,452,176,0.3685738444328308,0.12676522135734558
6,/home/featurize/work/USCT_repro/USCT_download/c5_wavefield_data/smoke64src_train20_val5/train/train_7.npz,14,457,197,0.37177562713623047,0.12320784479379654
6,/home/featurize/work/USCT_repro/USCT_download/c5_wavefield_data/smoke64src_train20_val5/train/train_7.npz,15,460,218,0.38925042748451233,0.12739285826683044
6,/home/featurize/work/USCT_repro/USCT_download/c5_wavefield_data/smoke64src_train20_val5/train/train_7.npz,16,461,245,0.4006361663341522,0.12693840265274048
6,/home/featurize/work/USCT_repro/USCT_download/c5_wavefield_data/smoke64src_train20_val5/train/train_7.npz,17,460,266,0.42701292037963867,0.13409662246704102
6,/home/featurize/work/USCT_repro/USCT_download/c5_wavefield_data/smoke64src_train20_val5/train/train_7.npz,18,456,287,0.43472304940223694,0.1326277107000351
6,/home/featurize/work/USCT_repro/USCT_download/c5_wavefield_data/smoke64src_train20_val5/train/train_7.npz,19,451,308,0.4095686972141266,0.1215171292424202
6,/home/featurize/work/USCT_repro/USCT_download/c5_wavefield_data/smoke64src_train20_val5/train/train_7.npz,20,443,328,0.372525155544281,0.11979690194129944
6,/home/featurize/work/USCT_repro/USCT_download/c5_wavefield_data/smoke64src_train20_val5/train/train_7.npz,21,434,347,0.32759422063827515,0.10142625123262405
6,/home/featurize/work/USCT_repro/USCT_download/c5_wavefield_data/smoke64src_train20_val5/train/train_7.npz,22,423,365,0.30784276127815247,0.09766994416713715
6,/home/featurize/work/USCT_repro/USCT_download/c5_wavefield_data/smoke64src_train20_val5/train/train_7.npz,23,410,382,0.28723686933517456,0.08655418455600739
6,/home/featurize/work/USCT_repro/USCT_download/c5_wavefield_data/smoke64src_train20_val5/train/train_7.npz,24,395,397,0.2851865589618683,0.09044511616230011
6,/home/featurize/work/USCT_repro/USCT_download/c5_wavefield_data/smoke64src_train20_val5/train/train_7.npz,25,380,412,0.29024794697761536,0.09345244616270065
6,/home/featurize/work/USCT_repro/USCT_download/c5_wavefield_data/smoke64src_train20_val5/train/train_7.npz,26,362,424,0.3177095055580139,0.10269156098365784
6,/home/featurize/work/USCT_repro/USCT_download/c5_wavefield_data/smoke64src_train20_val5/train/train_7.npz,27,344,435,0.33690690994262695,0.115948386490345
6,/home/featurize/work/USCT_repro/USCT_download/c5_wavefield_data/smoke64src_train20_val5/train/train_7.npz,28,325,444,0.33855122327804565,0.10653416067361832
6,/home/featurize/work/USCT_repro/USCT_download/c5_wavefield_data/smoke64src_train20_val5/train/train_7.npz,29,305,451,0.3302830159664154,0.10824906080961227
6,/home/featurize/work/USCT_repro/USCT_download/c5_wavefield_data/smoke64src_train20_val5/train/train_7.npz,30,284,457,0.3241969645023346,0.1030973419547081
6,/home/featurize/work/USCT_repro/USCT_download/c5_wavefield_data/smoke64src_train20_val5/train/train_7.npz,31,263,460,0.31618669629096985,0.09409160166978836
6,/home/featurize/work/USCT_repro/USCT_download/c5_wavefield_data/smoke64src_train20_val5/train/train_7.npz,32,235,461,0.3186047673225403,0.09928785264492035
6,/home/featurize/work/USCT_repro/USCT_download/c5_wavefield_data/smoke64src_train20_val5/train/train_7.npz,33,214,460,0.3436451554298401,0.10744130611419678
6,/home/featurize/work/USCT_repro/USCT_download/c5_wavefield_data/smoke64src_train20_val5/train/train_7.npz,34,193,456,0.3585990071296692,0.10550829768180847
6,/home/featurize/work/USCT_repro/USCT_download/c5_wavefield_data/smoke64src_train20_val5/train/train_7.npz,35,173,451,0.36400824785232544,0.10690386593341827
6,/home/featurize/work/USCT_repro/USCT_download/c5_wavefield_data/smoke64src_train20_val5/train/train_7.npz,36,153,443,0.3399975001811981,0.11818990856409073
6,/home/featurize/work/USCT_repro/USCT_download/c5_wavefield_data/smoke64src_train20_val5/train/train_7.npz,37,134,434,0.331904798746109,0.10581625252962112
6,/home/featurize/work/USCT_repro/USCT_download/c5_wavefield_data/smoke64src_train20_val5/train/train_7.npz,38,115,423,0.3590419292449951,0.10692386329174042
6,/home/featurize/work/USCT_repro/USCT_download/c5_wavefield_data/smoke64src_train20_val5/train/train_7.npz,39,98,410,0.37133169174194336,0.1226067766547203
6,/home/featurize/work/USCT_repro/USCT_download/c5_wavefield_data/smoke64src_train20_val5/train/train_7.npz,40,83,396,0.38648721575737,0.13026541471481323
6,/home/featurize/work/USCT_repro/USCT_download/c5_wavefield_data/smoke64src_train20_val5/train/train_7.npz,41,69,380,0.4044210910797119,0.13798724114894867
6,/home/featurize/work/USCT_repro/USCT_download/c5_wavefield_data/smoke64src_train20_val5/train/train_7.npz,42,56,363,0.4080736041069031,0.1322004646062851
6,/home/featurize/work/USCT_repro/USCT_download/c5_wavefield_data/smoke64src_train20_val5/train/train_7.npz,43,45,344,0.383829265832901,0.1273212730884552
6,/home/featurize/work/USCT_repro/USCT_download/c5_wavefield_data/smoke64src_train20_val5/train/train_7.npz,44,36,325,0.389207124710083,0.13510504364967346
6,/home/featurize/work/USCT_repro/USCT_download/c5_wavefield_data/smoke64src_train20_val5/train/train_7.npz,45,29,305,0.3775567412376404,0.12650686502456665
6,/home/featurize/work/USCT_repro/USCT_download/c5_wavefield_data/smoke64src_train20_val5/train/train_7.npz,46,23,285,0.38989385962486267,0.13668295741081238
6,/home/featurize/work/USCT_repro/USCT_download/c5_wavefield_data/smoke64src_train20_val5/train/train_7.npz,47,20,264,0.36072438955307007,0.12254393845796585
6,/home/featurize/work/USCT_repro/USCT_download/c5_wavefield_data/smoke64src_train20_val5/train/train_7.npz,48,19,236,0.33705782890319824,0.10832034796476364
6,/home/featurize/work/USCT_repro/USCT_download/c5_wavefield_data/smoke64src_train20_val5/train/train_7.npz,49,20,215,0.3623434007167816,0.11668244749307632
6,/home/featurize/work/USCT_repro/USCT_download/c5_wavefield_data/smoke64src_train20_val5/train/train_7.npz,50,24,194,0.3701660633087158,0.11039327830076218
6,/home/featurize/work/USCT_repro/USCT_download/c5_wavefield_data/smoke64src_train20_val5/train/train_7.npz,51,29,174,0.36196374893188477,0.11837154626846313
6,/home/featurize/work/USCT_repro/USCT_download/c5_wavefield_data/smoke64src_train20_val5/train/train_7.npz,52,36,154,0.3541613519191742,0.11320284754037857
6,/home/featurize/work/USCT_repro/USCT_download/c5_wavefield_data/smoke64src_train20_val5/train/train_7.npz,53,46,135,0.356248140335083,0.1219945177435875
6,/home/featurize/work/USCT_repro/USCT_download/c5_wavefield_data/smoke64src_train20_val5/train/train_7.npz,54,57,116,0.36658602952957153,0.12253933399915695
6,/home/featurize/work/USCT_repro/USCT_download/c5_wavefield_data/smoke64src_train20_val5/train/train_7.npz,55,69,99,0.3585822284221649,0.12743370234966278
6,/home/featurize/work/USCT_repro/USCT_download/c5_wavefield_data/smoke64src_train20_val5/train/train_7.npz,56,84,84,0.3355602025985718,0.11361470818519592
6,/home/featurize/work/USCT_repro/USCT_download/c5_wavefield_data/smoke64src_train20_val5/train/train_7.npz,57,99,69,0.3257353901863098,0.11205880343914032
6,/home/featurize/work/USCT_repro/USCT_download/c5_wavefield_data/smoke64src_train20_val5/train/train_7.npz,58,116,57,0.32205730676651,0.10617998987436295
6,/home/featurize/work/USCT_repro/USCT_download/c5_wavefield_data/smoke64src_train20_val5/train/train_7.npz,59,135,46,0.3231048583984375,0.111214779317379
6,/home/featurize/work/USCT_repro/USCT_download/c5_wavefield_data/smoke64src_train20_val5/train/train_7.npz,60,154,36,0.34307223558425903,0.11583367735147476
6,/home/featurize/work/USCT_repro/USCT_download/c5_wavefield_data/smoke64src_train20_val5/train/train_7.npz,61,174,29,0.3531545400619507,0.10741721838712692
6,/home/featurize/work/USCT_repro/USCT_download/c5_wavefield_data/smoke64src_train20_val5/train/train_7.npz,62,194,24,0.3451038897037506,0.10452625155448914
6,/home/featurize/work/USCT_repro/USCT_download/c5_wavefield_data/smoke64src_train20_val5/train/train_7.npz,63,215,20,0.3418790400028229,0.09808500856161118
7,/home/featurize/work/USCT_repro/USCT_download/c5_wavefield_data/smoke64src_train20_val5/train/train_8.npz,0,246,19,0.5474311709403992,0.17021548748016357
7,/home/featurize/work/USCT_repro/USCT_download/c5_wavefield_data/smoke64src_train20_val5/train/train_8.npz,1,267,20,0.5459163784980774,0.17482715845108032
7,/home/featurize/work/USCT_repro/USCT_download/c5_wavefield_data/smoke64src_train20_val5/train/train_8.npz,2,288,24,0.5416051149368286,0.17943237721920013
7,/home/featurize/work/USCT_repro/USCT_download/c5_wavefield_data/smoke64src_train20_val5/train/train_8.npz,3,309,30,0.5414577126502991,0.16659218072891235
7,/home/featurize/work/USCT_repro/USCT_download/c5_wavefield_data/smoke64src_train20_val5/train/train_8.npz,4,329,37,0.5319385528564453,0.18703927099704742
7,/home/featurize/work/USCT_repro/USCT_download/c5_wavefield_data/smoke64src_train20_val5/train/train_8.npz,5,348,47,0.5302755236625671,0.17353729903697968
7,/home/featurize/work/USCT_repro/USCT_download/c5_wavefield_data/smoke64src_train20_val5/train/train_8.npz,6,366,58,0.5128630995750427,0.16308586299419403
7,/home/featurize/work/USCT_repro/USCT_download/c5_wavefield_data/smoke64src_train20_val5/train/train_8.npz,7,383,71,0.5144590139389038,0.18859411776065826
7,/home/featurize/work/USCT_repro/USCT_download/c5_wavefield_data/smoke64src_train20_val5/train/train_8.npz,8,398,85,0.5144491195678711,0.1714247763156891
7,/home/featurize/work/USCT_repro/USCT_download/c5_wavefield_data/smoke64src_train20_val5/train/train_8.npz,9,412,101,0.5227435827255249,0.17131388187408447
7,/home/featurize/work/USCT_repro/USCT_download/c5_wavefield_data/smoke64src_train20_val5/train/train_8.npz,10,425,119,0.5363771915435791,0.18261942267417908
7,/home/featurize/work/USCT_repro/USCT_download/c5_wavefield_data/smoke64src_train20_val5/train/train_8.npz,11,436,137,0.5264893770217896,0.17163652181625366
7,/home/featurize/work/USCT_repro/USCT_download/c5_wavefield_data/smoke64src_train20_val5/train/train_8.npz,12,445,156,0.5383733510971069,0.16984999179840088
7,/home/featurize/work/USCT_repro/USCT_download/c5_wavefield_data/smoke64src_train20_val5/train/train_8.npz,13,452,176,0.5612042546272278,0.16507649421691895
7,/home/featurize/work/USCT_repro/USCT_download/c5_wavefield_data/smoke64src_train20_val5/train/train_8.npz,14,457,197,0.5894190073013306,0.17959438264369965
7,/home/featurize/work/USCT_repro/USCT_download/c5_wavefield_data/smoke64src_train20_val5/train/train_8.npz,15,460,218,0.5964899659156799,0.1815381944179535
7,/home/featurize/work/USCT_repro/USCT_download/c5_wavefield_data/smoke64src_train20_val5/train/train_8.npz,16,461,245,0.5951141715049744,0.16663482785224915
7,/home/featurize/work/USCT_repro/USCT_download/c5_wavefield_data/smoke64src_train20_val5/train/train_8.npz,17,460,266,0.5945271253585815,0.16764268279075623
7,/home/featurize/work/USCT_repro/USCT_download/c5_wavefield_data/smoke64src_train20_val5/train/train_8.npz,18,456,287,0.6067787408828735,0.18138207495212555
7,/home/featurize/work/USCT_repro/USCT_download/c5_wavefield_data/smoke64src_train20_val5/train/train_8.npz,19,451,308,0.6300873160362244,0.18717150390148163
7,/home/featurize/work/USCT_repro/USCT_download/c5_wavefield_data/smoke64src_train20_val5/train/train_8.npz,20,443,328,0.6456186175346375,0.17981702089309692
7,/home/featurize/work/USCT_repro/USCT_download/c5_wavefield_data/smoke64src_train20_val5/train/train_8.npz,21,434,347,0.6357649564743042,0.1829259693622589
7,/home/featurize/work/USCT_repro/USCT_download/c5_wavefield_data/smoke64src_train20_val5/train/train_8.npz,22,423,365,0.6100371479988098,0.17714889347553253
7,/home/featurize/work/USCT_repro/USCT_download/c5_wavefield_data/smoke64src_train20_val5/train/train_8.npz,23,410,382,0.6062225103378296,0.1909652203321457
7,/home/featurize/work/USCT_repro/USCT_download/c5_wavefield_data/smoke64src_train20_val5/train/train_8.npz,24,395,397,0.5845223665237427,0.1806378960609436
7,/home/featurize/work/USCT_repro/USCT_download/c5_wavefield_data/smoke64src_train20_val5/train/train_8.npz,25,380,412,0.5902483463287354,0.19065921008586884
7,/home/featurize/work/USCT_repro/USCT_download/c5_wavefield_data/smoke64src_train20_val5/train/train_8.npz,26,362,424,0.5955806374549866,0.2093733251094818
7,/home/featurize/work/USCT_repro/USCT_download/c5_wavefield_data/smoke64src_train20_val5/train/train_8.npz,27,344,435,0.580290675163269,0.1935456395149231
7,/home/featurize/work/USCT_repro/USCT_download/c5_wavefield_data/smoke64src_train20_val5/train/train_8.npz,28,325,444,0.5839308500289917,0.18998584151268005
7,/home/featurize/work/USCT_repro/USCT_download/c5_wavefield_data/smoke64src_train20_val5/train/train_8.npz,29,305,451,0.5816276669502258,0.1797703206539154
7,/home/featurize/work/USCT_repro/USCT_download/c5_wavefield_data/smoke64src_train20_val5/train/train_8.npz,30,284,457,0.5558571219444275,0.17908434569835663
7,/home/featurize/work/USCT_repro/USCT_download/c5_wavefield_data/smoke64src_train20_val5/train/train_8.npz,31,263,460,0.5291269421577454,0.1558782011270523
7,/home/featurize/work/USCT_repro/USCT_download/c5_wavefield_data/smoke64src_train20_val5/train/train_8.npz,32,235,461,0.5288552641868591,0.154078871011734
7,/home/featurize/work/USCT_repro/USCT_download/c5_wavefield_data/smoke64src_train20_val5/train/train_8.npz,33,214,460,0.5577051043510437,0.17270222306251526
7,/home/featurize/work/USCT_repro/USCT_download/c5_wavefield_data/smoke64src_train20_val5/train/train_8.npz,34,193,456,0.5807976722717285,0.15795548260211945
7,/home/featurize/work/USCT_repro/USCT_download/c5_wavefield_data/smoke64src_train20_val5/train/train_8.npz,35,173,451,0.5731177926063538,0.1525510549545288
7,/home/featurize/work/USCT_repro/USCT_download/c5_wavefield_data/smoke64src_train20_val5/train/train_8.npz,36,153,443,0.5659075975418091,0.1589733064174652
7,/home/featurize/work/USCT_repro/USCT_download/c5_wavefield_data/smoke64src_train20_val5/train/train_8.npz,37,134,434,0.5658460855484009,0.16716328263282776
7,/home/featurize/work/USCT_repro/USCT_download/c5_wavefield_data/smoke64src_train20_val5/train/train_8.npz,38,115,423,0.5351496934890747,0.1840720772743225
7,/home/featurize/work/USCT_repro/USCT_download/c5_wavefield_data/smoke64src_train20_val5/train/train_8.npz,39,98,410,0.5328936576843262,0.17217543721199036
7,/home/featurize/work/USCT_repro/USCT_download/c5_wavefield_data/smoke64src_train20_val5/train/train_8.npz,40,83,396,0.549212634563446,0.18793947994709015
7,/home/featurize/work/USCT_repro/USCT_download/c5_wavefield_data/smoke64src_train20_val5/train/train_8.npz,41,69,380,0.596493661403656,0.18244366347789764
7,/home/featurize/work/USCT_repro/USCT_download/c5_wavefield_data/smoke64src_train20_val5/train/train_8.npz,42,56,363,0.629342794418335,0.17914363741874695
7,/home/featurize/work/USCT_repro/USCT_download/c5_wavefield_data/smoke64src_train20_val5/train/train_8.npz,43,45,344,0.653519332408905,0.18077769875526428
7,/home/featurize/work/USCT_repro/USCT_download/c5_wavefield_data/smoke64src_train20_val5/train/train_8.npz,44,36,325,0.6448196768760681,0.18977545201778412
7,/home/featurize/work/USCT_repro/USCT_download/c5_wavefield_data/smoke64src_train20_val5/train/train_8.npz,45,29,305,0.6606293320655823,0.18812352418899536
7,/home/featurize/work/USCT_repro/USCT_download/c5_wavefield_data/smoke64src_train20_val5/train/train_8.npz,46,23,285,0.626849889755249,0.19841615855693817
7,/home/featurize/work/USCT_repro/USCT_download/c5_wavefield_data/smoke64src_train20_val5/train/train_8.npz,47,20,264,0.600692093372345,0.17725688219070435
7,/home/featurize/work/USCT_repro/USCT_download/c5_wavefield_data/smoke64src_train20_val5/train/train_8.npz,48,19,236,0.5847835540771484,0.17560546100139618
7,/home/featurize/work/USCT_repro/USCT_download/c5_wavefield_data/smoke64src_train20_val5/train/train_8.npz,49,20,215,0.614690363407135,0.19209402799606323
7,/home/featurize/work/USCT_repro/USCT_download/c5_wavefield_data/smoke64src_train20_val5/train/train_8.npz,50,24,194,0.6337487101554871,0.19379247725009918
7,/home/featurize/work/USCT_repro/USCT_download/c5_wavefield_data/smoke64src_train20_val5/train/train_8.npz,51,29,174,0.6393400430679321,0.18347615003585815
7,/home/featurize/work/USCT_repro/USCT_download/c5_wavefield_data/smoke64src_train20_val5/train/train_8.npz,52,36,154,0.6572157740592957,0.1956174671649933
7,/home/featurize/work/USCT_repro/USCT_download/c5_wavefield_data/smoke64src_train20_val5/train/train_8.npz,53,46,135,0.6344952583312988,0.18325328826904297
7,/home/featurize/work/USCT_repro/USCT_download/c5_wavefield_data/smoke64src_train20_val5/train/train_8.npz,54,57,116,0.618318498134613,0.1799168437719345
7,/home/featurize/work/USCT_repro/USCT_download/c5_wavefield_data/smoke64src_train20_val5/train/train_8.npz,55,69,99,0.5508798956871033,0.16483893990516663
7,/home/featurize/work/USCT_repro/USCT_download/c5_wavefield_data/smoke64src_train20_val5/train/train_8.npz,56,84,84,0.5471022129058838,0.16444827616214752
7,/home/featurize/work/USCT_repro/USCT_download/c5_wavefield_data/smoke64src_train20_val5/train/train_8.npz,57,99,69,0.5706824660301208,0.16125912964344025
7,/home/featurize/work/USCT_repro/USCT_download/c5_wavefield_data/smoke64src_train20_val5/train/train_8.npz,58,116,57,0.579460084438324,0.16882221400737762
7,/home/featurize/work/USCT_repro/USCT_download/c5_wavefield_data/smoke64src_train20_val5/train/train_8.npz,59,135,46,0.5894869565963745,0.18612954020500183
7,/home/featurize/work/USCT_repro/USCT_download/c5_wavefield_data/smoke64src_train20_val5/train/train_8.npz,60,154,36,0.5978832840919495,0.20217157900333405
7,/home/featurize/work/USCT_repro/USCT_download/c5_wavefield_data/smoke64src_train20_val5/train/train_8.npz,61,174,29,0.5890434980392456,0.1810479462146759
7,/home/featurize/work/USCT_repro/USCT_download/c5_wavefield_data/smoke64src_train20_val5/train/train_8.npz,62,194,24,0.5678091645240784,0.15759669244289398
7,/home/featurize/work/USCT_repro/USCT_download/c5_wavefield_data/smoke64src_train20_val5/train/train_8.npz,63,215,20,0.5590260624885559,0.17668463289737701
8,/home/featurize/work/USCT_repro/USCT_download/c5_wavefield_data/smoke64src_train20_val5/train/train_9.npz,0,246,19,0.36592406034469604,0.10918174684047699
8,/home/featurize/work/USCT_repro/USCT_download/c5_wavefield_data/smoke64src_train20_val5/train/train_9.npz,1,267,20,0.3849891424179077,0.12066855281591415
8,/home/featurize/work/USCT_repro/USCT_download/c5_wavefield_data/smoke64src_train20_val5/train/train_9.npz,2,288,24,0.42187416553497314,0.13041478395462036
8,/home/featurize/work/USCT_repro/USCT_download/c5_wavefield_data/smoke64src_train20_val5/train/train_9.npz,3,309,30,0.42331868410110474,0.13403065502643585
8,/home/featurize/work/USCT_repro/USCT_download/c5_wavefield_data/smoke64src_train20_val5/train/train_9.npz,4,329,37,0.42191082239151,0.13125623762607574
8,/home/featurize/work/USCT_repro/USCT_download/c5_wavefield_data/smoke64src_train20_val5/train/train_9.npz,5,348,47,0.41103053092956543,0.11850681900978088
8,/home/featurize/work/USCT_repro/USCT_download/c5_wavefield_data/smoke64src_train20_val5/train/train_9.npz,6,366,58,0.42169225215911865,0.12953366339206696
8,/home/featurize/work/USCT_repro/USCT_download/c5_wavefield_data/smoke64src_train20_val5/train/train_9.npz,7,383,71,0.4604567885398865,0.15256349742412567
8,/home/featurize/work/USCT_repro/USCT_download/c5_wavefield_data/smoke64src_train20_val5/train/train_9.npz,8,398,85,0.4499574899673462,0.1538631170988083
8,/home/featurize/work/USCT_repro/USCT_download/c5_wavefield_data/smoke64src_train20_val5/train/train_9.npz,9,412,101,0.4262971580028534,0.15476840734481812
8,/home/featurize/work/USCT_repro/USCT_download/c5_wavefield_data/smoke64src_train20_val5/train/train_9.npz,10,425,119,0.4375351071357727,0.16251268982887268
8,/home/featurize/work/USCT_repro/USCT_download/c5_wavefield_data/smoke64src_train20_val5/train/train_9.npz,11,436,137,0.4627707898616791,0.15993812680244446
8,/home/featurize/work/USCT_repro/USCT_download/c5_wavefield_data/smoke64src_train20_val5/train/train_9.npz,12,445,156,0.47325825691223145,0.15641634166240692
8,/home/featurize/work/USCT_repro/USCT_download/c5_wavefield_data/smoke64src_train20_val5/train/train_9.npz,13,452,176,0.472078800201416,0.15563879907131195
8,/home/featurize/work/USCT_repro/USCT_download/c5_wavefield_data/smoke64src_train20_val5/train/train_9.npz,14,457,197,0.45330294966697693,0.14936022460460663
8,/home/featurize/work/USCT_repro/USCT_download/c5_wavefield_data/smoke64src_train20_val5/train/train_9.npz,15,460,218,0.45181602239608765,0.15176941454410553
8,/home/featurize/work/USCT_repro/USCT_download/c5_wavefield_data/smoke64src_train20_val5/train/train_9.npz,16,461,245,0.4254082143306732,0.1387181282043457
8,/home/featurize/work/USCT_repro/USCT_download/c5_wavefield_data/smoke64src_train20_val5/train/train_9.npz,17,460,266,0.4149695336818695,0.14452524483203888
8,/home/featurize/work/USCT_repro/USCT_download/c5_wavefield_data/smoke64src_train20_val5/train/train_9.npz,18,456,287,0.39796727895736694,0.1338886022567749
8,/home/featurize/work/USCT_repro/USCT_download/c5_wavefield_data/smoke64src_train20_val5/train/train_9.npz,19,451,308,0.3974978029727936,0.13480086624622345
8,/home/featurize/work/USCT_repro/USCT_download/c5_wavefield_data/smoke64src_train20_val5/train/train_9.npz,20,443,328,0.42810213565826416,0.1382666528224945
8,/home/featurize/work/USCT_repro/USCT_download/c5_wavefield_data/smoke64src_train20_val5/train/train_9.npz,21,434,347,0.43330711126327515,0.14674946665763855
8,/home/featurize/work/USCT_repro/USCT_download/c5_wavefield_data/smoke64src_train20_val5/train/train_9.npz,22,423,365,0.44686704874038696,0.15922781825065613
8,/home/featurize/work/USCT_repro/USCT_download/c5_wavefield_data/smoke64src_train20_val5/train/train_9.npz,23,410,382,0.424935907125473,0.14681920409202576
8,/home/featurize/work/USCT_repro/USCT_download/c5_wavefield_data/smoke64src_train20_val5/train/train_9.npz,24,395,397,0.4006049931049347,0.1372326761484146
8,/home/featurize/work/USCT_repro/USCT_download/c5_wavefield_data/smoke64src_train20_val5/train/train_9.npz,25,380,412,0.395071417093277,0.13647468388080597
8,/home/featurize/work/USCT_repro/USCT_download/c5_wavefield_data/smoke64src_train20_val5/train/train_9.npz,26,362,424,0.40057608485221863,0.13624119758605957
8,/home/featurize/work/USCT_repro/USCT_download/c5_wavefield_data/smoke64src_train20_val5/train/train_9.npz,27,344,435,0.39383405447006226,0.12643975019454956
8,/home/featurize/work/USCT_repro/USCT_download/c5_wavefield_data/smoke64src_train20_val5/train/train_9.npz,28,325,444,0.3988114595413208,0.1272485852241516
8,/home/featurize/work/USCT_repro/USCT_download/c5_wavefield_data/smoke64src_train20_val5/train/train_9.npz,29,305,451,0.39515864849090576,0.12271373718976974
8,/home/featurize/work/USCT_repro/USCT_download/c5_wavefield_data/smoke64src_train20_val5/train/train_9.npz,30,284,457,0.3854757845401764,0.12714353203773499
8,/home/featurize/work/USCT_repro/USCT_download/c5_wavefield_data/smoke64src_train20_val5/train/train_9.npz,31,263,460,0.3761347532272339,0.13135068118572235
8,/home/featurize/work/USCT_repro/USCT_download/c5_wavefield_data/smoke64src_train20_val5/train/train_9.npz,32,235,461,0.35975009202957153,0.11677071452140808
8,/home/featurize/work/USCT_repro/USCT_download/c5_wavefield_data/smoke64src_train20_val5/train/train_9.npz,33,214,460,0.34534889459609985,0.11535957455635071
8,/home/featurize/work/USCT_repro/USCT_download/c5_wavefield_data/smoke64src_train20_val5/train/train_9.npz,34,193,456,0.3522603511810303,0.12408649921417236
8,/home/featurize/work/USCT_repro/USCT_download/c5_wavefield_data/smoke64src_train20_val5/train/train_9.npz,35,173,451,0.36499691009521484,0.12442412972450256
8,/home/featurize/work/USCT_repro/USCT_download/c5_wavefield_data/smoke64src_train20_val5/train/train_9.npz,36,153,443,0.36914360523223877,0.12587851285934448
8,/home/featurize/work/USCT_repro/USCT_download/c5_wavefield_data/smoke64src_train20_val5/train/train_9.npz,37,134,434,0.3659515976905823,0.12402014434337616
8,/home/featurize/work/USCT_repro/USCT_download/c5_wavefield_data/smoke64src_train20_val5/train/train_9.npz,38,115,423,0.37153488397598267,0.1297837644815445
8,/home/featurize/work/USCT_repro/USCT_download/c5_wavefield_data/smoke64src_train20_val5/train/train_9.npz,39,98,410,0.3708811104297638,0.1430060863494873
8,/home/featurize/work/USCT_repro/USCT_download/c5_wavefield_data/smoke64src_train20_val5/train/train_9.npz,40,83,396,0.3715660572052002,0.13395604491233826
8,/home/featurize/work/USCT_repro/USCT_download/c5_wavefield_data/smoke64src_train20_val5/train/train_9.npz,41,69,380,0.4027005136013031,0.13435551524162292
8,/home/featurize/work/USCT_repro/USCT_download/c5_wavefield_data/smoke64src_train20_val5/train/train_9.npz,42,56,363,0.436282753944397,0.14651928842067719
8,/home/featurize/work/USCT_repro/USCT_download/c5_wavefield_data/smoke64src_train20_val5/train/train_9.npz,43,45,344,0.44183024764060974,0.14156988263130188
8,/home/featurize/work/USCT_repro/USCT_download/c5_wavefield_data/smoke64src_train20_val5/train/train_9.npz,44,36,325,0.44730451703071594,0.14612360298633575
8,/home/featurize/work/USCT_repro/USCT_download/c5_wavefield_data/smoke64src_train20_val5/train/train_9.npz,45,29,305,0.4508179724216461,0.1419753134250641
8,/home/featurize/work/USCT_repro/USCT_download/c5_wavefield_data/smoke64src_train20_val5/train/train_9.npz,46,23,285,0.47432219982147217,0.17055922746658325
8,/home/featurize/work/USCT_repro/USCT_download/c5_wavefield_data/smoke64src_train20_val5/train/train_9.npz,47,20,264,0.45852264761924744,0.1563468873500824
8,/home/featurize/work/USCT_repro/USCT_download/c5_wavefield_data/smoke64src_train20_val5/train/train_9.npz,48,19,236,0.4854583442211151,0.15706320106983185
8,/home/featurize/work/USCT_repro/USCT_download/c5_wavefield_data/smoke64src_train20_val5/train/train_9.npz,49,20,215,0.5155665874481201,0.17338941991329193
8,/home/featurize/work/USCT_repro/USCT_download/c5_wavefield_data/smoke64src_train20_val5/train/train_9.npz,50,24,194,0.5109453201293945,0.1530487835407257
8,/home/featurize/work/USCT_repro/USCT_download/c5_wavefield_data/smoke64src_train20_val5/train/train_9.npz,51,29,174,0.46216562390327454,0.1575876623392105
8,/home/featurize/work/USCT_repro/USCT_download/c5_wavefield_data/smoke64src_train20_val5/train/train_9.npz,52,36,154,0.3928009569644928,0.12100276350975037
8,/home/featurize/work/USCT_repro/USCT_download/c5_wavefield_data/smoke64src_train20_val5/train/train_9.npz,53,46,135,0.35076719522476196,0.11616769433021545
8,/home/featurize/work/USCT_repro/USCT_download/c5_wavefield_data/smoke64src_train20_val5/train/train_9.npz,54,57,116,0.35413581132888794,0.12719547748565674
8,/home/featurize/work/USCT_repro/USCT_download/c5_wavefield_data/smoke64src_train20_val5/train/train_9.npz,55,69,99,0.3445272445678711,0.12918631732463837
8,/home/featurize/work/USCT_repro/USCT_download/c5_wavefield_data/smoke64src_train20_val5/train/train_9.npz,56,84,84,0.35538408160209656,0.12033039331436157
8,/home/featurize/work/USCT_repro/USCT_download/c5_wavefield_data/smoke64src_train20_val5/train/train_9.npz,57,99,69,0.34942296147346497,0.105177141726017
8,/home/featurize/work/USCT_repro/USCT_download/c5_wavefield_data/smoke64src_train20_val5/train/train_9.npz,58,116,57,0.34536099433898926,0.1131431832909584
8,/home/featurize/work/USCT_repro/USCT_download/c5_wavefield_data/smoke64src_train20_val5/train/train_9.npz,59,135,46,0.33610984683036804,0.11525037884712219
8,/home/featurize/work/USCT_repro/USCT_download/c5_wavefield_data/smoke64src_train20_val5/train/train_9.npz,60,154,36,0.3399815559387207,0.11659170687198639
8,/home/featurize/work/USCT_repro/USCT_download/c5_wavefield_data/smoke64src_train20_val5/train/train_9.npz,61,174,29,0.3366922438144684,0.11164452135562897
8,/home/featurize/work/USCT_repro/USCT_download/c5_wavefield_data/smoke64src_train20_val5/train/train_9.npz,62,194,24,0.3381817638874054,0.10149810463190079
8,/home/featurize/work/USCT_repro/USCT_download/c5_wavefield_data/smoke64src_train20_val5/train/train_9.npz,63,215,20,0.35058459639549255,0.09924650192260742
9,/home/featurize/work/USCT_repro/USCT_download/c5_wavefield_data/smoke64src_train20_val5/train/train_10.npz,0,246,19,0.3705151379108429,0.11037775129079819
9,/home/featurize/work/USCT_repro/USCT_download/c5_wavefield_data/smoke64src_train20_val5/train/train_10.npz,1,267,20,0.38305196166038513,0.11046956479549408
9,/home/featurize/work/USCT_repro/USCT_download/c5_wavefield_data/smoke64src_train20_val5/train/train_10.npz,2,288,24,0.38007041811943054,0.11041717231273651
9,/home/featurize/work/USCT_repro/USCT_download/c5_wavefield_data/smoke64src_train20_val5/train/train_10.npz,3,309,30,0.35865822434425354,0.12188301235437393
9,/home/featurize/work/USCT_repro/USCT_download/c5_wavefield_data/smoke64src_train20_val5/train/train_10.npz,4,329,37,0.3208104074001312,0.10644655674695969
9,/home/featurize/work/USCT_repro/USCT_download/c5_wavefield_data/smoke64src_train20_val5/train/train_10.npz,5,348,47,0.28779032826423645,0.09290479123592377
9,/home/featurize/work/USCT_repro/USCT_download/c5_wavefield_data/smoke64src_train20_val5/train/train_10.npz,6,366,58,0.26176780462265015,0.08270082622766495
9,/home/featurize/work/USCT_repro/USCT_download/c5_wavefield_data/smoke64src_train20_val5/train/train_10.npz,7,383,71,0.25492796301841736,0.0753486379981041
9,/home/featurize/work/USCT_repro/USCT_download/c5_wavefield_data/smoke64src_train20_val5/train/train_10.npz,8,398,85,0.25434303283691406,0.07732648402452469
9,/home/featurize/work/USCT_repro/USCT_download/c5_wavefield_data/smoke64src_train20_val5/train/train_10.npz,9,412,101,0.252627432346344,0.07901505380868912
9,/home/featurize/work/USCT_repro/USCT_download/c5_wavefield_data/smoke64src_train20_val5/train/train_10.npz,10,425,119,0.2548309564590454,0.07460615038871765
9,/home/featurize/work/USCT_repro/USCT_download/c5_wavefield_data/smoke64src_train20_val5/train/train_10.npz,11,436,137,0.25896134972572327,0.08342074602842331
9,/home/featurize/work/USCT_repro/USCT_download/c5_wavefield_data/smoke64src_train20_val5/train/train_10.npz,12,445,156,0.2617318630218506,0.08134225010871887
9,/home/featurize/work/USCT_repro/USCT_download/c5_wavefield_data/smoke64src_train20_val5/train/train_10.npz,13,452,176,0.2691975235939026,0.07931753247976303
9,/home/featurize/work/USCT_repro/USCT_download/c5_wavefield_data/smoke64src_train20_val5/train/train_10.npz,14,457,197,0.2788185477256775,0.07904845476150513
9,/home/featurize/work/USCT_repro/USCT_download/c5_wavefield_data/smoke64src_train20_val5/train/train_10.npz,15,460,218,0.2986130118370056,0.09039758145809174
9,/home/featurize/work/USCT_repro/USCT_download/c5_wavefield_data/smoke64src_train20_val5/train/train_10.npz,16,461,245,0.3103961646556854,0.09323661029338837
9,/home/featurize/work/USCT_repro/USCT_download/c5_wavefield_data/smoke64src_train20_val5/train/train_10.npz,17,460,266,0.32224011421203613,0.09639562666416168
9,/home/featurize/work/USCT_repro/USCT_download/c5_wavefield_data/smoke64src_train20_val5/train/train_10.npz,18,456,287,0.33052799105644226,0.10091545432806015
9,/home/featurize/work/USCT_repro/USCT_download/c5_wavefield_data/smoke64src_train20_val5/train/train_10.npz,19,451,308,0.3430286645889282,0.10538594424724579
9,/home/featurize/work/USCT_repro/USCT_download/c5_wavefield_data/smoke64src_train20_val5/train/train_10.npz,20,443,328,0.3342534005641937,0.10836762934923172
9,/home/featurize/work/USCT_repro/USCT_download/c5_wavefield_data/smoke64src_train20_val5/train/train_10.npz,21,434,347,0.34655138850212097,0.11598388850688934
9,/home/featurize/work/USCT_repro/USCT_download/c5_wavefield_data/smoke64src_train20_val5/train/train_10.npz,22,423,365,0.3440778851509094,0.11913260072469711
9,/home/featurize/work/USCT_repro/USCT_download/c5_wavefield_data/smoke64src_train20_val5/train/train_10.npz,23,410,382,0.3384492099285126,0.10929514467716217
9,/home/featurize/work/USCT_repro/USCT_download/c5_wavefield_data/smoke64src_train20_val5/train/train_10.npz,24,395,397,0.34722593426704407,0.10763554275035858
9,/home/featurize/work/USCT_repro/USCT_download/c5_wavefield_data/smoke64src_train20_val5/train/train_10.npz,25,380,412,0.37291115522384644,0.12146499007940292
9,/home/featurize/work/USCT_repro/USCT_download/c5_wavefield_data/smoke64src_train20_val5/train/train_10.npz,26,362,424,0.37974876165390015,0.13731324672698975
9,/home/featurize/work/USCT_repro/USCT_download/c5_wavefield_data/smoke64src_train20_val5/train/train_10.npz,27,344,435,0.35600700974464417,0.12830138206481934
9,/home/featurize/work/USCT_repro/USCT_download/c5_wavefield_data/smoke64src_train20_val5/train/train_10.npz,28,325,444,0.39740827679634094,0.13747934997081757
9,/home/featurize/work/USCT_repro/USCT_download/c5_wavefield_data/smoke64src_train20_val5/train/train_10.npz,29,305,451,0.3859199583530426,0.13303682208061218
9,/home/featurize/work/USCT_repro/USCT_download/c5_wavefield_data/smoke64src_train20_val5/train/train_10.npz,30,284,457,0.361763060092926,0.11085262149572372
9,/home/featurize/work/USCT_repro/USCT_download/c5_wavefield_data/smoke64src_train20_val5/train/train_10.npz,31,263,460,0.3287632167339325,0.10128260403871536
9,/home/featurize/work/USCT_repro/USCT_download/c5_wavefield_data/smoke64src_train20_val5/train/train_10.npz,32,235,461,0.3054139018058777,0.09908751398324966
9,/home/featurize/work/USCT_repro/USCT_download/c5_wavefield_data/smoke64src_train20_val5/train/train_10.npz,33,214,460,0.3202178478240967,0.101526640355587
9,/home/featurize/work/USCT_repro/USCT_download/c5_wavefield_data/smoke64src_train20_val5/train/train_10.npz,34,193,456,0.32832732796669006,0.10669047385454178
9,/home/featurize/work/USCT_repro/USCT_download/c5_wavefield_data/smoke64src_train20_val5/train/train_10.npz,35,173,451,0.3334621787071228,0.10956764966249466
9,/home/featurize/work/USCT_repro/USCT_download/c5_wavefield_data/smoke64src_train20_val5/train/train_10.npz,36,153,443,0.32623520493507385,0.11317822337150574
9,/home/featurize/work/USCT_repro/USCT_download/c5_wavefield_data/smoke64src_train20_val5/train/train_10.npz,37,134,434,0.3111298978328705,0.10501344501972198
9,/home/featurize/work/USCT_repro/USCT_download/c5_wavefield_data/smoke64src_train20_val5/train/train_10.npz,38,115,423,0.3058798015117645,0.10076510906219482
9,/home/featurize/work/USCT_repro/USCT_download/c5_wavefield_data/smoke64src_train20_val5/train/train_10.npz,39,98,410,0.2961619198322296,0.0979616567492485
9,/home/featurize/work/USCT_repro/USCT_download/c5_wavefield_data/smoke64src_train20_val5/train/train_10.npz,40,83,396,0.28005388379096985,0.10359214246273041
9,/home/featurize/work/USCT_repro/USCT_download/c5_wavefield_data/smoke64src_train20_val5/train/train_10.npz,41,69,380,0.3067055940628052,0.11196324229240417
9,/home/featurize/work/USCT_repro/USCT_download/c5_wavefield_data/smoke64src_train20_val5/train/train_10.npz,42,56,363,0.30257508158683777,0.10672280192375183
9,/home/featurize/work/USCT_repro/USCT_download/c5_wavefield_data/smoke64src_train20_val5/train/train_10.npz,43,45,344,0.30833640694618225,0.11402802914381027
9,/home/featurize/work/USCT_repro/USCT_download/c5_wavefield_data/smoke64src_train20_val5/train/train_10.npz,44,36,325,0.3279005289077759,0.12151696532964706
9,/home/featurize/work/USCT_repro/USCT_download/c5_wavefield_data/smoke64src_train20_val5/train/train_10.npz,45,29,305,0.32438960671424866,0.12291742861270905
9,/home/featurize/work/USCT_repro/USCT_download/c5_wavefield_data/smoke64src_train20_val5/train/train_10.npz,46,23,285,0.3184361755847931,0.11091676354408264
9,/home/featurize/work/USCT_repro/USCT_download/c5_wavefield_data/smoke64src_train20_val5/train/train_10.npz,47,20,264,0.31293439865112305,0.1048784926533699
9,/home/featurize/work/USCT_repro/USCT_download/c5_wavefield_data/smoke64src_train20_val5/train/train_10.npz,48,19,236,0.3158165216445923,0.09693855792284012
9,/home/featurize/work/USCT_repro/USCT_download/c5_wavefield_data/smoke64src_train20_val5/train/train_10.npz,49,20,215,0.3174883723258972,0.09734374284744263
9,/home/featurize/work/USCT_repro/USCT_download/c5_wavefield_data/smoke64src_train20_val5/train/train_10.npz,50,24,194,0.30256444215774536,0.09447413682937622
9,/home/featurize/work/USCT_repro/USCT_download/c5_wavefield_data/smoke64src_train20_val5/train/train_10.npz,51,29,174,0.32023900747299194,0.1035352498292923
9,/home/featurize/work/USCT_repro/USCT_download/c5_wavefield_data/smoke64src_train20_val5/train/train_10.npz,52,36,154,0.3135991394519806,0.0952315479516983
9,/home/featurize/work/USCT_repro/USCT_download/c5_wavefield_data/smoke64src_train20_val5/train/train_10.npz,53,46,135,0.3133944272994995,0.09556632488965988
9,/home/featurize/work/USCT_repro/USCT_download/c5_wavefield_data/smoke64src_train20_val5/train/train_10.npz,54,57,116,0.3180406093597412,0.10330355167388916
9,/home/featurize/work/USCT_repro/USCT_download/c5_wavefield_data/smoke64src_train20_val5/train/train_10.npz,55,69,99,0.30920636653900146,0.10359911620616913
9,/home/featurize/work/USCT_repro/USCT_download/c5_wavefield_data/smoke64src_train20_val5/train/train_10.npz,56,84,84,0.306104838848114,0.10543002933263779
9,/home/featurize/work/USCT_repro/USCT_download/c5_wavefield_data/smoke64src_train20_val5/train/train_10.npz,57,99,69,0.3239809274673462,0.11286424100399017
9,/home/featurize/work/USCT_repro/USCT_download/c5_wavefield_data/smoke64src_train20_val5/train/train_10.npz,58,116,57,0.34549832344055176,0.11889597028493881
9,/home/featurize/work/USCT_repro/USCT_download/c5_wavefield_data/smoke64src_train20_val5/train/train_10.npz,59,135,46,0.352627158164978,0.1240513026714325
9,/home/featurize/work/USCT_repro/USCT_download/c5_wavefield_data/smoke64src_train20_val5/train/train_10.npz,60,154,36,0.3605097830295563,0.12218310683965683
9,/home/featurize/work/USCT_repro/USCT_download/c5_wavefield_data/smoke64src_train20_val5/train/train_10.npz,61,174,29,0.36721280217170715,0.12246903032064438
9,/home/featurize/work/USCT_repro/USCT_download/c5_wavefield_data/smoke64src_train20_val5/train/train_10.npz,62,194,24,0.3664952516555786,0.11390981078147888
9,/home/featurize/work/USCT_repro/USCT_download/c5_wavefield_data/smoke64src_train20_val5/train/train_10.npz,63,215,20,0.372789591550827,0.11371537297964096
10,/home/featurize/work/USCT_repro/USCT_download/c5_wavefield_data/smoke64src_train20_val5/train/train_11.npz,0,246,19,0.5042904019355774,0.1340993046760559
10,/home/featurize/work/USCT_repro/USCT_download/c5_wavefield_data/smoke64src_train20_val5/train/train_11.npz,1,267,20,0.549824595451355,0.13896222412586212
10,/home/featurize/work/USCT_repro/USCT_download/c5_wavefield_data/smoke64src_train20_val5/train/train_11.npz,2,288,24,0.5662416815757751,0.15025295317173004
10,/home/featurize/work/USCT_repro/USCT_download/c5_wavefield_data/smoke64src_train20_val5/train/train_11.npz,3,309,30,0.5335450768470764,0.14344511926174164
10,/home/featurize/work/USCT_repro/USCT_download/c5_wavefield_data/smoke64src_train20_val5/train/train_11.npz,4,329,37,0.4926939308643341,0.14311620593070984
10,/home/featurize/work/USCT_repro/USCT_download/c5_wavefield_data/smoke64src_train20_val5/train/train_11.npz,5,348,47,0.49374324083328247,0.15661115944385529
10,/home/featurize/work/USCT_repro/USCT_download/c5_wavefield_data/smoke64src_train20_val5/train/train_11.npz,6,366,58,0.5003857016563416,0.16611208021640778
10,/home/featurize/work/USCT_repro/USCT_download/c5_wavefield_data/smoke64src_train20_val5/train/train_11.npz,7,383,71,0.5146083831787109,0.14781935513019562
10,/home/featurize/work/USCT_repro/USCT_download/c5_wavefield_data/smoke64src_train20_val5/train/train_11.npz,8,398,85,0.5281280279159546,0.15703018009662628
10,/home/featurize/work/USCT_repro/USCT_download/c5_wavefield_data/smoke64src_train20_val5/train/train_11.npz,9,412,101,0.5559431910514832,0.17408078908920288
10,/home/featurize/work/USCT_repro/USCT_download/c5_wavefield_data/smoke64src_train20_val5/train/train_11.npz,10,425,119,0.5343368649482727,0.18001197278499603
10,/home/featurize/work/USCT_repro/USCT_download/c5_wavefield_data/smoke64src_train20_val5/train/train_11.npz,11,436,137,0.5078267455101013,0.1593676060438156
10,/home/featurize/work/USCT_repro/USCT_download/c5_wavefield_data/smoke64src_train20_val5/train/train_11.npz,12,445,156,0.49897170066833496,0.1674032211303711
10,/home/featurize/work/USCT_repro/USCT_download/c5_wavefield_data/smoke64src_train20_val5/train/train_11.npz,13,452,176,0.49332132935523987,0.15203416347503662
10,/home/featurize/work/USCT_repro/USCT_download/c5_wavefield_data/smoke64src_train20_val5/train/train_11.npz,14,457,197,0.5098919868469238,0.15938420593738556
10,/home/featurize/work/USCT_repro/USCT_download/c5_wavefield_data/smoke64src_train20_val5/train/train_11.npz,15,460,218,0.5094691514968872,0.14952045679092407
10,/home/featurize/work/USCT_repro/USCT_download/c5_wavefield_data/smoke64src_train20_val5/train/train_11.npz,16,461,245,0.5165890455245972,0.14252588152885437
10,/home/featurize/work/USCT_repro/USCT_download/c5_wavefield_data/smoke64src_train20_val5/train/train_11.npz,17,460,266,0.5172914266586304,0.1709788292646408
10,/home/featurize/work/USCT_repro/USCT_download/c5_wavefield_data/smoke64src_train20_val5/train/train_11.npz,18,456,287,0.5370678901672363,0.16235843300819397
10,/home/featurize/work/USCT_repro/USCT_download/c5_wavefield_data/smoke64src_train20_val5/train/train_11.npz,19,451,308,0.5349342226982117,0.17058347165584564
10,/home/featurize/work/USCT_repro/USCT_download/c5_wavefield_data/smoke64src_train20_val5/train/train_11.npz,20,443,328,0.55198073387146,0.1569579392671585
10,/home/featurize/work/USCT_repro/USCT_download/c5_wavefield_data/smoke64src_train20_val5/train/train_11.npz,21,434,347,0.5242959856987,0.15356668829917908
10,/home/featurize/work/USCT_repro/USCT_download/c5_wavefield_data/smoke64src_train20_val5/train/train_11.npz,22,423,365,0.5127912163734436,0.1544591635465622
10,/home/featurize/work/USCT_repro/USCT_download/c5_wavefield_data/smoke64src_train20_val5/train/train_11.npz,23,410,382,0.5065443515777588,0.14308492839336395
10,/home/featurize/work/USCT_repro/USCT_download/c5_wavefield_data/smoke64src_train20_val5/train/train_11.npz,24,395,397,0.5081979036331177,0.14385764300823212
10,/home/featurize/work/USCT_repro/USCT_download/c5_wavefield_data/smoke64src_train20_val5/train/train_11.npz,25,380,412,0.5438039302825928,0.1638418734073639
10,/home/featurize/work/USCT_repro/USCT_download/c5_wavefield_data/smoke64src_train20_val5/train/train_11.npz,26,362,424,0.5525763034820557,0.1651078313589096
10,/home/featurize/work/USCT_repro/USCT_download/c5_wavefield_data/smoke64src_train20_val5/train/train_11.npz,27,344,435,0.5492616891860962,0.16239655017852783
10,/home/featurize/work/USCT_repro/USCT_download/c5_wavefield_data/smoke64src_train20_val5/train/train_11.npz,28,325,444,0.530797004699707,0.15917453169822693
10,/home/featurize/work/USCT_repro/USCT_download/c5_wavefield_data/smoke64src_train20_val5/train/train_11.npz,29,305,451,0.5160860419273376,0.14560236036777496
10,/home/featurize/work/USCT_repro/USCT_download/c5_wavefield_data/smoke64src_train20_val5/train/train_11.npz,30,284,457,0.5110097527503967,0.1368805468082428
10,/home/featurize/work/USCT_repro/USCT_download/c5_wavefield_data/smoke64src_train20_val5/train/train_11.npz,31,263,460,0.5169579386711121,0.15155765414237976
10,/home/featurize/work/USCT_repro/USCT_download/c5_wavefield_data/smoke64src_train20_val5/train/train_11.npz,32,235,461,0.5305988788604736,0.1433020681142807
10,/home/featurize/work/USCT_repro/USCT_download/c5_wavefield_data/smoke64src_train20_val5/train/train_11.npz,33,214,460,0.52199387550354,0.14704927802085876
10,/home/featurize/work/USCT_repro/USCT_download/c5_wavefield_data/smoke64src_train20_val5/train/train_11.npz,34,193,456,0.5282602906227112,0.14690914750099182
10,/home/featurize/work/USCT_repro/USCT_download/c5_wavefield_data/smoke64src_train20_val5/train/train_11.npz,35,173,451,0.5283846855163574,0.14330095052719116
10,/home/featurize/work/USCT_repro/USCT_download/c5_wavefield_data/smoke64src_train20_val5/train/train_11.npz,36,153,443,0.5370489954948425,0.14883428812026978
10,/home/featurize/work/USCT_repro/USCT_download/c5_wavefield_data/smoke64src_train20_val5/train/train_11.npz,37,134,434,0.5288854241371155,0.15885643661022186
10,/home/featurize/work/USCT_repro/USCT_download/c5_wavefield_data/smoke64src_train20_val5/train/train_11.npz,38,115,423,0.5134156346321106,0.1479519158601761
10,/home/featurize/work/USCT_repro/USCT_download/c5_wavefield_data/smoke64src_train20_val5/train/train_11.npz,39,98,410,0.5031017661094666,0.14823558926582336
10,/home/featurize/work/USCT_repro/USCT_download/c5_wavefield_data/smoke64src_train20_val5/train/train_11.npz,40,83,396,0.4917570948600769,0.1503000259399414
10,/home/featurize/work/USCT_repro/USCT_download/c5_wavefield_data/smoke64src_train20_val5/train/train_11.npz,41,69,380,0.4862663149833679,0.15576551854610443
10,/home/featurize/work/USCT_repro/USCT_download/c5_wavefield_data/smoke64src_train20_val5/train/train_11.npz,42,56,363,0.5032137036323547,0.1469370722770691
10,/home/featurize/work/USCT_repro/USCT_download/c5_wavefield_data/smoke64src_train20_val5/train/train_11.npz,43,45,344,0.491179496049881,0.14400434494018555
10,/home/featurize/work/USCT_repro/USCT_download/c5_wavefield_data/smoke64src_train20_val5/train/train_11.npz,44,36,325,0.5146347880363464,0.17047597467899323
10,/home/featurize/work/USCT_repro/USCT_download/c5_wavefield_data/smoke64src_train20_val5/train/train_11.npz,45,29,305,0.5280793309211731,0.14818091690540314
10,/home/featurize/work/USCT_repro/USCT_download/c5_wavefield_data/smoke64src_train20_val5/train/train_11.npz,46,23,285,0.5379420518875122,0.14965654909610748
10,/home/featurize/work/USCT_repro/USCT_download/c5_wavefield_data/smoke64src_train20_val5/train/train_11.npz,47,20,264,0.5566245913505554,0.1675017774105072
10,/home/featurize/work/USCT_repro/USCT_download/c5_wavefield_data/smoke64src_train20_val5/train/train_11.npz,48,19,236,0.5496835708618164,0.16522274911403656
10,/home/featurize/work/USCT_repro/USCT_download/c5_wavefield_data/smoke64src_train20_val5/train/train_11.npz,49,20,215,0.5583410859107971,0.16192778944969177
10,/home/featurize/work/USCT_repro/USCT_download/c5_wavefield_data/smoke64src_train20_val5/train/train_11.npz,50,24,194,0.5553627610206604,0.15966196358203888
10,/home/featurize/work/USCT_repro/USCT_download/c5_wavefield_data/smoke64src_train20_val5/train/train_11.npz,51,29,174,0.5451923608779907,0.15508753061294556
10,/home/featurize/work/USCT_repro/USCT_download/c5_wavefield_data/smoke64src_train20_val5/train/train_11.npz,52,36,154,0.5330572128295898,0.14391931891441345
10,/home/featurize/work/USCT_repro/USCT_download/c5_wavefield_data/smoke64src_train20_val5/train/train_11.npz,53,46,135,0.5231011509895325,0.15435868501663208
10,/home/featurize/work/USCT_repro/USCT_download/c5_wavefield_data/smoke64src_train20_val5/train/train_11.npz,54,57,116,0.4869530498981476,0.14116068184375763
10,/home/featurize/work/USCT_repro/USCT_download/c5_wavefield_data/smoke64src_train20_val5/train/train_11.npz,55,69,99,0.4788760542869568,0.1487216055393219
10,/home/featurize/work/USCT_repro/USCT_download/c5_wavefield_data/smoke64src_train20_val5/train/train_11.npz,56,84,84,0.454655259847641,0.13764795660972595
10,/home/featurize/work/USCT_repro/USCT_download/c5_wavefield_data/smoke64src_train20_val5/train/train_11.npz,57,99,69,0.47384408116340637,0.14036299288272858
10,/home/featurize/work/USCT_repro/USCT_download/c5_wavefield_data/smoke64src_train20_val5/train/train_11.npz,58,116,57,0.4967654049396515,0.14749889075756073
10,/home/featurize/work/USCT_repro/USCT_download/c5_wavefield_data/smoke64src_train20_val5/train/train_11.npz,59,135,46,0.5108934640884399,0.15826471149921417
10,/home/featurize/work/USCT_repro/USCT_download/c5_wavefield_data/smoke64src_train20_val5/train/train_11.npz,60,154,36,0.5203578472137451,0.15191324055194855
10,/home/featurize/work/USCT_repro/USCT_download/c5_wavefield_data/smoke64src_train20_val5/train/train_11.npz,61,174,29,0.5380703210830688,0.14147718250751495
10,/home/featurize/work/USCT_repro/USCT_download/c5_wavefield_data/smoke64src_train20_val5/train/train_11.npz,62,194,24,0.5058883428573608,0.13513846695423126
10,/home/featurize/work/USCT_repro/USCT_download/c5_wavefield_data/smoke64src_train20_val5/train/train_11.npz,63,215,20,0.5030099749565125,0.14238016307353973
11,/home/featurize/work/USCT_repro/USCT_download/c5_wavefield_data/smoke64src_train20_val5/train/train_12.npz,0,246,19,0.498126357793808,0.12943346798419952
11,/home/featurize/work/USCT_repro/USCT_download/c5_wavefield_data/smoke64src_train20_val5/train/train_12.npz,1,267,20,0.5236150622367859,0.14905297756195068
11,/home/featurize/work/USCT_repro/USCT_download/c5_wavefield_data/smoke64src_train20_val5/train/train_12.npz,2,288,24,0.5172201991081238,0.14827397465705872
11,/home/featurize/work/USCT_repro/USCT_download/c5_wavefield_data/smoke64src_train20_val5/train/train_12.npz,3,309,30,0.5366594195365906,0.16734099388122559
11,/home/featurize/work/USCT_repro/USCT_download/c5_wavefield_data/smoke64src_train20_val5/train/train_12.npz,4,329,37,0.5576145052909851,0.16219894587993622
11,/home/featurize/work/USCT_repro/USCT_download/c5_wavefield_data/smoke64src_train20_val5/train/train_12.npz,5,348,47,0.5298586487770081,0.1617177426815033
11,/home/featurize/work/USCT_repro/USCT_download/c5_wavefield_data/smoke64src_train20_val5/train/train_12.npz,6,366,58,0.5041634440422058,0.16182374954223633
11,/home/featurize/work/USCT_repro/USCT_download/c5_wavefield_data/smoke64src_train20_val5/train/train_12.npz,7,383,71,0.4992688000202179,0.15509499609470367
11,/home/featurize/work/USCT_repro/USCT_download/c5_wavefield_data/smoke64src_train20_val5/train/train_12.npz,8,398,85,0.48319271206855774,0.15861719846725464
11,/home/featurize/work/USCT_repro/USCT_download/c5_wavefield_data/smoke64src_train20_val5/train/train_12.npz,9,412,101,0.4939061999320984,0.1366068571805954
11,/home/featurize/work/USCT_repro/USCT_download/c5_wavefield_data/smoke64src_train20_val5/train/train_12.npz,10,425,119,0.5254185199737549,0.16248361766338348
11,/home/featurize/work/USCT_repro/USCT_download/c5_wavefield_data/smoke64src_train20_val5/train/train_12.npz,11,436,137,0.5267784595489502,0.1591922789812088
11,/home/featurize/work/USCT_repro/USCT_download/c5_wavefield_data/smoke64src_train20_val5/train/train_12.npz,12,445,156,0.5349327921867371,0.12520651519298553
11,/home/featurize/work/USCT_repro/USCT_download/c5_wavefield_data/smoke64src_train20_val5/train/train_12.npz,13,452,176,0.534169614315033,0.15813419222831726
11,/home/featurize/work/USCT_repro/USCT_download/c5_wavefield_data/smoke64src_train20_val5/train/train_12.npz,14,457,197,0.5261278748512268,0.12427454441785812
11,/home/featurize/work/USCT_repro/USCT_download/c5_wavefield_data/smoke64src_train20_val5/train/train_12.npz,15,460,218,0.49630722403526306,0.1380615234375
11,/home/featurize/work/USCT_repro/USCT_download/c5_wavefield_data/smoke64src_train20_val5/train/train_12.npz,16,461,245,0.4904308617115021,0.13268102705478668
11,/home/featurize/work/USCT_repro/USCT_download/c5_wavefield_data/smoke64src_train20_val5/train/train_12.npz,17,460,266,0.494207501411438,0.12057363241910934
11,/home/featurize/work/USCT_repro/USCT_download/c5_wavefield_data/smoke64src_train20_val5/train/train_12.npz,18,456,287,0.5001884698867798,0.1402498185634613
11,/home/featurize/work/USCT_repro/USCT_download/c5_wavefield_data/smoke64src_train20_val5/train/train_12.npz,19,451,308,0.5167336463928223,0.15228907763957977
11,/home/featurize/work/USCT_repro/USCT_download/c5_wavefield_data/smoke64src_train20_val5/train/train_12.npz,20,443,328,0.5465679168701172,0.15640376508235931
11,/home/featurize/work/USCT_repro/USCT_download/c5_wavefield_data/smoke64src_train20_val5/train/train_12.npz,21,434,347,0.5515015125274658,0.15301766991615295
11,/home/featurize/work/USCT_repro/USCT_download/c5_wavefield_data/smoke64src_train20_val5/train/train_12.npz,22,423,365,0.5291993618011475,0.13898985087871552
11,/home/featurize/work/USCT_repro/USCT_download/c5_wavefield_data/smoke64src_train20_val5/train/train_12.npz,23,410,382,0.5174838304519653,0.14276595413684845
11,/home/featurize/work/USCT_repro/USCT_download/c5_wavefield_data/smoke64src_train20_val5/train/train_12.npz,24,395,397,0.4894995391368866,0.1487797051668167
11,/home/featurize/work/USCT_repro/USCT_download/c5_wavefield_data/smoke64src_train20_val5/train/train_12.npz,25,380,412,0.4860781133174896,0.11908379197120667
11,/home/featurize/work/USCT_repro/USCT_download/c5_wavefield_data/smoke64src_train20_val5/train/train_12.npz,26,362,424,0.5145469307899475,0.14561495184898376
11,/home/featurize/work/USCT_repro/USCT_download/c5_wavefield_data/smoke64src_train20_val5/train/train_12.npz,27,344,435,0.5184441804885864,0.16015662252902985
11,/home/featurize/work/USCT_repro/USCT_download/c5_wavefield_data/smoke64src_train20_val5/train/train_12.npz,28,325,444,0.5131070017814636,0.1535661369562149
11,/home/featurize/work/USCT_repro/USCT_download/c5_wavefield_data/smoke64src_train20_val5/train/train_12.npz,29,305,451,0.5187893509864807,0.1348348706960678
11,/home/featurize/work/USCT_repro/USCT_download/c5_wavefield_data/smoke64src_train20_val5/train/train_12.npz,30,284,457,0.5070050954818726,0.14158368110656738
11,/home/featurize/work/USCT_repro/USCT_download/c5_wavefield_data/smoke64src_train20_val5/train/train_12.npz,31,263,460,0.5066049098968506,0.14874768257141113
11,/home/featurize/work/USCT_repro/USCT_download/c5_wavefield_data/smoke64src_train20_val5/train/train_12.npz,32,235,461,0.45873144268989563,0.13800813257694244
11,/home/featurize/work/USCT_repro/USCT_download/c5_wavefield_data/smoke64src_train20_val5/train/train_12.npz,33,214,460,0.4757285416126251,0.1449568122625351
11,/home/featurize/work/USCT_repro/USCT_download/c5_wavefield_data/smoke64src_train20_val5/train/train_12.npz,34,193,456,0.4695381820201874,0.1327584832906723
11,/home/featurize/work/USCT_repro/USCT_download/c5_wavefield_data/smoke64src_train20_val5/train/train_12.npz,35,173,451,0.48349568247795105,0.15297119319438934
11,/home/featurize/work/USCT_repro/USCT_download/c5_wavefield_data/smoke64src_train20_val5/train/train_12.npz,36,153,443,0.493312805891037,0.15725474059581757
11,/home/featurize/work/USCT_repro/USCT_download/c5_wavefield_data/smoke64src_train20_val5/train/train_12.npz,37,134,434,0.4820716381072998,0.149878591299057
11,/home/featurize/work/USCT_repro/USCT_download/c5_wavefield_data/smoke64src_train20_val5/train/train_12.npz,38,115,423,0.4617152810096741,0.15836316347122192
11,/home/featurize/work/USCT_repro/USCT_download/c5_wavefield_data/smoke64src_train20_val5/train/train_12.npz,39,98,410,0.4474671185016632,0.14821434020996094
11,/home/featurize/work/USCT_repro/USCT_download/c5_wavefield_data/smoke64src_train20_val5/train/train_12.npz,40,83,396,0.43314895033836365,0.155352383852005
11,/home/featurize/work/USCT_repro/USCT_download/c5_wavefield_data/smoke64src_train20_val5/train/train_12.npz,41,69,380,0.48124465346336365,0.14988365769386292
11,/home/featurize/work/USCT_repro/USCT_download/c5_wavefield_data/smoke64src_train20_val5/train/train_12.npz,42,56,363,0.4935424029827118,0.14298897981643677
11,/home/featurize/work/USCT_repro/USCT_download/c5_wavefield_data/smoke64src_train20_val5/train/train_12.npz,43,45,344,0.46806082129478455,0.14383703470230103
11,/home/featurize/work/USCT_repro/USCT_download/c5_wavefield_data/smoke64src_train20_val5/train/train_12.npz,44,36,325,0.4760213792324066,0.13504721224308014
11,/home/featurize/work/USCT_repro/USCT_download/c5_wavefield_data/smoke64src_train20_val5/train/train_12.npz,45,29,305,0.4612288475036621,0.14817820489406586
11,/home/featurize/work/USCT_repro/USCT_download/c5_wavefield_data/smoke64src_train20_val5/train/train_12.npz,46,23,285,0.4719070792198181,0.12564344704151154
11,/home/featurize/work/USCT_repro/USCT_download/c5_wavefield_data/smoke64src_train20_val5/train/train_12.npz,47,20,264,0.4935149848461151,0.146358922123909
11,/home/featurize/work/USCT_repro/USCT_download/c5_wavefield_data/smoke64src_train20_val5/train/train_12.npz,48,19,236,0.5056969523429871,0.1368192583322525
11,/home/featurize/work/USCT_repro/USCT_download/c5_wavefield_data/smoke64src_train20_val5/train/train_12.npz,49,20,215,0.5304540395736694,0.13642187416553497
11,/home/featurize/work/USCT_repro/USCT_download/c5_wavefield_data/smoke64src_train20_val5/train/train_12.npz,50,24,194,0.540623664855957,0.1417474001646042
11,/home/featurize/work/USCT_repro/USCT_download/c5_wavefield_data/smoke64src_train20_val5/train/train_12.npz,51,29,174,0.5636483430862427,0.14966647326946259
11,/home/featurize/work/USCT_repro/USCT_download/c5_wavefield_data/smoke64src_train20_val5/train/train_12.npz,52,36,154,0.5530173182487488,0.1511697620153427
11,/home/featurize/work/USCT_repro/USCT_download/c5_wavefield_data/smoke64src_train20_val5/train/train_12.npz,53,46,135,0.5299785733222961,0.1574258953332901
11,/home/featurize/work/USCT_repro/USCT_download/c5_wavefield_data/smoke64src_train20_val5/train/train_12.npz,54,57,116,0.5101822018623352,0.14672327041625977
11,/home/featurize/work/USCT_repro/USCT_download/c5_wavefield_data/smoke64src_train20_val5/train/train_12.npz,55,69,99,0.4964297115802765,0.147768035531044
11,/home/featurize/work/USCT_repro/USCT_download/c5_wavefield_data/smoke64src_train20_val5/train/train_12.npz,56,84,84,0.4875253736972809,0.1384599804878235
11,/home/featurize/work/USCT_repro/USCT_download/c5_wavefield_data/smoke64src_train20_val5/train/train_12.npz,57,99,69,0.4741126298904419,0.12901534140110016
11,/home/featurize/work/USCT_repro/USCT_download/c5_wavefield_data/smoke64src_train20_val5/train/train_12.npz,58,116,57,0.49243903160095215,0.12700292468070984
11,/home/featurize/work/USCT_repro/USCT_download/c5_wavefield_data/smoke64src_train20_val5/train/train_12.npz,59,135,46,0.5124739408493042,0.15056228637695312
11,/home/featurize/work/USCT_repro/USCT_download/c5_wavefield_data/smoke64src_train20_val5/train/train_12.npz,60,154,36,0.5205454230308533,0.14915916323661804
11,/home/featurize/work/USCT_repro/USCT_download/c5_wavefield_data/smoke64src_train20_val5/train/train_12.npz,61,174,29,0.5175684094429016,0.16190212965011597
11,/home/featurize/work/USCT_repro/USCT_download/c5_wavefield_data/smoke64src_train20_val5/train/train_12.npz,62,194,24,0.5244474411010742,0.15750999748706818
11,/home/featurize/work/USCT_repro/USCT_download/c5_wavefield_data/smoke64src_train20_val5/train/train_12.npz,63,215,20,0.5087344646453857,0.14082174003124237
12,/home/featurize/work/USCT_repro/USCT_download/c5_wavefield_data/smoke64src_train20_val5/train/train_13.npz,0,246,19,0.5042243003845215,0.14444789290428162
12,/home/featurize/work/USCT_repro/USCT_download/c5_wavefield_data/smoke64src_train20_val5/train/train_13.npz,1,267,20,0.481979101896286,0.15174254775047302
12,/home/featurize/work/USCT_repro/USCT_download/c5_wavefield_data/smoke64src_train20_val5/train/train_13.npz,2,288,24,0.476703941822052,0.1495930701494217
12,/home/featurize/work/USCT_repro/USCT_download/c5_wavefield_data/smoke64src_train20_val5/train/train_13.npz,3,309,30,0.4585949182510376,0.1418921798467636
12,/home/featurize/work/USCT_repro/USCT_download/c5_wavefield_data/smoke64src_train20_val5/train/train_13.npz,4,329,37,0.470017671585083,0.15178188681602478
12,/home/featurize/work/USCT_repro/USCT_download/c5_wavefield_data/smoke64src_train20_val5/train/train_13.npz,5,348,47,0.4742932915687561,0.15899278223514557
12,/home/featurize/work/USCT_repro/USCT_download/c5_wavefield_data/smoke64src_train20_val5/train/train_13.npz,6,366,58,0.4630514979362488,0.14756959676742554
12,/home/featurize/work/USCT_repro/USCT_download/c5_wavefield_data/smoke64src_train20_val5/train/train_13.npz,7,383,71,0.4675969183444977,0.1406044065952301
12,/home/featurize/work/USCT_repro/USCT_download/c5_wavefield_data/smoke64src_train20_val5/train/train_13.npz,8,398,85,0.46287301182746887,0.14348894357681274
12,/home/featurize/work/USCT_repro/USCT_download/c5_wavefield_data/smoke64src_train20_val5/train/train_13.npz,9,412,101,0.47063520550727844,0.14715328812599182
12,/home/featurize/work/USCT_repro/USCT_download/c5_wavefield_data/smoke64src_train20_val5/train/train_13.npz,10,425,119,0.47642338275909424,0.14272551238536835
12,/home/featurize/work/USCT_repro/USCT_download/c5_wavefield_data/smoke64src_train20_val5/train/train_13.npz,11,436,137,0.49693506956100464,0.1331125795841217
12,/home/featurize/work/USCT_repro/USCT_download/c5_wavefield_data/smoke64src_train20_val5/train/train_13.npz,12,445,156,0.5135058164596558,0.14478565752506256
12,/home/featurize/work/USCT_repro/USCT_download/c5_wavefield_data/smoke64src_train20_val5/train/train_13.npz,13,452,176,0.49969857931137085,0.1333136260509491
12,/home/featurize/work/USCT_repro/USCT_download/c5_wavefield_data/smoke64src_train20_val5/train/train_13.npz,14,457,197,0.5209225416183472,0.15374471247196198
12,/home/featurize/work/USCT_repro/USCT_download/c5_wavefield_data/smoke64src_train20_val5/train/train_13.npz,15,460,218,0.5452883839607239,0.14157408475875854
12,/home/featurize/work/USCT_repro/USCT_download/c5_wavefield_data/smoke64src_train20_val5/train/train_13.npz,16,461,245,0.5398261547088623,0.15072724223136902
12,/home/featurize/work/USCT_repro/USCT_download/c5_wavefield_data/smoke64src_train20_val5/train/train_13.npz,17,460,266,0.5129735469818115,0.13606402277946472
12,/home/featurize/work/USCT_repro/USCT_download/c5_wavefield_data/smoke64src_train20_val5/train/train_13.npz,18,456,287,0.5419932007789612,0.14321307837963104
12,/home/featurize/work/USCT_repro/USCT_download/c5_wavefield_data/smoke64src_train20_val5/train/train_13.npz,19,451,308,0.5467702746391296,0.13736295700073242
12,/home/featurize/work/USCT_repro/USCT_download/c5_wavefield_data/smoke64src_train20_val5/train/train_13.npz,20,443,328,0.5496624708175659,0.13604991137981415
12,/home/featurize/work/USCT_repro/USCT_download/c5_wavefield_data/smoke64src_train20_val5/train/train_13.npz,21,434,347,0.5481093525886536,0.17056569457054138
12,/home/featurize/work/USCT_repro/USCT_download/c5_wavefield_data/smoke64src_train20_val5/train/train_13.npz,22,423,365,0.5229766368865967,0.1519816368818283
12,/home/featurize/work/USCT_repro/USCT_download/c5_wavefield_data/smoke64src_train20_val5/train/train_13.npz,23,410,382,0.5010411739349365,0.13667070865631104
12,/home/featurize/work/USCT_repro/USCT_download/c5_wavefield_data/smoke64src_train20_val5/train/train_13.npz,24,395,397,0.47688838839530945,0.13665840029716492
12,/home/featurize/work/USCT_repro/USCT_download/c5_wavefield_data/smoke64src_train20_val5/train/train_13.npz,25,380,412,0.4794807434082031,0.16049249470233917
12,/home/featurize/work/USCT_repro/USCT_download/c5_wavefield_data/smoke64src_train20_val5/train/train_13.npz,26,362,424,0.4727012515068054,0.14084407687187195
12,/home/featurize/work/USCT_repro/USCT_download/c5_wavefield_data/smoke64src_train20_val5/train/train_13.npz,27,344,435,0.4828031063079834,0.14357711374759674
12,/home/featurize/work/USCT_repro/USCT_download/c5_wavefield_data/smoke64src_train20_val5/train/train_13.npz,28,325,444,0.4941733479499817,0.15566755831241608
12,/home/featurize/work/USCT_repro/USCT_download/c5_wavefield_data/smoke64src_train20_val5/train/train_13.npz,29,305,451,0.5104783773422241,0.14432041347026825
12,/home/featurize/work/USCT_repro/USCT_download/c5_wavefield_data/smoke64src_train20_val5/train/train_13.npz,30,284,457,0.5224271416664124,0.15518149733543396
12,/home/featurize/work/USCT_repro/USCT_download/c5_wavefield_data/smoke64src_train20_val5/train/train_13.npz,31,263,460,0.5148659348487854,0.14712083339691162
12,/home/featurize/work/USCT_repro/USCT_download/c5_wavefield_data/smoke64src_train20_val5/train/train_13.npz,32,235,461,0.49569445848464966,0.13921475410461426
12,/home/featurize/work/USCT_repro/USCT_download/c5_wavefield_data/smoke64src_train20_val5/train/train_13.npz,33,214,460,0.5041878819465637,0.14321324229240417
12,/home/featurize/work/USCT_repro/USCT_download/c5_wavefield_data/smoke64src_train20_val5/train/train_13.npz,34,193,456,0.5052732825279236,0.14648757874965668
12,/home/featurize/work/USCT_repro/USCT_download/c5_wavefield_data/smoke64src_train20_val5/train/train_13.npz,35,173,451,0.5107946395874023,0.15270249545574188
12,/home/featurize/work/USCT_repro/USCT_download/c5_wavefield_data/smoke64src_train20_val5/train/train_13.npz,36,153,443,0.5392040610313416,0.17206063866615295
12,/home/featurize/work/USCT_repro/USCT_download/c5_wavefield_data/smoke64src_train20_val5/train/train_13.npz,37,134,434,0.5400324463844299,0.17137382924556732
12,/home/featurize/work/USCT_repro/USCT_download/c5_wavefield_data/smoke64src_train20_val5/train/train_13.npz,38,115,423,0.5469087362289429,0.16635359823703766
12,/home/featurize/work/USCT_repro/USCT_download/c5_wavefield_data/smoke64src_train20_val5/train/train_13.npz,39,98,410,0.5393924117088318,0.16076286137104034
12,/home/featurize/work/USCT_repro/USCT_download/c5_wavefield_data/smoke64src_train20_val5/train/train_13.npz,40,83,396,0.5047621726989746,0.14821521937847137
12,/home/featurize/work/USCT_repro/USCT_download/c5_wavefield_data/smoke64src_train20_val5/train/train_13.npz,41,69,380,0.5391918420791626,0.16114574670791626
12,/home/featurize/work/USCT_repro/USCT_download/c5_wavefield_data/smoke64src_train20_val5/train/train_13.npz,42,56,363,0.5233516693115234,0.1592710018157959
12,/home/featurize/work/USCT_repro/USCT_download/c5_wavefield_data/smoke64src_train20_val5/train/train_13.npz,43,45,344,0.5288596153259277,0.15450488030910492
12,/home/featurize/work/USCT_repro/USCT_download/c5_wavefield_data/smoke64src_train20_val5/train/train_13.npz,44,36,325,0.524127185344696,0.16287080943584442
12,/home/featurize/work/USCT_repro/USCT_download/c5_wavefield_data/smoke64src_train20_val5/train/train_13.npz,45,29,305,0.5287994742393494,0.15043221414089203
12,/home/featurize/work/USCT_repro/USCT_download/c5_wavefield_data/smoke64src_train20_val5/train/train_13.npz,46,23,285,0.5376115441322327,0.1531427502632141
12,/home/featurize/work/USCT_repro/USCT_download/c5_wavefield_data/smoke64src_train20_val5/train/train_13.npz,47,20,264,0.5392072200775146,0.1445053070783615
12,/home/featurize/work/USCT_repro/USCT_download/c5_wavefield_data/smoke64src_train20_val5/train/train_13.npz,48,19,236,0.497826486825943,0.14357994496822357
12,/home/featurize/work/USCT_repro/USCT_download/c5_wavefield_data/smoke64src_train20_val5/train/train_13.npz,49,20,215,0.48942887783050537,0.13584715127944946
12,/home/featurize/work/USCT_repro/USCT_download/c5_wavefield_data/smoke64src_train20_val5/train/train_13.npz,50,24,194,0.5162051916122437,0.1495778113603592
12,/home/featurize/work/USCT_repro/USCT_download/c5_wavefield_data/smoke64src_train20_val5/train/train_13.npz,51,29,174,0.5259388089179993,0.1459904909133911
12,/home/featurize/work/USCT_repro/USCT_download/c5_wavefield_data/smoke64src_train20_val5/train/train_13.npz,52,36,154,0.535331666469574,0.16400930285453796
12,/home/featurize/work/USCT_repro/USCT_download/c5_wavefield_data/smoke64src_train20_val5/train/train_13.npz,53,46,135,0.5153225064277649,0.16326923668384552
12,/home/featurize/work/USCT_repro/USCT_download/c5_wavefield_data/smoke64src_train20_val5/train/train_13.npz,54,57,116,0.47909310460090637,0.1491364687681198
12,/home/featurize/work/USCT_repro/USCT_download/c5_wavefield_data/smoke64src_train20_val5/train/train_13.npz,55,69,99,0.46598711609840393,0.13550107181072235
12,/home/featurize/work/USCT_repro/USCT_download/c5_wavefield_data/smoke64src_train20_val5/train/train_13.npz,56,84,84,0.45942485332489014,0.12936778366565704
12,/home/featurize/work/USCT_repro/USCT_download/c5_wavefield_data/smoke64src_train20_val5/train/train_13.npz,57,99,69,0.5245324373245239,0.1630706638097763
12,/home/featurize/work/USCT_repro/USCT_download/c5_wavefield_data/smoke64src_train20_val5/train/train_13.npz,58,116,57,0.5173185467720032,0.1442634016275406
12,/home/featurize/work/USCT_repro/USCT_download/c5_wavefield_data/smoke64src_train20_val5/train/train_13.npz,59,135,46,0.5430878400802612,0.1489052176475525
12,/home/featurize/work/USCT_repro/USCT_download/c5_wavefield_data/smoke64src_train20_val5/train/train_13.npz,60,154,36,0.5184739232063293,0.15447011590003967
12,/home/featurize/work/USCT_repro/USCT_download/c5_wavefield_data/smoke64src_train20_val5/train/train_13.npz,61,174,29,0.5236580967903137,0.13931424915790558
12,/home/featurize/work/USCT_repro/USCT_download/c5_wavefield_data/smoke64src_train20_val5/train/train_13.npz,62,194,24,0.5113833546638489,0.1544322669506073
12,/home/featurize/work/USCT_repro/USCT_download/c5_wavefield_data/smoke64src_train20_val5/train/train_13.npz,63,215,20,0.4979046881198883,0.1522369682788849
13,/home/featurize/work/USCT_repro/USCT_download/c5_wavefield_data/smoke64src_train20_val5/train/train_14.npz,0,246,19,0.5734286308288574,0.1536821722984314
13,/home/featurize/work/USCT_repro/USCT_download/c5_wavefield_data/smoke64src_train20_val5/train/train_14.npz,1,267,20,0.5853511691093445,0.1483263373374939
13,/home/featurize/work/USCT_repro/USCT_download/c5_wavefield_data/smoke64src_train20_val5/train/train_14.npz,2,288,24,0.5878304839134216,0.14945314824581146
13,/home/featurize/work/USCT_repro/USCT_download/c5_wavefield_data/smoke64src_train20_val5/train/train_14.npz,3,309,30,0.6051096320152283,0.14436973631381989
13,/home/featurize/work/USCT_repro/USCT_download/c5_wavefield_data/smoke64src_train20_val5/train/train_14.npz,4,329,37,0.5967519879341125,0.1600162237882614
13,/home/featurize/work/USCT_repro/USCT_download/c5_wavefield_data/smoke64src_train20_val5/train/train_14.npz,5,348,47,0.5788834691047668,0.1521414965391159
13,/home/featurize/work/USCT_repro/USCT_download/c5_wavefield_data/smoke64src_train20_val5/train/train_14.npz,6,366,58,0.5354206562042236,0.1434069275856018
13,/home/featurize/work/USCT_repro/USCT_download/c5_wavefield_data/smoke64src_train20_val5/train/train_14.npz,7,383,71,0.5249794721603394,0.1560765951871872
13,/home/featurize/work/USCT_repro/USCT_download/c5_wavefield_data/smoke64src_train20_val5/train/train_14.npz,8,398,85,0.5010198354721069,0.13656044006347656
13,/home/featurize/work/USCT_repro/USCT_download/c5_wavefield_data/smoke64src_train20_val5/train/train_14.npz,9,412,101,0.4959604740142822,0.14506393671035767
13,/home/featurize/work/USCT_repro/USCT_download/c5_wavefield_data/smoke64src_train20_val5/train/train_14.npz,10,425,119,0.512523889541626,0.15320023894309998
13,/home/featurize/work/USCT_repro/USCT_download/c5_wavefield_data/smoke64src_train20_val5/train/train_14.npz,11,436,137,0.5051763653755188,0.14302276074886322
13,/home/featurize/work/USCT_repro/USCT_download/c5_wavefield_data/smoke64src_train20_val5/train/train_14.npz,12,445,156,0.5066590905189514,0.14948773384094238
13,/home/featurize/work/USCT_repro/USCT_download/c5_wavefield_data/smoke64src_train20_val5/train/train_14.npz,13,452,176,0.525553822517395,0.15233446657657623
13,/home/featurize/work/USCT_repro/USCT_download/c5_wavefield_data/smoke64src_train20_val5/train/train_14.npz,14,457,197,0.5482397079467773,0.1607733964920044
13,/home/featurize/work/USCT_repro/USCT_download/c5_wavefield_data/smoke64src_train20_val5/train/train_14.npz,15,460,218,0.5402513146400452,0.1664028763771057
13,/home/featurize/work/USCT_repro/USCT_download/c5_wavefield_data/smoke64src_train20_val5/train/train_14.npz,16,461,245,0.5335167050361633,0.14828218519687653
13,/home/featurize/work/USCT_repro/USCT_download/c5_wavefield_data/smoke64src_train20_val5/train/train_14.npz,17,460,266,0.5188102126121521,0.14787037670612335
13,/home/featurize/work/USCT_repro/USCT_download/c5_wavefield_data/smoke64src_train20_val5/train/train_14.npz,18,456,287,0.5175067782402039,0.1489330530166626
13,/home/featurize/work/USCT_repro/USCT_download/c5_wavefield_data/smoke64src_train20_val5/train/train_14.npz,19,451,308,0.5284522175788879,0.1589706689119339
13,/home/featurize/work/USCT_repro/USCT_download/c5_wavefield_data/smoke64src_train20_val5/train/train_14.npz,20,443,328,0.5019240975379944,0.1712293177843094
13,/home/featurize/work/USCT_repro/USCT_download/c5_wavefield_data/smoke64src_train20_val5/train/train_14.npz,21,434,347,0.5049142241477966,0.15698212385177612
13,/home/featurize/work/USCT_repro/USCT_download/c5_wavefield_data/smoke64src_train20_val5/train/train_14.npz,22,423,365,0.4901662766933441,0.14681188762187958
13,/home/featurize/work/USCT_repro/USCT_download/c5_wavefield_data/smoke64src_train20_val5/train/train_14.npz,23,410,382,0.4928341209888458,0.1502714306116104
13,/home/featurize/work/USCT_repro/USCT_download/c5_wavefield_data/smoke64src_train20_val5/train/train_14.npz,24,395,397,0.5009661316871643,0.1380295306444168
13,/home/featurize/work/USCT_repro/USCT_download/c5_wavefield_data/smoke64src_train20_val5/train/train_14.npz,25,380,412,0.5352156162261963,0.16601185500621796
13,/home/featurize/work/USCT_repro/USCT_download/c5_wavefield_data/smoke64src_train20_val5/train/train_14.npz,26,362,424,0.5403444170951843,0.14907784759998322
13,/home/featurize/work/USCT_repro/USCT_download/c5_wavefield_data/smoke64src_train20_val5/train/train_14.npz,27,344,435,0.568298876285553,0.1259189397096634
13,/home/featurize/work/USCT_repro/USCT_download/c5_wavefield_data/smoke64src_train20_val5/train/train_14.npz,28,325,444,0.5893852710723877,0.16064950823783875
13,/home/featurize/work/USCT_repro/USCT_download/c5_wavefield_data/smoke64src_train20_val5/train/train_14.npz,29,305,451,0.5804653763771057,0.1654958575963974
13,/home/featurize/work/USCT_repro/USCT_download/c5_wavefield_data/smoke64src_train20_val5/train/train_14.npz,30,284,457,0.5537787079811096,0.1649121642112732
13,/home/featurize/work/USCT_repro/USCT_download/c5_wavefield_data/smoke64src_train20_val5/train/train_14.npz,31,263,460,0.5470386743545532,0.16451850533485413
13,/home/featurize/work/USCT_repro/USCT_download/c5_wavefield_data/smoke64src_train20_val5/train/train_14.npz,32,235,461,0.5128548741340637,0.14195837080478668
13,/home/featurize/work/USCT_repro/USCT_download/c5_wavefield_data/smoke64src_train20_val5/train/train_14.npz,33,214,460,0.5335854887962341,0.14344380795955658
13,/home/featurize/work/USCT_repro/USCT_download/c5_wavefield_data/smoke64src_train20_val5/train/train_14.npz,34,193,456,0.5315672755241394,0.1496308445930481
13,/home/featurize/work/USCT_repro/USCT_download/c5_wavefield_data/smoke64src_train20_val5/train/train_14.npz,35,173,451,0.5446154475212097,0.14646977186203003
13,/home/featurize/work/USCT_repro/USCT_download/c5_wavefield_data/smoke64src_train20_val5/train/train_14.npz,36,153,443,0.5335515141487122,0.14560288190841675
13,/home/featurize/work/USCT_repro/USCT_download/c5_wavefield_data/smoke64src_train20_val5/train/train_14.npz,37,134,434,0.5426133275032043,0.16453894972801208
13,/home/featurize/work/USCT_repro/USCT_download/c5_wavefield_data/smoke64src_train20_val5/train/train_14.npz,38,115,423,0.5213241577148438,0.12462668865919113
13,/home/featurize/work/USCT_repro/USCT_download/c5_wavefield_data/smoke64src_train20_val5/train/train_14.npz,39,98,410,0.5014552474021912,0.13930347561836243
13,/home/featurize/work/USCT_repro/USCT_download/c5_wavefield_data/smoke64src_train20_val5/train/train_14.npz,40,83,396,0.48250970244407654,0.14062009751796722
13,/home/featurize/work/USCT_repro/USCT_download/c5_wavefield_data/smoke64src_train20_val5/train/train_14.npz,41,69,380,0.48918312788009644,0.16101883351802826
13,/home/featurize/work/USCT_repro/USCT_download/c5_wavefield_data/smoke64src_train20_val5/train/train_14.npz,42,56,363,0.501712441444397,0.14557437598705292
13,/home/featurize/work/USCT_repro/USCT_download/c5_wavefield_data/smoke64src_train20_val5/train/train_14.npz,43,45,344,0.4885084629058838,0.13759535551071167
13,/home/featurize/work/USCT_repro/USCT_download/c5_wavefield_data/smoke64src_train20_val5/train/train_14.npz,44,36,325,0.49916982650756836,0.15855151414871216
13,/home/featurize/work/USCT_repro/USCT_download/c5_wavefield_data/smoke64src_train20_val5/train/train_14.npz,45,29,305,0.5224411487579346,0.15689773857593536
13,/home/featurize/work/USCT_repro/USCT_download/c5_wavefield_data/smoke64src_train20_val5/train/train_14.npz,46,23,285,0.5374583005905151,0.1459638476371765
13,/home/featurize/work/USCT_repro/USCT_download/c5_wavefield_data/smoke64src_train20_val5/train/train_14.npz,47,20,264,0.5509774088859558,0.15366825461387634
13,/home/featurize/work/USCT_repro/USCT_download/c5_wavefield_data/smoke64src_train20_val5/train/train_14.npz,48,19,236,0.5231583118438721,0.14392289519309998
13,/home/featurize/work/USCT_repro/USCT_download/c5_wavefield_data/smoke64src_train20_val5/train/train_14.npz,49,20,215,0.517518937587738,0.15466506779193878
13,/home/featurize/work/USCT_repro/USCT_download/c5_wavefield_data/smoke64src_train20_val5/train/train_14.npz,50,24,194,0.5045130848884583,0.1463809609413147
13,/home/featurize/work/USCT_repro/USCT_download/c5_wavefield_data/smoke64src_train20_val5/train/train_14.npz,51,29,174,0.5019852519035339,0.13859246671199799
13,/home/featurize/work/USCT_repro/USCT_download/c5_wavefield_data/smoke64src_train20_val5/train/train_14.npz,52,36,154,0.5024553537368774,0.14152945578098297
13,/home/featurize/work/USCT_repro/USCT_download/c5_wavefield_data/smoke64src_train20_val5/train/train_14.npz,53,46,135,0.49526309967041016,0.1715860515832901
13,/home/featurize/work/USCT_repro/USCT_download/c5_wavefield_data/smoke64src_train20_val5/train/train_14.npz,54,57,116,0.46178102493286133,0.14489613473415375
13,/home/featurize/work/USCT_repro/USCT_download/c5_wavefield_data/smoke64src_train20_val5/train/train_14.npz,55,69,99,0.46810463070869446,0.16082771122455597
13,/home/featurize/work/USCT_repro/USCT_download/c5_wavefield_data/smoke64src_train20_val5/train/train_14.npz,56,84,84,0.47300955653190613,0.13485731184482574
13,/home/featurize/work/USCT_repro/USCT_download/c5_wavefield_data/smoke64src_train20_val5/train/train_14.npz,57,99,69,0.483353853225708,0.1312078982591629
13,/home/featurize/work/USCT_repro/USCT_download/c5_wavefield_data/smoke64src_train20_val5/train/train_14.npz,58,116,57,0.4656308889389038,0.13431064784526825
13,/home/featurize/work/USCT_repro/USCT_download/c5_wavefield_data/smoke64src_train20_val5/train/train_14.npz,59,135,46,0.47357258200645447,0.13467419147491455
13,/home/featurize/work/USCT_repro/USCT_download/c5_wavefield_data/smoke64src_train20_val5/train/train_14.npz,60,154,36,0.4812593460083008,0.14191585779190063
13,/home/featurize/work/USCT_repro/USCT_download/c5_wavefield_data/smoke64src_train20_val5/train/train_14.npz,61,174,29,0.5100945234298706,0.15494103729724884
13,/home/featurize/work/USCT_repro/USCT_download/c5_wavefield_data/smoke64src_train20_val5/train/train_14.npz,62,194,24,0.5227577090263367,0.151521697640419
13,/home/featurize/work/USCT_repro/USCT_download/c5_wavefield_data/smoke64src_train20_val5/train/train_14.npz,63,215,20,0.5454708337783813,0.1597921997308731
14,/home/featurize/work/USCT_repro/USCT_download/c5_wavefield_data/smoke64src_train20_val5/train/train_15.npz,0,246,19,0.5125718116760254,0.14165355265140533
14,/home/featurize/work/USCT_repro/USCT_download/c5_wavefield_data/smoke64src_train20_val5/train/train_15.npz,1,267,20,0.5154247283935547,0.1361463963985443
14,/home/featurize/work/USCT_repro/USCT_download/c5_wavefield_data/smoke64src_train20_val5/train/train_15.npz,2,288,24,0.49878397583961487,0.13173389434814453
14,/home/featurize/work/USCT_repro/USCT_download/c5_wavefield_data/smoke64src_train20_val5/train/train_15.npz,3,309,30,0.47591522336006165,0.14398415386676788
14,/home/featurize/work/USCT_repro/USCT_download/c5_wavefield_data/smoke64src_train20_val5/train/train_15.npz,4,329,37,0.46185386180877686,0.133538156747818
14,/home/featurize/work/USCT_repro/USCT_download/c5_wavefield_data/smoke64src_train20_val5/train/train_15.npz,5,348,47,0.4925595223903656,0.15652522444725037
14,/home/featurize/work/USCT_repro/USCT_download/c5_wavefield_data/smoke64src_train20_val5/train/train_15.npz,6,366,58,0.5000388026237488,0.15792818367481232
14,/home/featurize/work/USCT_repro/USCT_download/c5_wavefield_data/smoke64src_train20_val5/train/train_15.npz,7,383,71,0.49005550146102905,0.1538391411304474
14,/home/featurize/work/USCT_repro/USCT_download/c5_wavefield_data/smoke64src_train20_val5/train/train_15.npz,8,398,85,0.4855778217315674,0.14320175349712372
14,/home/featurize/work/USCT_repro/USCT_download/c5_wavefield_data/smoke64src_train20_val5/train/train_15.npz,9,412,101,0.4873465299606323,0.14341379702091217
14,/home/featurize/work/USCT_repro/USCT_download/c5_wavefield_data/smoke64src_train20_val5/train/train_15.npz,10,425,119,0.5133323073387146,0.1652251034975052
14,/home/featurize/work/USCT_repro/USCT_download/c5_wavefield_data/smoke64src_train20_val5/train/train_15.npz,11,436,137,0.5268967747688293,0.15470978617668152
14,/home/featurize/work/USCT_repro/USCT_download/c5_wavefield_data/smoke64src_train20_val5/train/train_15.npz,12,445,156,0.5379794836044312,0.15571053326129913
14,/home/featurize/work/USCT_repro/USCT_download/c5_wavefield_data/smoke64src_train20_val5/train/train_15.npz,13,452,176,0.5456137657165527,0.15043321251869202
14,/home/featurize/work/USCT_repro/USCT_download/c5_wavefield_data/smoke64src_train20_val5/train/train_15.npz,14,457,197,0.5502817630767822,0.18771256506443024
14,/home/featurize/work/USCT_repro/USCT_download/c5_wavefield_data/smoke64src_train20_val5/train/train_15.npz,15,460,218,0.5284798741340637,0.17407771944999695
14,/home/featurize/work/USCT_repro/USCT_download/c5_wavefield_data/smoke64src_train20_val5/train/train_15.npz,16,461,245,0.5298629403114319,0.150164395570755
14,/home/featurize/work/USCT_repro/USCT_download/c5_wavefield_data/smoke64src_train20_val5/train/train_15.npz,17,460,266,0.544877290725708,0.16078335046768188
14,/home/featurize/work/USCT_repro/USCT_download/c5_wavefield_data/smoke64src_train20_val5/train/train_15.npz,18,456,287,0.5585388541221619,0.16864797472953796
14,/home/featurize/work/USCT_repro/USCT_download/c5_wavefield_data/smoke64src_train20_val5/train/train_15.npz,19,451,308,0.5651649832725525,0.17591997981071472
14,/home/featurize/work/USCT_repro/USCT_download/c5_wavefield_data/smoke64src_train20_val5/train/train_15.npz,20,443,328,0.5678803324699402,0.16533441841602325
14,/home/featurize/work/USCT_repro/USCT_download/c5_wavefield_data/smoke64src_train20_val5/train/train_15.npz,21,434,347,0.5794591903686523,0.16987429559230804
14,/home/featurize/work/USCT_repro/USCT_download/c5_wavefield_data/smoke64src_train20_val5/train/train_15.npz,22,423,365,0.5666426420211792,0.17044897377490997
14,/home/featurize/work/USCT_repro/USCT_download/c5_wavefield_data/smoke64src_train20_val5/train/train_15.npz,23,410,382,0.5864002704620361,0.16633088886737823
14,/home/featurize/work/USCT_repro/USCT_download/c5_wavefield_data/smoke64src_train20_val5/train/train_15.npz,24,395,397,0.5476104617118835,0.1551935076713562
14,/home/featurize/work/USCT_repro/USCT_download/c5_wavefield_data/smoke64src_train20_val5/train/train_15.npz,25,380,412,0.549786388874054,0.18259887397289276
14,/home/featurize/work/USCT_repro/USCT_download/c5_wavefield_data/smoke64src_train20_val5/train/train_15.npz,26,362,424,0.5364652872085571,0.1783558577299118
14,/home/featurize/work/USCT_repro/USCT_download/c5_wavefield_data/smoke64src_train20_val5/train/train_15.npz,27,344,435,0.5116324424743652,0.13973934948444366
14,/home/featurize/work/USCT_repro/USCT_download/c5_wavefield_data/smoke64src_train20_val5/train/train_15.npz,28,325,444,0.5366358757019043,0.14905978739261627
14,/home/featurize/work/USCT_repro/USCT_download/c5_wavefield_data/smoke64src_train20_val5/train/train_15.npz,29,305,451,0.525834321975708,0.15260612964630127
14,/home/featurize/work/USCT_repro/USCT_download/c5_wavefield_data/smoke64src_train20_val5/train/train_15.npz,30,284,457,0.547272264957428,0.16937831044197083
14,/home/featurize/work/USCT_repro/USCT_download/c5_wavefield_data/smoke64src_train20_val5/train/train_15.npz,31,263,460,0.5276796221733093,0.14180628955364227
14,/home/featurize/work/USCT_repro/USCT_download/c5_wavefield_data/smoke64src_train20_val5/train/train_15.npz,32,235,461,0.5074296593666077,0.14435610175132751
14,/home/featurize/work/USCT_repro/USCT_download/c5_wavefield_data/smoke64src_train20_val5/train/train_15.npz,33,214,460,0.5209081768989563,0.15363313257694244
14,/home/featurize/work/USCT_repro/USCT_download/c5_wavefield_data/smoke64src_train20_val5/train/train_15.npz,34,193,456,0.5478470325469971,0.14596369862556458
14,/home/featurize/work/USCT_repro/USCT_download/c5_wavefield_data/smoke64src_train20_val5/train/train_15.npz,35,173,451,0.5701968669891357,0.16155169904232025
14,/home/featurize/work/USCT_repro/USCT_download/c5_wavefield_data/smoke64src_train20_val5/train/train_15.npz,36,153,443,0.5546338558197021,0.15178975462913513
14,/home/featurize/work/USCT_repro/USCT_download/c5_wavefield_data/smoke64src_train20_val5/train/train_15.npz,37,134,434,0.5633879899978638,0.16593711078166962
14,/home/featurize/work/USCT_repro/USCT_download/c5_wavefield_data/smoke64src_train20_val5/train/train_15.npz,38,115,423,0.5030282139778137,0.13959535956382751
14,/home/featurize/work/USCT_repro/USCT_download/c5_wavefield_data/smoke64src_train20_val5/train/train_15.npz,39,98,410,0.5158620476722717,0.1470753401517868
14,/home/featurize/work/USCT_repro/USCT_download/c5_wavefield_data/smoke64src_train20_val5/train/train_15.npz,40,83,396,0.49430352449417114,0.1493278443813324
14,/home/featurize/work/USCT_repro/USCT_download/c5_wavefield_data/smoke64src_train20_val5/train/train_15.npz,41,69,380,0.5233910083770752,0.1402358114719391
14,/home/featurize/work/USCT_repro/USCT_download/c5_wavefield_data/smoke64src_train20_val5/train/train_15.npz,42,56,363,0.5429979562759399,0.14953774213790894
14,/home/featurize/work/USCT_repro/USCT_download/c5_wavefield_data/smoke64src_train20_val5/train/train_15.npz,43,45,344,0.5565873384475708,0.14151403307914734
14,/home/featurize/work/USCT_repro/USCT_download/c5_wavefield_data/smoke64src_train20_val5/train/train_15.npz,44,36,325,0.5765476226806641,0.14866802096366882
14,/home/featurize/work/USCT_repro/USCT_download/c5_wavefield_data/smoke64src_train20_val5/train/train_15.npz,45,29,305,0.5552992820739746,0.1583312600851059
14,/home/featurize/work/USCT_repro/USCT_download/c5_wavefield_data/smoke64src_train20_val5/train/train_15.npz,46,23,285,0.5357749462127686,0.16237729787826538
14,/home/featurize/work/USCT_repro/USCT_download/c5_wavefield_data/smoke64src_train20_val5/train/train_15.npz,47,20,264,0.5299013257026672,0.16586178541183472
14,/home/featurize/work/USCT_repro/USCT_download/c5_wavefield_data/smoke64src_train20_val5/train/train_15.npz,48,19,236,0.4949518144130707,0.1411781907081604
14,/home/featurize/work/USCT_repro/USCT_download/c5_wavefield_data/smoke64src_train20_val5/train/train_15.npz,49,20,215,0.5189002752304077,0.1552131325006485
14,/home/featurize/work/USCT_repro/USCT_download/c5_wavefield_data/smoke64src_train20_val5/train/train_15.npz,50,24,194,0.527884840965271,0.1626284122467041
14,/home/featurize/work/USCT_repro/USCT_download/c5_wavefield_data/smoke64src_train20_val5/train/train_15.npz,51,29,174,0.5564629435539246,0.18235476315021515
14,/home/featurize/work/USCT_repro/USCT_download/c5_wavefield_data/smoke64src_train20_val5/train/train_15.npz,52,36,154,0.5584521293640137,0.17062877118587494
14,/home/featurize/work/USCT_repro/USCT_download/c5_wavefield_data/smoke64src_train20_val5/train/train_15.npz,53,46,135,0.538919985294342,0.16409243643283844
14,/home/featurize/work/USCT_repro/USCT_download/c5_wavefield_data/smoke64src_train20_val5/train/train_15.npz,54,57,116,0.5312607884407043,0.16343124210834503
14,/home/featurize/work/USCT_repro/USCT_download/c5_wavefield_data/smoke64src_train20_val5/train/train_15.npz,55,69,99,0.525971531867981,0.16465744376182556
14,/home/featurize/work/USCT_repro/USCT_download/c5_wavefield_data/smoke64src_train20_val5/train/train_15.npz,56,84,84,0.5049349665641785,0.1497623473405838
14,/home/featurize/work/USCT_repro/USCT_download/c5_wavefield_data/smoke64src_train20_val5/train/train_15.npz,57,99,69,0.5219311118125916,0.1614270955324173
14,/home/featurize/work/USCT_repro/USCT_download/c5_wavefield_data/smoke64src_train20_val5/train/train_15.npz,58,116,57,0.5251758098602295,0.16609324514865875
14,/home/featurize/work/USCT_repro/USCT_download/c5_wavefield_data/smoke64src_train20_val5/train/train_15.npz,59,135,46,0.5395761728286743,0.16561874747276306
14,/home/featurize/work/USCT_repro/USCT_download/c5_wavefield_data/smoke64src_train20_val5/train/train_15.npz,60,154,36,0.5627135038375854,0.16949285566806793
14,/home/featurize/work/USCT_repro/USCT_download/c5_wavefield_data/smoke64src_train20_val5/train/train_15.npz,61,174,29,0.5506662130355835,0.15411058068275452
14,/home/featurize/work/USCT_repro/USCT_download/c5_wavefield_data/smoke64src_train20_val5/train/train_15.npz,62,194,24,0.530816912651062,0.14654117822647095
14,/home/featurize/work/USCT_repro/USCT_download/c5_wavefield_data/smoke64src_train20_val5/train/train_15.npz,63,215,20,0.5142073035240173,0.13997431099414825
15,/home/featurize/work/USCT_repro/USCT_download/c5_wavefield_data/smoke64src_train20_val5/train/train_16.npz,0,246,19,0.5651073455810547,0.15685312449932098
15,/home/featurize/work/USCT_repro/USCT_download/c5_wavefield_data/smoke64src_train20_val5/train/train_16.npz,1,267,20,0.5795262455940247,0.15923155844211578
15,/home/featurize/work/USCT_repro/USCT_download/c5_wavefield_data/smoke64src_train20_val5/train/train_16.npz,2,288,24,0.5895533561706543,0.14717556536197662
15,/home/featurize/work/USCT_repro/USCT_download/c5_wavefield_data/smoke64src_train20_val5/train/train_16.npz,3,309,30,0.5817421078681946,0.1553947627544403
15,/home/featurize/work/USCT_repro/USCT_download/c5_wavefield_data/smoke64src_train20_val5/train/train_16.npz,4,329,37,0.5765513181686401,0.18665100634098053
15,/home/featurize/work/USCT_repro/USCT_download/c5_wavefield_data/smoke64src_train20_val5/train/train_16.npz,5,348,47,0.5523645281791687,0.18541918694972992
15,/home/featurize/work/USCT_repro/USCT_download/c5_wavefield_data/smoke64src_train20_val5/train/train_16.npz,6,366,58,0.5497965812683105,0.17471042275428772
15,/home/featurize/work/USCT_repro/USCT_download/c5_wavefield_data/smoke64src_train20_val5/train/train_16.npz,7,383,71,0.532895565032959,0.15373121201992035
15,/home/featurize/work/USCT_repro/USCT_download/c5_wavefield_data/smoke64src_train20_val5/train/train_16.npz,8,398,85,0.5273961424827576,0.14790864288806915
15,/home/featurize/work/USCT_repro/USCT_download/c5_wavefield_data/smoke64src_train20_val5/train/train_16.npz,9,412,101,0.5560358166694641,0.18460045754909515
15,/home/featurize/work/USCT_repro/USCT_download/c5_wavefield_data/smoke64src_train20_val5/train/train_16.npz,10,425,119,0.5684215426445007,0.1770368218421936
15,/home/featurize/work/USCT_repro/USCT_download/c5_wavefield_data/smoke64src_train20_val5/train/train_16.npz,11,436,137,0.563468337059021,0.16819080710411072
15,/home/featurize/work/USCT_repro/USCT_download/c5_wavefield_data/smoke64src_train20_val5/train/train_16.npz,12,445,156,0.5678454041481018,0.15677443146705627
15,/home/featurize/work/USCT_repro/USCT_download/c5_wavefield_data/smoke64src_train20_val5/train/train_16.npz,13,452,176,0.5697447061538696,0.15490302443504333
15,/home/featurize/work/USCT_repro/USCT_download/c5_wavefield_data/smoke64src_train20_val5/train/train_16.npz,14,457,197,0.5743963122367859,0.16587993502616882
15,/home/featurize/work/USCT_repro/USCT_download/c5_wavefield_data/smoke64src_train20_val5/train/train_16.npz,15,460,218,0.5630238652229309,0.17696775496006012
15,/home/featurize/work/USCT_repro/USCT_download/c5_wavefield_data/smoke64src_train20_val5/train/train_16.npz,16,461,245,0.5748251676559448,0.15596988797187805
15,/home/featurize/work/USCT_repro/USCT_download/c5_wavefield_data/smoke64src_train20_val5/train/train_16.npz,17,460,266,0.5955916047096252,0.17230916023254395
15,/home/featurize/work/USCT_repro/USCT_download/c5_wavefield_data/smoke64src_train20_val5/train/train_16.npz,18,456,287,0.6139641404151917,0.15661092102527618
15,/home/featurize/work/USCT_repro/USCT_download/c5_wavefield_data/smoke64src_train20_val5/train/train_16.npz,19,451,308,0.5895070433616638,0.16256266832351685
15,/home/featurize/work/USCT_repro/USCT_download/c5_wavefield_data/smoke64src_train20_val5/train/train_16.npz,20,443,328,0.538286030292511,0.15986807644367218
15,/home/featurize/work/USCT_repro/USCT_download/c5_wavefield_data/smoke64src_train20_val5/train/train_16.npz,21,434,347,0.5478553175926208,0.1768312007188797
15,/home/featurize/work/USCT_repro/USCT_download/c5_wavefield_data/smoke64src_train20_val5/train/train_16.npz,22,423,365,0.5649129748344421,0.1569487303495407
15,/home/featurize/work/USCT_repro/USCT_download/c5_wavefield_data/smoke64src_train20_val5/train/train_16.npz,23,410,382,0.5788222551345825,0.17020133137702942
15,/home/featurize/work/USCT_repro/USCT_download/c5_wavefield_data/smoke64src_train20_val5/train/train_16.npz,24,395,397,0.5811443328857422,0.17753255367279053
15,/home/featurize/work/USCT_repro/USCT_download/c5_wavefield_data/smoke64src_train20_val5/train/train_16.npz,25,380,412,0.5805743932723999,0.17747436463832855
15,/home/featurize/work/USCT_repro/USCT_download/c5_wavefield_data/smoke64src_train20_val5/train/train_16.npz,26,362,424,0.5600656270980835,0.16511270403862
15,/home/featurize/work/USCT_repro/USCT_download/c5_wavefield_data/smoke64src_train20_val5/train/train_16.npz,27,344,435,0.5576876401901245,0.1683085709810257
15,/home/featurize/work/USCT_repro/USCT_download/c5_wavefield_data/smoke64src_train20_val5/train/train_16.npz,28,325,444,0.5757359862327576,0.17178267240524292
15,/home/featurize/work/USCT_repro/USCT_download/c5_wavefield_data/smoke64src_train20_val5/train/train_16.npz,29,305,451,0.5738406181335449,0.16449512541294098
15,/home/featurize/work/USCT_repro/USCT_download/c5_wavefield_data/smoke64src_train20_val5/train/train_16.npz,30,284,457,0.5701789855957031,0.1940298080444336
15,/home/featurize/work/USCT_repro/USCT_download/c5_wavefield_data/smoke64src_train20_val5/train/train_16.npz,31,263,460,0.5583738684654236,0.17029942572116852
15,/home/featurize/work/USCT_repro/USCT_download/c5_wavefield_data/smoke64src_train20_val5/train/train_16.npz,32,235,461,0.5473433136940002,0.15711373090744019
15,/home/featurize/work/USCT_repro/USCT_download/c5_wavefield_data/smoke64src_train20_val5/train/train_16.npz,33,214,460,0.5831823945045471,0.18895067274570465
15,/home/featurize/work/USCT_repro/USCT_download/c5_wavefield_data/smoke64src_train20_val5/train/train_16.npz,34,193,456,0.590321958065033,0.1703621745109558
15,/home/featurize/work/USCT_repro/USCT_download/c5_wavefield_data/smoke64src_train20_val5/train/train_16.npz,35,173,451,0.59895259141922,0.17589060962200165
15,/home/featurize/work/USCT_repro/USCT_download/c5_wavefield_data/smoke64src_train20_val5/train/train_16.npz,36,153,443,0.5925153493881226,0.16645163297653198
15,/home/featurize/work/USCT_repro/USCT_download/c5_wavefield_data/smoke64src_train20_val5/train/train_16.npz,37,134,434,0.5966058373451233,0.18380773067474365
15,/home/featurize/work/USCT_repro/USCT_download/c5_wavefield_data/smoke64src_train20_val5/train/train_16.npz,38,115,423,0.577286958694458,0.16528023779392242
15,/home/featurize/work/USCT_repro/USCT_download/c5_wavefield_data/smoke64src_train20_val5/train/train_16.npz,39,98,410,0.6025183200836182,0.16519904136657715
15,/home/featurize/work/USCT_repro/USCT_download/c5_wavefield_data/smoke64src_train20_val5/train/train_16.npz,40,83,396,0.6058800220489502,0.18296894431114197
15,/home/featurize/work/USCT_repro/USCT_download/c5_wavefield_data/smoke64src_train20_val5/train/train_16.npz,41,69,380,0.5991528034210205,0.17125466465950012
15,/home/featurize/work/USCT_repro/USCT_download/c5_wavefield_data/smoke64src_train20_val5/train/train_16.npz,42,56,363,0.5855426788330078,0.16240449249744415
15,/home/featurize/work/USCT_repro/USCT_download/c5_wavefield_data/smoke64src_train20_val5/train/train_16.npz,43,45,344,0.5793693661689758,0.18072085082530975
15,/home/featurize/work/USCT_repro/USCT_download/c5_wavefield_data/smoke64src_train20_val5/train/train_16.npz,44,36,325,0.6250842809677124,0.1843712031841278
15,/home/featurize/work/USCT_repro/USCT_download/c5_wavefield_data/smoke64src_train20_val5/train/train_16.npz,45,29,305,0.6198247671127319,0.1988038718700409
15,/home/featurize/work/USCT_repro/USCT_download/c5_wavefield_data/smoke64src_train20_val5/train/train_16.npz,46,23,285,0.6422646045684814,0.19228483736515045
15,/home/featurize/work/USCT_repro/USCT_download/c5_wavefield_data/smoke64src_train20_val5/train/train_16.npz,47,20,264,0.6111650466918945,0.17052946984767914
15,/home/featurize/work/USCT_repro/USCT_download/c5_wavefield_data/smoke64src_train20_val5/train/train_16.npz,48,19,236,0.592860758304596,0.17278660833835602
15,/home/featurize/work/USCT_repro/USCT_download/c5_wavefield_data/smoke64src_train20_val5/train/train_16.npz,49,20,215,0.5969482660293579,0.17165587842464447
15,/home/featurize/work/USCT_repro/USCT_download/c5_wavefield_data/smoke64src_train20_val5/train/train_16.npz,50,24,194,0.5857722163200378,0.16759945452213287
15,/home/featurize/work/USCT_repro/USCT_download/c5_wavefield_data/smoke64src_train20_val5/train/train_16.npz,51,29,174,0.5873134136199951,0.17952188849449158
15,/home/featurize/work/USCT_repro/USCT_download/c5_wavefield_data/smoke64src_train20_val5/train/train_16.npz,52,36,154,0.6074124574661255,0.19239524006843567
15,/home/featurize/work/USCT_repro/USCT_download/c5_wavefield_data/smoke64src_train20_val5/train/train_16.npz,53,46,135,0.5888106226921082,0.17384298145771027
15,/home/featurize/work/USCT_repro/USCT_download/c5_wavefield_data/smoke64src_train20_val5/train/train_16.npz,54,57,116,0.5550944209098816,0.17046788334846497
15,/home/featurize/work/USCT_repro/USCT_download/c5_wavefield_data/smoke64src_train20_val5/train/train_16.npz,55,69,99,0.5503157377243042,0.14656439423561096
15,/home/featurize/work/USCT_repro/USCT_download/c5_wavefield_data/smoke64src_train20_val5/train/train_16.npz,56,84,84,0.5374314785003662,0.15509144961833954
15,/home/featurize/work/USCT_repro/USCT_download/c5_wavefield_data/smoke64src_train20_val5/train/train_16.npz,57,99,69,0.5765177607536316,0.16054558753967285
15,/home/featurize/work/USCT_repro/USCT_download/c5_wavefield_data/smoke64src_train20_val5/train/train_16.npz,58,116,57,0.5889164209365845,0.17029498517513275
15,/home/featurize/work/USCT_repro/USCT_download/c5_wavefield_data/smoke64src_train20_val5/train/train_16.npz,59,135,46,0.5832222700119019,0.15740332007408142
15,/home/featurize/work/USCT_repro/USCT_download/c5_wavefield_data/smoke64src_train20_val5/train/train_16.npz,60,154,36,0.5794008374214172,0.15803806483745575
15,/home/featurize/work/USCT_repro/USCT_download/c5_wavefield_data/smoke64src_train20_val5/train/train_16.npz,61,174,29,0.5593647360801697,0.1616310477256775
15,/home/featurize/work/USCT_repro/USCT_download/c5_wavefield_data/smoke64src_train20_val5/train/train_16.npz,62,194,24,0.5462674498558044,0.151115283370018
15,/home/featurize/work/USCT_repro/USCT_download/c5_wavefield_data/smoke64src_train20_val5/train/train_16.npz,63,215,20,0.5630940198898315,0.1813136339187622
16,/home/featurize/work/USCT_repro/USCT_download/c5_wavefield_data/smoke64src_train20_val5/train/train_17.npz,0,246,19,0.5872013568878174,0.16952909529209137
16,/home/featurize/work/USCT_repro/USCT_download/c5_wavefield_data/smoke64src_train20_val5/train/train_17.npz,1,267,20,0.6051368117332458,0.1688762605190277
16,/home/featurize/work/USCT_repro/USCT_download/c5_wavefield_data/smoke64src_train20_val5/train/train_17.npz,2,288,24,0.6694254875183105,0.16800479590892792
16,/home/featurize/work/USCT_repro/USCT_download/c5_wavefield_data/smoke64src_train20_val5/train/train_17.npz,3,309,30,0.6527976989746094,0.16185657680034637
16,/home/featurize/work/USCT_repro/USCT_download/c5_wavefield_data/smoke64src_train20_val5/train/train_17.npz,4,329,37,0.6230103969573975,0.16125306487083435
16,/home/featurize/work/USCT_repro/USCT_download/c5_wavefield_data/smoke64src_train20_val5/train/train_17.npz,5,348,47,0.5840157270431519,0.17495544254779816
16,/home/featurize/work/USCT_repro/USCT_download/c5_wavefield_data/smoke64src_train20_val5/train/train_17.npz,6,366,58,0.5670636296272278,0.16351716220378876
16,/home/featurize/work/USCT_repro/USCT_download/c5_wavefield_data/smoke64src_train20_val5/train/train_17.npz,7,383,71,0.5763203501701355,0.17117881774902344
16,/home/featurize/work/USCT_repro/USCT_download/c5_wavefield_data/smoke64src_train20_val5/train/train_17.npz,8,398,85,0.5591716170310974,0.15908992290496826
16,/home/featurize/work/USCT_repro/USCT_download/c5_wavefield_data/smoke64src_train20_val5/train/train_17.npz,9,412,101,0.57384192943573,0.17823421955108643
16,/home/featurize/work/USCT_repro/USCT_download/c5_wavefield_data/smoke64src_train20_val5/train/train_17.npz,10,425,119,0.5676631331443787,0.16253668069839478
16,/home/featurize/work/USCT_repro/USCT_download/c5_wavefield_data/smoke64src_train20_val5/train/train_17.npz,11,436,137,0.5697760581970215,0.17565986514091492
16,/home/featurize/work/USCT_repro/USCT_download/c5_wavefield_data/smoke64src_train20_val5/train/train_17.npz,12,445,156,0.5865354537963867,0.17776058614253998
16,/home/featurize/work/USCT_repro/USCT_download/c5_wavefield_data/smoke64src_train20_val5/train/train_17.npz,13,452,176,0.5806502103805542,0.173132061958313
16,/home/featurize/work/USCT_repro/USCT_download/c5_wavefield_data/smoke64src_train20_val5/train/train_17.npz,14,457,197,0.5994300246238708,0.17861269414424896
16,/home/featurize/work/USCT_repro/USCT_download/c5_wavefield_data/smoke64src_train20_val5/train/train_17.npz,15,460,218,0.5843392610549927,0.1705428957939148
16,/home/featurize/work/USCT_repro/USCT_download/c5_wavefield_data/smoke64src_train20_val5/train/train_17.npz,16,461,245,0.5736141204833984,0.1672835499048233
16,/home/featurize/work/USCT_repro/USCT_download/c5_wavefield_data/smoke64src_train20_val5/train/train_17.npz,17,460,266,0.5689851641654968,0.17988373339176178
16,/home/featurize/work/USCT_repro/USCT_download/c5_wavefield_data/smoke64src_train20_val5/train/train_17.npz,18,456,287,0.5671952366828918,0.17471952736377716
16,/home/featurize/work/USCT_repro/USCT_download/c5_wavefield_data/smoke64src_train20_val5/train/train_17.npz,19,451,308,0.5739679932594299,0.17074216902256012
16,/home/featurize/work/USCT_repro/USCT_download/c5_wavefield_data/smoke64src_train20_val5/train/train_17.npz,20,443,328,0.575093686580658,0.1830161213874817
16,/home/featurize/work/USCT_repro/USCT_download/c5_wavefield_data/smoke64src_train20_val5/train/train_17.npz,21,434,347,0.5657649040222168,0.167839914560318
16,/home/featurize/work/USCT_repro/USCT_download/c5_wavefield_data/smoke64src_train20_val5/train/train_17.npz,22,423,365,0.5628000497817993,0.16117814183235168
16,/home/featurize/work/USCT_repro/USCT_download/c5_wavefield_data/smoke64src_train20_val5/train/train_17.npz,23,410,382,0.5415135622024536,0.15518799424171448
16,/home/featurize/work/USCT_repro/USCT_download/c5_wavefield_data/smoke64src_train20_val5/train/train_17.npz,24,395,397,0.5413514971733093,0.14820459485054016
16,/home/featurize/work/USCT_repro/USCT_download/c5_wavefield_data/smoke64src_train20_val5/train/train_17.npz,25,380,412,0.5769134163856506,0.17977632582187653
16,/home/featurize/work/USCT_repro/USCT_download/c5_wavefield_data/smoke64src_train20_val5/train/train_17.npz,26,362,424,0.599383533000946,0.18185245990753174
16,/home/featurize/work/USCT_repro/USCT_download/c5_wavefield_data/smoke64src_train20_val5/train/train_17.npz,27,344,435,0.6204513311386108,0.14613080024719238
16,/home/featurize/work/USCT_repro/USCT_download/c5_wavefield_data/smoke64src_train20_val5/train/train_17.npz,28,325,444,0.6682558059692383,0.2028166502714157
16,/home/featurize/work/USCT_repro/USCT_download/c5_wavefield_data/smoke64src_train20_val5/train/train_17.npz,29,305,451,0.6340970993041992,0.18718953430652618
16,/home/featurize/work/USCT_repro/USCT_download/c5_wavefield_data/smoke64src_train20_val5/train/train_17.npz,30,284,457,0.6146491765975952,0.17631536722183228
16,/home/featurize/work/USCT_repro/USCT_download/c5_wavefield_data/smoke64src_train20_val5/train/train_17.npz,31,263,460,0.5854983329772949,0.17865243554115295
16,/home/featurize/work/USCT_repro/USCT_download/c5_wavefield_data/smoke64src_train20_val5/train/train_17.npz,32,235,461,0.5712304711341858,0.17652174830436707
16,/home/featurize/work/USCT_repro/USCT_download/c5_wavefield_data/smoke64src_train20_val5/train/train_17.npz,33,214,460,0.5997458100318909,0.17255115509033203
16,/home/featurize/work/USCT_repro/USCT_download/c5_wavefield_data/smoke64src_train20_val5/train/train_17.npz,34,193,456,0.6125475764274597,0.1659557819366455
16,/home/featurize/work/USCT_repro/USCT_download/c5_wavefield_data/smoke64src_train20_val5/train/train_17.npz,35,173,451,0.6114232540130615,0.16347736120224
16,/home/featurize/work/USCT_repro/USCT_download/c5_wavefield_data/smoke64src_train20_val5/train/train_17.npz,36,153,443,0.6244156360626221,0.15774348378181458
16,/home/featurize/work/USCT_repro/USCT_download/c5_wavefield_data/smoke64src_train20_val5/train/train_17.npz,37,134,434,0.5689476132392883,0.17578865587711334
16,/home/featurize/work/USCT_repro/USCT_download/c5_wavefield_data/smoke64src_train20_val5/train/train_17.npz,38,115,423,0.572245180606842,0.15691787004470825
16,/home/featurize/work/USCT_repro/USCT_download/c5_wavefield_data/smoke64src_train20_val5/train/train_17.npz,39,98,410,0.5627783536911011,0.16382770240306854
16,/home/featurize/work/USCT_repro/USCT_download/c5_wavefield_data/smoke64src_train20_val5/train/train_17.npz,40,83,396,0.5176809430122375,0.16116976737976074
16,/home/featurize/work/USCT_repro/USCT_download/c5_wavefield_data/smoke64src_train20_val5/train/train_17.npz,41,69,380,0.5229921936988831,0.16636329889297485
16,/home/featurize/work/USCT_repro/USCT_download/c5_wavefield_data/smoke64src_train20_val5/train/train_17.npz,42,56,363,0.5277270674705505,0.1610560566186905
16,/home/featurize/work/USCT_repro/USCT_download/c5_wavefield_data/smoke64src_train20_val5/train/train_17.npz,43,45,344,0.5247544050216675,0.16710147261619568
16,/home/featurize/work/USCT_repro/USCT_download/c5_wavefield_data/smoke64src_train20_val5/train/train_17.npz,44,36,325,0.549261212348938,0.17288029193878174
16,/home/featurize/work/USCT_repro/USCT_download/c5_wavefield_data/smoke64src_train20_val5/train/train_17.npz,45,29,305,0.5460811257362366,0.14881059527397156
16,/home/featurize/work/USCT_repro/USCT_download/c5_wavefield_data/smoke64src_train20_val5/train/train_17.npz,46,23,285,0.5769371390342712,0.17472219467163086
16,/home/featurize/work/USCT_repro/USCT_download/c5_wavefield_data/smoke64src_train20_val5/train/train_17.npz,47,20,264,0.5965560078620911,0.16975368559360504
16,/home/featurize/work/USCT_repro/USCT_download/c5_wavefield_data/smoke64src_train20_val5/train/train_17.npz,48,19,236,0.5668655633926392,0.1605192869901657
16,/home/featurize/work/USCT_repro/USCT_download/c5_wavefield_data/smoke64src_train20_val5/train/train_17.npz,49,20,215,0.5707547664642334,0.16329176723957062
16,/home/featurize/work/USCT_repro/USCT_download/c5_wavefield_data/smoke64src_train20_val5/train/train_17.npz,50,24,194,0.5609804391860962,0.15478192269802094
16,/home/featurize/work/USCT_repro/USCT_download/c5_wavefield_data/smoke64src_train20_val5/train/train_17.npz,51,29,174,0.5436954498291016,0.16465246677398682
16,/home/featurize/work/USCT_repro/USCT_download/c5_wavefield_data/smoke64src_train20_val5/train/train_17.npz,52,36,154,0.5371307134628296,0.17888270318508148
16,/home/featurize/work/USCT_repro/USCT_download/c5_wavefield_data/smoke64src_train20_val5/train/train_17.npz,53,46,135,0.5398713946342468,0.1685972660779953
16,/home/featurize/work/USCT_repro/USCT_download/c5_wavefield_data/smoke64src_train20_val5/train/train_17.npz,54,57,116,0.5346365571022034,0.16853292286396027
16,/home/featurize/work/USCT_repro/USCT_download/c5_wavefield_data/smoke64src_train20_val5/train/train_17.npz,55,69,99,0.5327106714248657,0.17394480109214783
16,/home/featurize/work/USCT_repro/USCT_download/c5_wavefield_data/smoke64src_train20_val5/train/train_17.npz,56,84,84,0.545124888420105,0.17256706953048706
16,/home/featurize/work/USCT_repro/USCT_download/c5_wavefield_data/smoke64src_train20_val5/train/train_17.npz,57,99,69,0.546006441116333,0.17390981316566467
16,/home/featurize/work/USCT_repro/USCT_download/c5_wavefield_data/smoke64src_train20_val5/train/train_17.npz,58,116,57,0.5308240652084351,0.17106448113918304
16,/home/featurize/work/USCT_repro/USCT_download/c5_wavefield_data/smoke64src_train20_val5/train/train_17.npz,59,135,46,0.5428702235221863,0.16316509246826172
16,/home/featurize/work/USCT_repro/USCT_download/c5_wavefield_data/smoke64src_train20_val5/train/train_17.npz,60,154,36,0.5523156523704529,0.17274555563926697
16,/home/featurize/work/USCT_repro/USCT_download/c5_wavefield_data/smoke64src_train20_val5/train/train_17.npz,61,174,29,0.5544226765632629,0.17089612782001495
16,/home/featurize/work/USCT_repro/USCT_download/c5_wavefield_data/smoke64src_train20_val5/train/train_17.npz,62,194,24,0.5584530830383301,0.16541072726249695
16,/home/featurize/work/USCT_repro/USCT_download/c5_wavefield_data/smoke64src_train20_val5/train/train_17.npz,63,215,20,0.5723905563354492,0.15674850344657898
17,/home/featurize/work/USCT_repro/USCT_download/c5_wavefield_data/smoke64src_train20_val5/train/train_18.npz,0,246,19,0.4797270894050598,0.1335701048374176
17,/home/featurize/work/USCT_repro/USCT_download/c5_wavefield_data/smoke64src_train20_val5/train/train_18.npz,1,267,20,0.49407342076301575,0.13782723248004913
17,/home/featurize/work/USCT_repro/USCT_download/c5_wavefield_data/smoke64src_train20_val5/train/train_18.npz,2,288,24,0.5179021954536438,0.15120021998882294
17,/home/featurize/work/USCT_repro/USCT_download/c5_wavefield_data/smoke64src_train20_val5/train/train_18.npz,3,309,30,0.5254917144775391,0.15928123891353607
17,/home/featurize/work/USCT_repro/USCT_download/c5_wavefield_data/smoke64src_train20_val5/train/train_18.npz,4,329,37,0.5057710409164429,0.15074722468852997
17,/home/featurize/work/USCT_repro/USCT_download/c5_wavefield_data/smoke64src_train20_val5/train/train_18.npz,5,348,47,0.48240166902542114,0.14103959500789642
17,/home/featurize/work/USCT_repro/USCT_download/c5_wavefield_data/smoke64src_train20_val5/train/train_18.npz,6,366,58,0.4831761121749878,0.15248170495033264
17,/home/featurize/work/USCT_repro/USCT_download/c5_wavefield_data/smoke64src_train20_val5/train/train_18.npz,7,383,71,0.46507135033607483,0.1434597373008728
17,/home/featurize/work/USCT_repro/USCT_download/c5_wavefield_data/smoke64src_train20_val5/train/train_18.npz,8,398,85,0.4459616243839264,0.13991855084896088
17,/home/featurize/work/USCT_repro/USCT_download/c5_wavefield_data/smoke64src_train20_val5/train/train_18.npz,9,412,101,0.4690665304660797,0.15051688253879547
17,/home/featurize/work/USCT_repro/USCT_download/c5_wavefield_data/smoke64src_train20_val5/train/train_18.npz,10,425,119,0.49379295110702515,0.15552668273448944
17,/home/featurize/work/USCT_repro/USCT_download/c5_wavefield_data/smoke64src_train20_val5/train/train_18.npz,11,436,137,0.5056408643722534,0.15677626430988312
17,/home/featurize/work/USCT_repro/USCT_download/c5_wavefield_data/smoke64src_train20_val5/train/train_18.npz,12,445,156,0.5225366353988647,0.14632846415042877
17,/home/featurize/work/USCT_repro/USCT_download/c5_wavefield_data/smoke64src_train20_val5/train/train_18.npz,13,452,176,0.5418345928192139,0.1610606163740158
17,/home/featurize/work/USCT_repro/USCT_download/c5_wavefield_data/smoke64src_train20_val5/train/train_18.npz,14,457,197,0.5704241394996643,0.17117366194725037
17,/home/featurize/work/USCT_repro/USCT_download/c5_wavefield_data/smoke64src_train20_val5/train/train_18.npz,15,460,218,0.5793352723121643,0.15935467183589935
17,/home/featurize/work/USCT_repro/USCT_download/c5_wavefield_data/smoke64src_train20_val5/train/train_18.npz,16,461,245,0.5352024435997009,0.15029586851596832
17,/home/featurize/work/USCT_repro/USCT_download/c5_wavefield_data/smoke64src_train20_val5/train/train_18.npz,17,460,266,0.5058997273445129,0.14682863652706146
17,/home/featurize/work/USCT_repro/USCT_download/c5_wavefield_data/smoke64src_train20_val5/train/train_18.npz,18,456,287,0.5106040835380554,0.1408836543560028
17,/home/featurize/work/USCT_repro/USCT_download/c5_wavefield_data/smoke64src_train20_val5/train/train_18.npz,19,451,308,0.5147478580474854,0.14749807119369507
17,/home/featurize/work/USCT_repro/USCT_download/c5_wavefield_data/smoke64src_train20_val5/train/train_18.npz,20,443,328,0.5365904569625854,0.16269075870513916
17,/home/featurize/work/USCT_repro/USCT_download/c5_wavefield_data/smoke64src_train20_val5/train/train_18.npz,21,434,347,0.5105227828025818,0.16071686148643494
17,/home/featurize/work/USCT_repro/USCT_download/c5_wavefield_data/smoke64src_train20_val5/train/train_18.npz,22,423,365,0.494327187538147,0.13316978514194489
17,/home/featurize/work/USCT_repro/USCT_download/c5_wavefield_data/smoke64src_train20_val5/train/train_18.npz,23,410,382,0.48883163928985596,0.15894430875778198
17,/home/featurize/work/USCT_repro/USCT_download/c5_wavefield_data/smoke64src_train20_val5/train/train_18.npz,24,395,397,0.49532246589660645,0.14826785027980804
17,/home/featurize/work/USCT_repro/USCT_download/c5_wavefield_data/smoke64src_train20_val5/train/train_18.npz,25,380,412,0.5222085118293762,0.15227027237415314
17,/home/featurize/work/USCT_repro/USCT_download/c5_wavefield_data/smoke64src_train20_val5/train/train_18.npz,26,362,424,0.5490139126777649,0.1611049920320511
17,/home/featurize/work/USCT_repro/USCT_download/c5_wavefield_data/smoke64src_train20_val5/train/train_18.npz,27,344,435,0.5372509956359863,0.14991232752799988
17,/home/featurize/work/USCT_repro/USCT_download/c5_wavefield_data/smoke64src_train20_val5/train/train_18.npz,28,325,444,0.5865305662155151,0.15695339441299438
17,/home/featurize/work/USCT_repro/USCT_download/c5_wavefield_data/smoke64src_train20_val5/train/train_18.npz,29,305,451,0.5817208886146545,0.17622119188308716
17,/home/featurize/work/USCT_repro/USCT_download/c5_wavefield_data/smoke64src_train20_val5/train/train_18.npz,30,284,457,0.5686464905738831,0.16120997071266174
17,/home/featurize/work/USCT_repro/USCT_download/c5_wavefield_data/smoke64src_train20_val5/train/train_18.npz,31,263,460,0.5668681263923645,0.1539352387189865
17,/home/featurize/work/USCT_repro/USCT_download/c5_wavefield_data/smoke64src_train20_val5/train/train_18.npz,32,235,461,0.5133547186851501,0.15099070966243744
17,/home/featurize/work/USCT_repro/USCT_download/c5_wavefield_data/smoke64src_train20_val5/train/train_18.npz,33,214,460,0.5319949984550476,0.14163915812969208
17,/home/featurize/work/USCT_repro/USCT_download/c5_wavefield_data/smoke64src_train20_val5/train/train_18.npz,34,193,456,0.5092625617980957,0.13275988399982452
17,/home/featurize/work/USCT_repro/USCT_download/c5_wavefield_data/smoke64src_train20_val5/train/train_18.npz,35,173,451,0.5065728425979614,0.13531292974948883
17,/home/featurize/work/USCT_repro/USCT_download/c5_wavefield_data/smoke64src_train20_val5/train/train_18.npz,36,153,443,0.5189700126647949,0.14601635932922363
17,/home/featurize/work/USCT_repro/USCT_download/c5_wavefield_data/smoke64src_train20_val5/train/train_18.npz,37,134,434,0.49594342708587646,0.15056586265563965
17,/home/featurize/work/USCT_repro/USCT_download/c5_wavefield_data/smoke64src_train20_val5/train/train_18.npz,38,115,423,0.4844687283039093,0.1514648199081421
17,/home/featurize/work/USCT_repro/USCT_download/c5_wavefield_data/smoke64src_train20_val5/train/train_18.npz,39,98,410,0.4893306493759155,0.14114244282245636
17,/home/featurize/work/USCT_repro/USCT_download/c5_wavefield_data/smoke64src_train20_val5/train/train_18.npz,40,83,396,0.4725857079029083,0.12970580160617828
17,/home/featurize/work/USCT_repro/USCT_download/c5_wavefield_data/smoke64src_train20_val5/train/train_18.npz,41,69,380,0.46117645502090454,0.13937941193580627
17,/home/featurize/work/USCT_repro/USCT_download/c5_wavefield_data/smoke64src_train20_val5/train/train_18.npz,42,56,363,0.4857313930988312,0.13944777846336365
17,/home/featurize/work/USCT_repro/USCT_download/c5_wavefield_data/smoke64src_train20_val5/train/train_18.npz,43,45,344,0.50291907787323,0.1423701047897339
17,/home/featurize/work/USCT_repro/USCT_download/c5_wavefield_data/smoke64src_train20_val5/train/train_18.npz,44,36,325,0.5063162446022034,0.15504632890224457
17,/home/featurize/work/USCT_repro/USCT_download/c5_wavefield_data/smoke64src_train20_val5/train/train_18.npz,45,29,305,0.4812904894351959,0.14654874801635742
17,/home/featurize/work/USCT_repro/USCT_download/c5_wavefield_data/smoke64src_train20_val5/train/train_18.npz,46,23,285,0.5047873258590698,0.15697023272514343
17,/home/featurize/work/USCT_repro/USCT_download/c5_wavefield_data/smoke64src_train20_val5/train/train_18.npz,47,20,264,0.49753642082214355,0.14441069960594177
17,/home/featurize/work/USCT_repro/USCT_download/c5_wavefield_data/smoke64src_train20_val5/train/train_18.npz,48,19,236,0.5090047121047974,0.15182390809059143
17,/home/featurize/work/USCT_repro/USCT_download/c5_wavefield_data/smoke64src_train20_val5/train/train_18.npz,49,20,215,0.5384392142295837,0.15650208294391632
17,/home/featurize/work/USCT_repro/USCT_download/c5_wavefield_data/smoke64src_train20_val5/train/train_18.npz,50,24,194,0.5230404138565063,0.1407289355993271
17,/home/featurize/work/USCT_repro/USCT_download/c5_wavefield_data/smoke64src_train20_val5/train/train_18.npz,51,29,174,0.5202502012252808,0.14035119116306305
17,/home/featurize/work/USCT_repro/USCT_download/c5_wavefield_data/smoke64src_train20_val5/train/train_18.npz,52,36,154,0.5219528675079346,0.15987619757652283
17,/home/featurize/work/USCT_repro/USCT_download/c5_wavefield_data/smoke64src_train20_val5/train/train_18.npz,53,46,135,0.512128472328186,0.14482715725898743
17,/home/featurize/work/USCT_repro/USCT_download/c5_wavefield_data/smoke64src_train20_val5/train/train_18.npz,54,57,116,0.48844417929649353,0.15091072022914886
17,/home/featurize/work/USCT_repro/USCT_download/c5_wavefield_data/smoke64src_train20_val5/train/train_18.npz,55,69,99,0.4789999723434448,0.16383203864097595
17,/home/featurize/work/USCT_repro/USCT_download/c5_wavefield_data/smoke64src_train20_val5/train/train_18.npz,56,84,84,0.47830575704574585,0.15326733887195587
17,/home/featurize/work/USCT_repro/USCT_download/c5_wavefield_data/smoke64src_train20_val5/train/train_18.npz,57,99,69,0.4962480068206787,0.16058200597763062
17,/home/featurize/work/USCT_repro/USCT_download/c5_wavefield_data/smoke64src_train20_val5/train/train_18.npz,58,116,57,0.5037887692451477,0.14388516545295715
17,/home/featurize/work/USCT_repro/USCT_download/c5_wavefield_data/smoke64src_train20_val5/train/train_18.npz,59,135,46,0.4926561713218689,0.1513095200061798
17,/home/featurize/work/USCT_repro/USCT_download/c5_wavefield_data/smoke64src_train20_val5/train/train_18.npz,60,154,36,0.5026642680168152,0.1554539054632187
17,/home/featurize/work/USCT_repro/USCT_download/c5_wavefield_data/smoke64src_train20_val5/train/train_18.npz,61,174,29,0.5051689743995667,0.14480511844158173
17,/home/featurize/work/USCT_repro/USCT_download/c5_wavefield_data/smoke64src_train20_val5/train/train_18.npz,62,194,24,0.4949350357055664,0.13453887403011322
17,/home/featurize/work/USCT_repro/USCT_download/c5_wavefield_data/smoke64src_train20_val5/train/train_18.npz,63,215,20,0.48652130365371704,0.12765072286128998
18,/home/featurize/work/USCT_repro/USCT_download/c5_wavefield_data/smoke64src_train20_val5/train/train_19.npz,0,246,19,0.4754149615764618,0.12575073540210724
18,/home/featurize/work/USCT_repro/USCT_download/c5_wavefield_data/smoke64src_train20_val5/train/train_19.npz,1,267,20,0.4895379841327667,0.14141972362995148
18,/home/featurize/work/USCT_repro/USCT_download/c5_wavefield_data/smoke64src_train20_val5/train/train_19.npz,2,288,24,0.5131097435951233,0.15351316332817078
18,/home/featurize/work/USCT_repro/USCT_download/c5_wavefield_data/smoke64src_train20_val5/train/train_19.npz,3,309,30,0.5142659544944763,0.14491352438926697
18,/home/featurize/work/USCT_repro/USCT_download/c5_wavefield_data/smoke64src_train20_val5/train/train_19.npz,4,329,37,0.5114579796791077,0.14756090939044952
18,/home/featurize/work/USCT_repro/USCT_download/c5_wavefield_data/smoke64src_train20_val5/train/train_19.npz,5,348,47,0.49811339378356934,0.15880060195922852
18,/home/featurize/work/USCT_repro/USCT_download/c5_wavefield_data/smoke64src_train20_val5/train/train_19.npz,6,366,58,0.4619191586971283,0.14310826361179352
18,/home/featurize/work/USCT_repro/USCT_download/c5_wavefield_data/smoke64src_train20_val5/train/train_19.npz,7,383,71,0.451510488986969,0.15087832510471344
18,/home/featurize/work/USCT_repro/USCT_download/c5_wavefield_data/smoke64src_train20_val5/train/train_19.npz,8,398,85,0.4494274854660034,0.14608074724674225
18,/home/featurize/work/USCT_repro/USCT_download/c5_wavefield_data/smoke64src_train20_val5/train/train_19.npz,9,412,101,0.4566381871700287,0.13081321120262146
18,/home/featurize/work/USCT_repro/USCT_download/c5_wavefield_data/smoke64src_train20_val5/train/train_19.npz,10,425,119,0.47910869121551514,0.14753377437591553
18,/home/featurize/work/USCT_repro/USCT_download/c5_wavefield_data/smoke64src_train20_val5/train/train_19.npz,11,436,137,0.4856179356575012,0.14235921204090118
18,/home/featurize/work/USCT_repro/USCT_download/c5_wavefield_data/smoke64src_train20_val5/train/train_19.npz,12,445,156,0.48676738142967224,0.13546697795391083
18,/home/featurize/work/USCT_repro/USCT_download/c5_wavefield_data/smoke64src_train20_val5/train/train_19.npz,13,452,176,0.49055662751197815,0.14747101068496704
18,/home/featurize/work/USCT_repro/USCT_download/c5_wavefield_data/smoke64src_train20_val5/train/train_19.npz,14,457,197,0.49585169553756714,0.13876017928123474
18,/home/featurize/work/USCT_repro/USCT_download/c5_wavefield_data/smoke64src_train20_val5/train/train_19.npz,15,460,218,0.4715990424156189,0.13265590369701385
18,/home/featurize/work/USCT_repro/USCT_download/c5_wavefield_data/smoke64src_train20_val5/train/train_19.npz,16,461,245,0.49841833114624023,0.13206391036510468
18,/home/featurize/work/USCT_repro/USCT_download/c5_wavefield_data/smoke64src_train20_val5/train/train_19.npz,17,460,266,0.5164399743080139,0.14530713856220245
18,/home/featurize/work/USCT_repro/USCT_download/c5_wavefield_data/smoke64src_train20_val5/train/train_19.npz,18,456,287,0.5260356068611145,0.14592579007148743
18,/home/featurize/work/USCT_repro/USCT_download/c5_wavefield_data/smoke64src_train20_val5/train/train_19.npz,19,451,308,0.4998384118080139,0.14614230394363403
18,/home/featurize/work/USCT_repro/USCT_download/c5_wavefield_data/smoke64src_train20_val5/train/train_19.npz,20,443,328,0.45943185687065125,0.14433881640434265
18,/home/featurize/work/USCT_repro/USCT_download/c5_wavefield_data/smoke64src_train20_val5/train/train_19.npz,21,434,347,0.45322248339653015,0.1306201070547104
18,/home/featurize/work/USCT_repro/USCT_download/c5_wavefield_data/smoke64src_train20_val5/train/train_19.npz,22,423,365,0.4400019347667694,0.13255944848060608
18,/home/featurize/work/USCT_repro/USCT_download/c5_wavefield_data/smoke64src_train20_val5/train/train_19.npz,23,410,382,0.45948633551597595,0.14690278470516205
18,/home/featurize/work/USCT_repro/USCT_download/c5_wavefield_data/smoke64src_train20_val5/train/train_19.npz,24,395,397,0.4762630760669708,0.13412417471408844
18,/home/featurize/work/USCT_repro/USCT_download/c5_wavefield_data/smoke64src_train20_val5/train/train_19.npz,25,380,412,0.5076771378517151,0.16711144149303436
18,/home/featurize/work/USCT_repro/USCT_download/c5_wavefield_data/smoke64src_train20_val5/train/train_19.npz,26,362,424,0.5025531649589539,0.14623112976551056
18,/home/featurize/work/USCT_repro/USCT_download/c5_wavefield_data/smoke64src_train20_val5/train/train_19.npz,27,344,435,0.49894455075263977,0.14005497097969055
18,/home/featurize/work/USCT_repro/USCT_download/c5_wavefield_data/smoke64src_train20_val5/train/train_19.npz,28,325,444,0.49067002534866333,0.14441236853599548
18,/home/featurize/work/USCT_repro/USCT_download/c5_wavefield_data/smoke64src_train20_val5/train/train_19.npz,29,305,451,0.49625343084335327,0.1500641256570816
18,/home/featurize/work/USCT_repro/USCT_download/c5_wavefield_data/smoke64src_train20_val5/train/train_19.npz,30,284,457,0.5131498575210571,0.17018763720989227
18,/home/featurize/work/USCT_repro/USCT_download/c5_wavefield_data/smoke64src_train20_val5/train/train_19.npz,31,263,460,0.5254389643669128,0.14798539876937866
18,/home/featurize/work/USCT_repro/USCT_download/c5_wavefield_data/smoke64src_train20_val5/train/train_19.npz,32,235,461,0.5076683759689331,0.14143267273902893
18,/home/featurize/work/USCT_repro/USCT_download/c5_wavefield_data/smoke64src_train20_val5/train/train_19.npz,33,214,460,0.5171536207199097,0.1605786234140396
18,/home/featurize/work/USCT_repro/USCT_download/c5_wavefield_data/smoke64src_train20_val5/train/train_19.npz,34,193,456,0.5322731137275696,0.1407676786184311
18,/home/featurize/work/USCT_repro/USCT_download/c5_wavefield_data/smoke64src_train20_val5/train/train_19.npz,35,173,451,0.5425450205802917,0.16849994659423828
18,/home/featurize/work/USCT_repro/USCT_download/c5_wavefield_data/smoke64src_train20_val5/train/train_19.npz,36,153,443,0.5311660766601562,0.15162506699562073
18,/home/featurize/work/USCT_repro/USCT_download/c5_wavefield_data/smoke64src_train20_val5/train/train_19.npz,37,134,434,0.5074924826622009,0.14910368621349335
18,/home/featurize/work/USCT_repro/USCT_download/c5_wavefield_data/smoke64src_train20_val5/train/train_19.npz,38,115,423,0.4970865845680237,0.11036510765552521
18,/home/featurize/work/USCT_repro/USCT_download/c5_wavefield_data/smoke64src_train20_val5/train/train_19.npz,39,98,410,0.5090088248252869,0.1495014876127243
18,/home/featurize/work/USCT_repro/USCT_download/c5_wavefield_data/smoke64src_train20_val5/train/train_19.npz,40,83,396,0.4935760498046875,0.14037932455539703
18,/home/featurize/work/USCT_repro/USCT_download/c5_wavefield_data/smoke64src_train20_val5/train/train_19.npz,41,69,380,0.5117980241775513,0.1553034484386444
18,/home/featurize/work/USCT_repro/USCT_download/c5_wavefield_data/smoke64src_train20_val5/train/train_19.npz,42,56,363,0.5112320184707642,0.16926151514053345
18,/home/featurize/work/USCT_repro/USCT_download/c5_wavefield_data/smoke64src_train20_val5/train/train_19.npz,43,45,344,0.49563223123550415,0.15051157772541046
18,/home/featurize/work/USCT_repro/USCT_download/c5_wavefield_data/smoke64src_train20_val5/train/train_19.npz,44,36,325,0.4952409267425537,0.1498168706893921
18,/home/featurize/work/USCT_repro/USCT_download/c5_wavefield_data/smoke64src_train20_val5/train/train_19.npz,45,29,305,0.5050030946731567,0.14475712180137634
18,/home/featurize/work/USCT_repro/USCT_download/c5_wavefield_data/smoke64src_train20_val5/train/train_19.npz,46,23,285,0.5228045582771301,0.1633090227842331
18,/home/featurize/work/USCT_repro/USCT_download/c5_wavefield_data/smoke64src_train20_val5/train/train_19.npz,47,20,264,0.5218319296836853,0.14282706379890442
18,/home/featurize/work/USCT_repro/USCT_download/c5_wavefield_data/smoke64src_train20_val5/train/train_19.npz,48,19,236,0.5119510293006897,0.1414269655942917
18,/home/featurize/work/USCT_repro/USCT_download/c5_wavefield_data/smoke64src_train20_val5/train/train_19.npz,49,20,215,0.4969225525856018,0.15581968426704407
18,/home/featurize/work/USCT_repro/USCT_download/c5_wavefield_data/smoke64src_train20_val5/train/train_19.npz,50,24,194,0.4863857626914978,0.14533856511116028
18,/home/featurize/work/USCT_repro/USCT_download/c5_wavefield_data/smoke64src_train20_val5/train/train_19.npz,51,29,174,0.4971270263195038,0.14835962653160095
18,/home/featurize/work/USCT_repro/USCT_download/c5_wavefield_data/smoke64src_train20_val5/train/train_19.npz,52,36,154,0.48949095606803894,0.14075300097465515
18,/home/featurize/work/USCT_repro/USCT_download/c5_wavefield_data/smoke64src_train20_val5/train/train_19.npz,53,46,135,0.5024163722991943,0.1520061194896698
18,/home/featurize/work/USCT_repro/USCT_download/c5_wavefield_data/smoke64src_train20_val5/train/train_19.npz,54,57,116,0.48836106061935425,0.15340405702590942
18,/home/featurize/work/USCT_repro/USCT_download/c5_wavefield_data/smoke64src_train20_val5/train/train_19.npz,55,69,99,0.4604280889034271,0.14950552582740784
18,/home/featurize/work/USCT_repro/USCT_download/c5_wavefield_data/smoke64src_train20_val5/train/train_19.npz,56,84,84,0.4579196274280548,0.12950220704078674
18,/home/featurize/work/USCT_repro/USCT_download/c5_wavefield_data/smoke64src_train20_val5/train/train_19.npz,57,99,69,0.4665752649307251,0.129828080534935
18,/home/featurize/work/USCT_repro/USCT_download/c5_wavefield_data/smoke64src_train20_val5/train/train_19.npz,58,116,57,0.5066841244697571,0.13451659679412842
18,/home/featurize/work/USCT_repro/USCT_download/c5_wavefield_data/smoke64src_train20_val5/train/train_19.npz,59,135,46,0.505123496055603,0.14678296446800232
18,/home/featurize/work/USCT_repro/USCT_download/c5_wavefield_data/smoke64src_train20_val5/train/train_19.npz,60,154,36,0.5134015083312988,0.150917649269104
18,/home/featurize/work/USCT_repro/USCT_download/c5_wavefield_data/smoke64src_train20_val5/train/train_19.npz,61,174,29,0.491982638835907,0.13722948729991913
18,/home/featurize/work/USCT_repro/USCT_download/c5_wavefield_data/smoke64src_train20_val5/train/train_19.npz,62,194,24,0.4923184812068939,0.1467912793159485
18,/home/featurize/work/USCT_repro/USCT_download/c5_wavefield_data/smoke64src_train20_val5/train/train_19.npz,63,215,20,0.4974801242351532,0.14703236520290375
19,/home/featurize/work/USCT_repro/USCT_download/c5_wavefield_data/smoke64src_train20_val5/train/train_20.npz,0,246,19,0.5619709491729736,0.15350952744483948
19,/home/featurize/work/USCT_repro/USCT_download/c5_wavefield_data/smoke64src_train20_val5/train/train_20.npz,1,267,20,0.5747280120849609,0.1508394032716751
19,/home/featurize/work/USCT_repro/USCT_download/c5_wavefield_data/smoke64src_train20_val5/train/train_20.npz,2,288,24,0.5861724615097046,0.15761585533618927
19,/home/featurize/work/USCT_repro/USCT_download/c5_wavefield_data/smoke64src_train20_val5/train/train_20.npz,3,309,30,0.5992968678474426,0.17817085981369019
19,/home/featurize/work/USCT_repro/USCT_download/c5_wavefield_data/smoke64src_train20_val5/train/train_20.npz,4,329,37,0.5628658533096313,0.1640898883342743
19,/home/featurize/work/USCT_repro/USCT_download/c5_wavefield_data/smoke64src_train20_val5/train/train_20.npz,5,348,47,0.5646783709526062,0.18251165747642517
19,/home/featurize/work/USCT_repro/USCT_download/c5_wavefield_data/smoke64src_train20_val5/train/train_20.npz,6,366,58,0.577483057975769,0.17876577377319336
19,/home/featurize/work/USCT_repro/USCT_download/c5_wavefield_data/smoke64src_train20_val5/train/train_20.npz,7,383,71,0.5638396143913269,0.1673433929681778
19,/home/featurize/work/USCT_repro/USCT_download/c5_wavefield_data/smoke64src_train20_val5/train/train_20.npz,8,398,85,0.5613382458686829,0.1921614706516266
19,/home/featurize/work/USCT_repro/USCT_download/c5_wavefield_data/smoke64src_train20_val5/train/train_20.npz,9,412,101,0.5616803765296936,0.1748407930135727
19,/home/featurize/work/USCT_repro/USCT_download/c5_wavefield_data/smoke64src_train20_val5/train/train_20.npz,10,425,119,0.568064272403717,0.17621299624443054
19,/home/featurize/work/USCT_repro/USCT_download/c5_wavefield_data/smoke64src_train20_val5/train/train_20.npz,11,436,137,0.5727267861366272,0.17752307653427124
19,/home/featurize/work/USCT_repro/USCT_download/c5_wavefield_data/smoke64src_train20_val5/train/train_20.npz,12,445,156,0.6072448492050171,0.17475366592407227
19,/home/featurize/work/USCT_repro/USCT_download/c5_wavefield_data/smoke64src_train20_val5/train/train_20.npz,13,452,176,0.6183767318725586,0.18277443945407867
19,/home/featurize/work/USCT_repro/USCT_download/c5_wavefield_data/smoke64src_train20_val5/train/train_20.npz,14,457,197,0.6096073985099792,0.182935893535614
19,/home/featurize/work/USCT_repro/USCT_download/c5_wavefield_data/smoke64src_train20_val5/train/train_20.npz,15,460,218,0.5858084559440613,0.16413332521915436
19,/home/featurize/work/USCT_repro/USCT_download/c5_wavefield_data/smoke64src_train20_val5/train/train_20.npz,16,461,245,0.5758671760559082,0.17661629617214203
19,/home/featurize/work/USCT_repro/USCT_download/c5_wavefield_data/smoke64src_train20_val5/train/train_20.npz,17,460,266,0.5870003700256348,0.17675945162773132
19,/home/featurize/work/USCT_repro/USCT_download/c5_wavefield_data/smoke64src_train20_val5/train/train_20.npz,18,456,287,0.6158150434494019,0.16192111372947693
19,/home/featurize/work/USCT_repro/USCT_download/c5_wavefield_data/smoke64src_train20_val5/train/train_20.npz,19,451,308,0.6380649209022522,0.19894009828567505
19,/home/featurize/work/USCT_repro/USCT_download/c5_wavefield_data/smoke64src_train20_val5/train/train_20.npz,20,443,328,0.6299207210540771,0.1745184063911438
19,/home/featurize/work/USCT_repro/USCT_download/c5_wavefield_data/smoke64src_train20_val5/train/train_20.npz,21,434,347,0.6236720085144043,0.19102591276168823
19,/home/featurize/work/USCT_repro/USCT_download/c5_wavefield_data/smoke64src_train20_val5/train/train_20.npz,22,423,365,0.584282636642456,0.1550644040107727
19,/home/featurize/work/USCT_repro/USCT_download/c5_wavefield_data/smoke64src_train20_val5/train/train_20.npz,23,410,382,0.5988770127296448,0.18017128109931946
19,/home/featurize/work/USCT_repro/USCT_download/c5_wavefield_data/smoke64src_train20_val5/train/train_20.npz,24,395,397,0.6139414310455322,0.18798664212226868
19,/home/featurize/work/USCT_repro/USCT_download/c5_wavefield_data/smoke64src_train20_val5/train/train_20.npz,25,380,412,0.6047342419624329,0.1731233149766922
19,/home/featurize/work/USCT_repro/USCT_download/c5_wavefield_data/smoke64src_train20_val5/train/train_20.npz,26,362,424,0.6253395080566406,0.18546247482299805
19,/home/featurize/work/USCT_repro/USCT_download/c5_wavefield_data/smoke64src_train20_val5/train/train_20.npz,27,344,435,0.6151297688484192,0.1617686152458191
19,/home/featurize/work/USCT_repro/USCT_download/c5_wavefield_data/smoke64src_train20_val5/train/train_20.npz,28,325,444,0.6164917945861816,0.16772228479385376
19,/home/featurize/work/USCT_repro/USCT_download/c5_wavefield_data/smoke64src_train20_val5/train/train_20.npz,29,305,451,0.6419199705123901,0.1794145405292511
19,/home/featurize/work/USCT_repro/USCT_download/c5_wavefield_data/smoke64src_train20_val5/train/train_20.npz,30,284,457,0.6685699224472046,0.19870585203170776
19,/home/featurize/work/USCT_repro/USCT_download/c5_wavefield_data/smoke64src_train20_val5/train/train_20.npz,31,263,460,0.6100439429283142,0.17505869269371033
19,/home/featurize/work/USCT_repro/USCT_download/c5_wavefield_data/smoke64src_train20_val5/train/train_20.npz,32,235,461,0.5550107359886169,0.15614351630210876
19,/home/featurize/work/USCT_repro/USCT_download/c5_wavefield_data/smoke64src_train20_val5/train/train_20.npz,33,214,460,0.5713495016098022,0.17312833666801453
19,/home/featurize/work/USCT_repro/USCT_download/c5_wavefield_data/smoke64src_train20_val5/train/train_20.npz,34,193,456,0.5990999937057495,0.18322256207466125
19,/home/featurize/work/USCT_repro/USCT_download/c5_wavefield_data/smoke64src_train20_val5/train/train_20.npz,35,173,451,0.641635537147522,0.18251536786556244
19,/home/featurize/work/USCT_repro/USCT_download/c5_wavefield_data/smoke64src_train20_val5/train/train_20.npz,36,153,443,0.6326650381088257,0.18747219443321228
19,/home/featurize/work/USCT_repro/USCT_download/c5_wavefield_data/smoke64src_train20_val5/train/train_20.npz,37,134,434,0.5878843665122986,0.17842058837413788
19,/home/featurize/work/USCT_repro/USCT_download/c5_wavefield_data/smoke64src_train20_val5/train/train_20.npz,38,115,423,0.5699794888496399,0.17067137360572815
19,/home/featurize/work/USCT_repro/USCT_download/c5_wavefield_data/smoke64src_train20_val5/train/train_20.npz,39,98,410,0.5629486441612244,0.18244582414627075
19,/home/featurize/work/USCT_repro/USCT_download/c5_wavefield_data/smoke64src_train20_val5/train/train_20.npz,40,83,396,0.5591563582420349,0.1526220440864563
19,/home/featurize/work/USCT_repro/USCT_download/c5_wavefield_data/smoke64src_train20_val5/train/train_20.npz,41,69,380,0.5861473083496094,0.1736554205417633
19,/home/featurize/work/USCT_repro/USCT_download/c5_wavefield_data/smoke64src_train20_val5/train/train_20.npz,42,56,363,0.6077436804771423,0.1504344642162323
19,/home/featurize/work/USCT_repro/USCT_download/c5_wavefield_data/smoke64src_train20_val5/train/train_20.npz,43,45,344,0.6016307473182678,0.15436400473117828
19,/home/featurize/work/USCT_repro/USCT_download/c5_wavefield_data/smoke64src_train20_val5/train/train_20.npz,44,36,325,0.5675879120826721,0.16334500908851624
19,/home/featurize/work/USCT_repro/USCT_download/c5_wavefield_data/smoke64src_train20_val5/train/train_20.npz,45,29,305,0.5674774646759033,0.15712615847587585
19,/home/featurize/work/USCT_repro/USCT_download/c5_wavefield_data/smoke64src_train20_val5/train/train_20.npz,46,23,285,0.5620790123939514,0.15125326812267303
19,/home/featurize/work/USCT_repro/USCT_download/c5_wavefield_data/smoke64src_train20_val5/train/train_20.npz,47,20,264,0.5624674558639526,0.16914239525794983
19,/home/featurize/work/USCT_repro/USCT_download/c5_wavefield_data/smoke64src_train20_val5/train/train_20.npz,48,19,236,0.5733723044395447,0.16513529419898987
19,/home/featurize/work/USCT_repro/USCT_download/c5_wavefield_data/smoke64src_train20_val5/train/train_20.npz,49,20,215,0.5956129431724548,0.16742193698883057
19,/home/featurize/work/USCT_repro/USCT_download/c5_wavefield_data/smoke64src_train20_val5/train/train_20.npz,50,24,194,0.5897163152694702,0.16657738387584686
19,/home/featurize/work/USCT_repro/USCT_download/c5_wavefield_data/smoke64src_train20_val5/train/train_20.npz,51,29,174,0.573614239692688,0.16315039992332458
19,/home/featurize/work/USCT_repro/USCT_download/c5_wavefield_data/smoke64src_train20_val5/train/train_20.npz,52,36,154,0.5838199257850647,0.16867412626743317
19,/home/featurize/work/USCT_repro/USCT_download/c5_wavefield_data/smoke64src_train20_val5/train/train_20.npz,53,46,135,0.5794910788536072,0.17458386719226837
19,/home/featurize/work/USCT_repro/USCT_download/c5_wavefield_data/smoke64src_train20_val5/train/train_20.npz,54,57,116,0.5869669914245605,0.17953994870185852
19,/home/featurize/work/USCT_repro/USCT_download/c5_wavefield_data/smoke64src_train20_val5/train/train_20.npz,55,69,99,0.5817349553108215,0.1914447546005249
19,/home/featurize/work/USCT_repro/USCT_download/c5_wavefield_data/smoke64src_train20_val5/train/train_20.npz,56,84,84,0.5702558159828186,0.17839352786540985
19,/home/featurize/work/USCT_repro/USCT_download/c5_wavefield_data/smoke64src_train20_val5/train/train_20.npz,57,99,69,0.5770052075386047,0.17735041677951813
19,/home/featurize/work/USCT_repro/USCT_download/c5_wavefield_data/smoke64src_train20_val5/train/train_20.npz,58,116,57,0.5860764384269714,0.18273025751113892
19,/home/featurize/work/USCT_repro/USCT_download/c5_wavefield_data/smoke64src_train20_val5/train/train_20.npz,59,135,46,0.5873896479606628,0.17798809707164764
19,/home/featurize/work/USCT_repro/USCT_download/c5_wavefield_data/smoke64src_train20_val5/train/train_20.npz,60,154,36,0.5813485383987427,0.18864670395851135
19,/home/featurize/work/USCT_repro/USCT_download/c5_wavefield_data/smoke64src_train20_val5/train/train_20.npz,61,174,29,0.5820153951644897,0.17085771262645721
19,/home/featurize/work/USCT_repro/USCT_download/c5_wavefield_data/smoke64src_train20_val5/train/train_20.npz,62,194,24,0.5692992806434631,0.1570354849100113
19,/home/featurize/work/USCT_repro/USCT_download/c5_wavefield_data/smoke64src_train20_val5/train/train_20.npz,63,215,20,0.5611233115196228,0.1490461379289627
