image_idx,file,source_idx,src_x,src_y,full_rrmse,rec_rrmse
0,/home/featurize/work/USCT_repro/USCT_download/c5_wavefield_data/smoke64src_train20_val5/train/train_1.npz,0,246,19,0.4652324616909027,0.13796082139015198
0,/home/featurize/work/USCT_repro/USCT_download/c5_wavefield_data/smoke64src_train20_val5/train/train_1.npz,1,267,20,0.46614664793014526,0.13273772597312927
0,/home/featurize/work/USCT_repro/USCT_download/c5_wavefield_data/smoke64src_train20_val5/train/train_1.npz,2,288,24,0.4606272876262665,0.14936235547065735
0,/home/featurize/work/USCT_repro/USCT_download/c5_wavefield_data/smoke64src_train20_val5/train/train_1.npz,3,309,30,0.42172229290008545,0.13792236149311066
0,/home/featurize/work/USCT_repro/USCT_download/c5_wavefield_data/smoke64src_train20_val5/train/train_1.npz,4,329,37,0.3863208293914795,0.1262463629245758
0,/home/featurize/work/USCT_repro/USCT_download/c5_wavefield_data/smoke64src_train20_val5/train/train_1.npz,5,348,47,0.373552143573761,0.12505032122135162
0,/home/featurize/work/USCT_repro/USCT_download/c5_wavefield_data/smoke64src_train20_val5/train/train_1.npz,6,366,58,0.36453986167907715,0.12876614928245544
0,/home/featurize/work/USCT_repro/USCT_download/c5_wavefield_data/smoke64src_train20_val5/train/train_1.npz,7,383,71,0.354582279920578,0.12440501153469086
0,/home/featurize/work/USCT_repro/USCT_download/c5_wavefield_data/smoke64src_train20_val5/train/train_1.npz,8,398,85,0.3539924621582031,0.12127890437841415
0,/home/featurize/work/USCT_repro/USCT_download/c5_wavefield_data/smoke64src_train20_val5/train/train_1.npz,9,412,101,0.3581257164478302,0.11743301898241043
0,/home/featurize/work/USCT_repro/USCT_download/c5_wavefield_data/smoke64src_train20_val5/train/train_1.npz,10,425,119,0.3417580723762512,0.12024442851543427
0,/home/featurize/work/USCT_repro/USCT_download/c5_wavefield_data/smoke64src_train20_val5/train/train_1.npz,11,436,137,0.33663856983184814,0.12484337389469147
0,/home/featurize/work/USCT_repro/USCT_download/c5_wavefield_data/smoke64src_train20_val5/train/train_1.npz,12,445,156,0.34543997049331665,0.12205107510089874
0,/home/featurize/work/USCT_repro/USCT_download/c5_wavefield_data/smoke64src_train20_val5/train/train_1.npz,13,452,176,0.35281723737716675,0.11934198439121246
0,/home/featurize/work/USCT_repro/USCT_download/c5_wavefield_data/smoke64src_train20_val5/train/train_1.npz,14,457,197,0.3622291684150696,0.12704846262931824
0,/home/featurize/work/USCT_repro/USCT_download/c5_wavefield_data/smoke64src_train20_val5/train/train_1.npz,15,460,218,0.37364399433135986,0.1266746073961258
0,/home/featurize/work/USCT_repro/USCT_download/c5_wavefield_data/smoke64src_train20_val5/train/train_1.npz,16,461,245,0.3816354274749756,0.1254776567220688
0,/home/featurize/work/USCT_repro/USCT_download/c5_wavefield_data/smoke64src_train20_val5/train/train_1.npz,17,460,266,0.3933463394641876,0.13671256601810455
0,/home/featurize/work/USCT_repro/USCT_download/c5_wavefield_data/smoke64src_train20_val5/train/train_1.npz,18,456,287,0.4018421769142151,0.1294621378183365
0,/home/featurize/work/USCT_repro/USCT_download/c5_wavefield_data/smoke64src_train20_val5/train/train_1.npz,19,451,308,0.39590001106262207,0.1284407079219818
0,/home/featurize/work/USCT_repro/USCT_download/c5_wavefield_data/smoke64src_train20_val5/train/train_1.npz,20,443,328,0.38307487964630127,0.11641929298639297
0,/home/featurize/work/USCT_repro/USCT_download/c5_wavefield_data/smoke64src_train20_val5/train/train_1.npz,21,434,347,0.3886486291885376,0.11835823953151703
0,/home/featurize/work/USCT_repro/USCT_download/c5_wavefield_data/smoke64src_train20_val5/train/train_1.npz,22,423,365,0.41018253564834595,0.1282646805047989
0,/home/featurize/work/USCT_repro/USCT_download/c5_wavefield_data/smoke64src_train20_val5/train/train_1.npz,23,410,382,0.43427303433418274,0.1423702985048294
0,/home/featurize/work/USCT_repro/USCT_download/c5_wavefield_data/smoke64src_train20_val5/train/train_1.npz,24,395,397,0.4149963855743408,0.13399742543697357
0,/home/featurize/work/USCT_repro/USCT_download/c5_wavefield_data/smoke64src_train20_val5/train/train_1.npz,25,380,412,0.39542636275291443,0.12769493460655212
0,/home/featurize/work/USCT_repro/USCT_download/c5_wavefield_data/smoke64src_train20_val5/train/train_1.npz,26,362,424,0.3856188952922821,0.116778165102005
0,/home/featurize/work/USCT_repro/USCT_download/c5_wavefield_data/smoke64src_train20_val5/train/train_1.npz,27,344,435,0.38987717032432556,0.12617208063602448
0,/home/featurize/work/USCT_repro/USCT_download/c5_wavefield_data/smoke64src_train20_val5/train/train_1.npz,28,325,444,0.41869568824768066,0.13627827167510986
0,/home/featurize/work/USCT_repro/USCT_download/c5_wavefield_data/smoke64src_train20_val5/train/train_1.npz,29,305,451,0.43971744179725647,0.13969501852989197
0,/home/featurize/work/USCT_repro/USCT_download/c5_wavefield_data/smoke64src_train20_val5/train/train_1.npz,30,284,457,0.435050368309021,0.14412462711334229
0,/home/featurize/work/USCT_repro/USCT_download/c5_wavefield_data/smoke64src_train20_val5/train/train_1.npz,31,263,460,0.4181429147720337,0.13655319809913635
0,/home/featurize/work/USCT_repro/USCT_download/c5_wavefield_data/smoke64src_train20_val5/train/train_1.npz,32,235,461,0.39504244923591614,0.13823290169239044
0,/home/featurize/work/USCT_repro/USCT_download/c5_wavefield_data/smoke64src_train20_val5/train/train_1.npz,33,214,460,0.390297532081604,0.1308903843164444
0,/home/featurize/work/USCT_repro/USCT_download/c5_wavefield_data/smoke64src_train20_val5/train/train_1.npz,34,193,456,0.4066728353500366,0.1299201399087906
0,/home/featurize/work/USCT_repro/USCT_download/c5_wavefield_data/smoke64src_train20_val5/train/train_1.npz,35,173,451,0.4262790381908417,0.13900339603424072
0,/home/featurize/work/USCT_repro/USCT_download/c5_wavefield_data/smoke64src_train20_val5/train/train_1.npz,36,153,443,0.4136301875114441,0.1401936262845993
0,/home/featurize/work/USCT_repro/USCT_download/c5_wavefield_data/smoke64src_train20_val5/train/train_1.npz,37,134,434,0.40111416578292847,0.13413383066654205
0,/home/featurize/work/USCT_repro/USCT_download/c5_wavefield_data/smoke64src_train20_val5/train/train_1.npz,38,115,423,0.41072630882263184,0.14688757061958313
0,/home/featurize/work/USCT_repro/USCT_download/c5_wavefield_data/smoke64src_train20_val5/train/train_1.npz,39,98,410,0.39879995584487915,0.13315702974796295
0,/home/featurize/work/USCT_repro/USCT_download/c5_wavefield_data/smoke64src_train20_val5/train/train_1.npz,40,83,396,0.3752295672893524,0.12540732324123383
0,/home/featurize/work/USCT_repro/USCT_download/c5_wavefield_data/smoke64src_train20_val5/train/train_1.npz,41,69,380,0.35617971420288086,0.12147026509046555
0,/home/featurize/work/USCT_repro/USCT_download/c5_wavefield_data/smoke64src_train20_val5/train/train_1.npz,42,56,363,0.34709587693214417,0.12307287007570267
0,/home/featurize/work/USCT_repro/USCT_download/c5_wavefield_data/smoke64src_train20_val5/train/train_1.npz,43,45,344,0.3391214609146118,0.10852913558483124
0,/home/featurize/work/USCT_repro/USCT_download/c5_wavefield_data/smoke64src_train20_val5/train/train_1.npz,44,36,325,0.34174636006355286,0.1083783432841301
0,/home/featurize/work/USCT_repro/USCT_download/c5_wavefield_data/smoke64src_train20_val5/train/train_1.npz,45,29,305,0.3393959105014801,0.10687261819839478
0,/home/featurize/work/USCT_repro/USCT_download/c5_wavefield_data/smoke64src_train20_val5/train/train_1.npz,46,23,285,0.3395270109176636,0.11190635710954666
0,/home/featurize/work/USCT_repro/USCT_download/c5_wavefield_data/smoke64src_train20_val5/train/train_1.npz,47,20,264,0.360549658536911,0.11571408808231354
0,/home/featurize/work/USCT_repro/USCT_download/c5_wavefield_data/smoke64src_train20_val5/train/train_1.npz,48,19,236,0.3917634189128876,0.1198929026722908
0,/home/featurize/work/USCT_repro/USCT_download/c5_wavefield_data/smoke64src_train20_val5/train/train_1.npz,49,20,215,0.4069238305091858,0.13256117701530457
0,/home/featurize/work/USCT_repro/USCT_download/c5_wavefield_data/smoke64src_train20_val5/train/train_1.npz,50,24,194,0.4240097999572754,0.1276719719171524
0,/home/featurize/work/USCT_repro/USCT_download/c5_wavefield_data/smoke64src_train20_val5/train/train_1.npz,51,29,174,0.41899722814559937,0.13744954764842987
0,/home/featurize/work/USCT_repro/USCT_download/c5_wavefield_data/smoke64src_train20_val5/train/train_1.npz,52,36,154,0.42280495166778564,0.13666114211082458
0,/home/featurize/work/USCT_repro/USCT_download/c5_wavefield_data/smoke64src_train20_val5/train/train_1.npz,53,46,135,0.399183988571167,0.13517680764198303
0,/home/featurize/work/USCT_repro/USCT_download/c5_wavefield_data/smoke64src_train20_val5/train/train_1.npz,54,57,116,0.36658141016960144,0.12086431682109833
0,/home/featurize/work/USCT_repro/USCT_download/c5_wavefield_data/smoke64src_train20_val5/train/train_1.npz,55,69,99,0.3560887277126312,0.12307912111282349
0,/home/featurize/work/USCT_repro/USCT_download/c5_wavefield_data/smoke64src_train20_val5/train/train_1.npz,56,84,84,0.37619179487228394,0.1302945911884308
0,/home/featurize/work/USCT_repro/USCT_download/c5_wavefield_data/smoke64src_train20_val5/train/train_1.npz,57,99,69,0.3922322690486908,0.13605135679244995
0,/home/featurize/work/USCT_repro/USCT_download/c5_wavefield_data/smoke64src_train20_val5/train/train_1.npz,58,116,57,0.40677568316459656,0.14032037556171417
0,/home/featurize/work/USCT_repro/USCT_download/c5_wavefield_data/smoke64src_train20_val5/train/train_1.npz,59,135,46,0.4154011309146881,0.15397745370864868
0,/home/featurize/work/USCT_repro/USCT_download/c5_wavefield_data/smoke64src_train20_val5/train/train_1.npz,60,154,36,0.4232248365879059,0.13112220168113708
0,/home/featurize/work/USCT_repro/USCT_download/c5_wavefield_data/smoke64src_train20_val5/train/train_1.npz,61,174,29,0.42807814478874207,0.14129865169525146
0,/home/featurize/work/USCT_repro/USCT_download/c5_wavefield_data/smoke64src_train20_val5/train/train_1.npz,62,194,24,0.4315454959869385,0.13637259602546692
0,/home/featurize/work/USCT_repro/USCT_download/c5_wavefield_data/smoke64src_train20_val5/train/train_1.npz,63,215,20,0.44445258378982544,0.1456272006034851
1,/home/featurize/work/USCT_repro/USCT_download/c5_wavefield_data/smoke64src_train20_val5/train/train_2.npz,0,246,19,0.42247772216796875,0.11634752154350281
1,/home/featurize/work/USCT_repro/USCT_download/c5_wavefield_data/smoke64src_train20_val5/train/train_2.npz,1,267,20,0.4516480267047882,0.12832146883010864
1,/home/featurize/work/USCT_repro/USCT_download/c5_wavefield_data/smoke64src_train20_val5/train/train_2.npz,2,288,24,0.46367567777633667,0.12997527420520782
1,/home/featurize/work/USCT_repro/USCT_download/c5_wavefield_data/smoke64src_train20_val5/train/train_2.npz,3,309,30,0.4259210526943207,0.12716668844223022
1,/home/featurize/work/USCT_repro/USCT_download/c5_wavefield_data/smoke64src_train20_val5/train/train_2.npz,4,329,37,0.3708595335483551,0.11210685223340988
1,/home/featurize/work/USCT_repro/USCT_download/c5_wavefield_data/smoke64src_train20_val5/train/train_2.npz,5,348,47,0.3264605402946472,0.10551802068948746
1,/home/featurize/work/USCT_repro/USCT_download/c5_wavefield_data/smoke64src_train20_val5/train/train_2.npz,6,366,58,0.3329797685146332,0.1135672777891159
1,/home/featurize/work/USCT_repro/USCT_download/c5_wavefield_data/smoke64src_train20_val5/train/train_2.npz,7,383,71,0.3055380880832672,0.10652419179677963
1,/home/featurize/work/USCT_repro/USCT_download/c5_wavefield_data/smoke64src_train20_val5/train/train_2.npz,8,398,85,0.296375572681427,0.09671606123447418
1,/home/featurize/work/USCT_repro/USCT_download/c5_wavefield_data/smoke64src_train20_val5/train/train_2.npz,9,412,101,0.3109630048274994,0.10478533804416656
1,/home/featurize/work/USCT_repro/USCT_download/c5_wavefield_data/smoke64src_train20_val5/train/train_2.npz,10,425,119,0.31996574997901917,0.11130819469690323
1,/home/featurize/work/USCT_repro/USCT_download/c5_wavefield_data/smoke64src_train20_val5/train/train_2.npz,11,436,137,0.3204236328601837,0.11067558079957962
1,/home/featurize/work/USCT_repro/USCT_download/c5_wavefield_data/smoke64src_train20_val5/train/train_2.npz,12,445,156,0.330043762922287,0.10710953921079636
1,/home/featurize/work/USCT_repro/USCT_download/c5_wavefield_data/smoke64src_train20_val5/train/train_2.npz,13,452,176,0.33327651023864746,0.11983346194028854
1,/home/featurize/work/USCT_repro/USCT_download/c5_wavefield_data/smoke64src_train20_val5/train/train_2.npz,14,457,197,0.3441998064517975,0.1210736334323883
1,/home/featurize/work/USCT_repro/USCT_download/c5_wavefield_data/smoke64src_train20_val5/train/train_2.npz,15,460,218,0.35249578952789307,0.12357041239738464
1,/home/featurize/work/USCT_repro/USCT_download/c5_wavefield_data/smoke64src_train20_val5/train/train_2.npz,16,461,245,0.35485586524009705,0.11960923671722412
1,/home/featurize/work/USCT_repro/USCT_download/c5_wavefield_data/smoke64src_train20_val5/train/train_2.npz,17,460,266,0.3582174479961395,0.1262669712305069
1,/home/featurize/work/USCT_repro/USCT_download/c5_wavefield_data/smoke64src_train20_val5/train/train_2.npz,18,456,287,0.35312655568122864,0.12107765674591064
1,/home/featurize/work/USCT_repro/USCT_download/c5_wavefield_data/smoke64src_train20_val5/train/train_2.npz,19,451,308,0.3465278744697571,0.11888840794563293
1,/home/featurize/work/USCT_repro/USCT_download/c5_wavefield_data/smoke64src_train20_val5/train/train_2.npz,20,443,328,0.3332615792751312,0.11013013869524002
1,/home/featurize/work/USCT_repro/USCT_download/c5_wavefield_data/smoke64src_train20_val5/train/train_2.npz,21,434,347,0.32002800703048706,0.11068008840084076
1,/home/featurize/work/USCT_repro/USCT_download/c5_wavefield_data/smoke64src_train20_val5/train/train_2.npz,22,423,365,0.3244933485984802,0.10734846442937851
1,/home/featurize/work/USCT_repro/USCT_download/c5_wavefield_data/smoke64src_train20_val5/train/train_2.npz,23,410,382,0.3196367025375366,0.11131373792886734
1,/home/featurize/work/USCT_repro/USCT_download/c5_wavefield_data/smoke64src_train20_val5/train/train_2.npz,24,395,397,0.3361726999282837,0.1204480305314064
1,/home/featurize/work/USCT_repro/USCT_download/c5_wavefield_data/smoke64src_train20_val5/train/train_2.npz,25,380,412,0.31961700320243835,0.11130833625793457
1,/home/featurize/work/USCT_repro/USCT_download/c5_wavefield_data/smoke64src_train20_val5/train/train_2.npz,26,362,424,0.33042919635772705,0.10349966585636139
1,/home/featurize/work/USCT_repro/USCT_download/c5_wavefield_data/smoke64src_train20_val5/train/train_2.npz,27,344,435,0.3522811532020569,0.1194777637720108
1,/home/featurize/work/USCT_repro/USCT_download/c5_wavefield_data/smoke64src_train20_val5/train/train_2.npz,28,325,444,0.36515989899635315,0.11366698145866394
1,/home/featurize/work/USCT_repro/USCT_download/c5_wavefield_data/smoke64src_train20_val5/train/train_2.npz,29,305,451,0.380547434091568,0.11847347021102905
1,/home/featurize/work/USCT_repro/USCT_download/c5_wavefield_data/smoke64src_train20_val5/train/train_2.npz,30,284,457,0.3918744623661041,0.11847468465566635
1,/home/featurize/work/USCT_repro/USCT_download/c5_wavefield_data/smoke64src_train20_val5/train/train_2.npz,31,263,460,0.38383176922798157,0.11934182047843933
1,/home/featurize/work/USCT_repro/USCT_download/c5_wavefield_data/smoke64src_train20_val5/train/train_2.npz,32,235,461,0.3695219159126282,0.12169470638036728
1,/home/featurize/work/USCT_repro/USCT_download/c5_wavefield_data/smoke64src_train20_val5/train/train_2.npz,33,214,460,0.3619450330734253,0.11365663260221481
1,/home/featurize/work/USCT_repro/USCT_download/c5_wavefield_data/smoke64src_train20_val5/train/train_2.npz,34,193,456,0.3572438955307007,0.10780292004346848
1,/home/featurize/work/USCT_repro/USCT_download/c5_wavefield_data/smoke64src_train20_val5/train/train_2.npz,35,173,451,0.3585343658924103,0.11806055903434753
1,/home/featurize/work/USCT_repro/USCT_download/c5_wavefield_data/smoke64src_train20_val5/train/train_2.npz,36,153,443,0.3659800589084625,0.12313151359558105
1,/home/featurize/work/USCT_repro/USCT_download/c5_wavefield_data/smoke64src_train20_val5/train/train_2.npz,37,134,434,0.36251160502433777,0.12102185934782028
1,/home/featurize/work/USCT_repro/USCT_download/c5_wavefield_data/smoke64src_train20_val5/train/train_2.npz,38,115,423,0.3607182204723358,0.12477307766675949
1,/home/featurize/work/USCT_repro/USCT_download/c5_wavefield_data/smoke64src_train20_val5/train/train_2.npz,39,98,410,0.35057222843170166,0.1205262690782547
1,/home/featurize/work/USCT_repro/USCT_download/c5_wavefield_data/smoke64src_train20_val5/train/train_2.npz,40,83,396,0.3279154598712921,0.11197072267532349
1,/home/featurize/work/USCT_repro/USCT_download/c5_wavefield_data/smoke64src_train20_val5/train/train_2.npz,41,69,380,0.30751073360443115,0.10688605904579163
1,/home/featurize/work/USCT_repro/USCT_download/c5_wavefield_data/smoke64src_train20_val5/train/train_2.npz,42,56,363,0.29845014214515686,0.10123274475336075
1,/home/featurize/work/USCT_repro/USCT_download/c5_wavefield_data/smoke64src_train20_val5/train/train_2.npz,43,45,344,0.29460397362709045,0.09913354367017746
1,/home/featurize/work/USCT_repro/USCT_download/c5_wavefield_data/smoke64src_train20_val5/train/train_2.npz,44,36,325,0.2994765639305115,0.09705530852079391
1,/home/featurize/work/USCT_repro/USCT_download/c5_wavefield_data/smoke64src_train20_val5/train/train_2.npz,45,29,305,0.3105694353580475,0.09611830860376358
1,/home/featurize/work/USCT_repro/USCT_download/c5_wavefield_data/smoke64src_train20_val5/train/train_2.npz,46,23,285,0.32155707478523254,0.10756896436214447
1,/home/featurize/work/USCT_repro/USCT_download/c5_wavefield_data/smoke64src_train20_val5/train/train_2.npz,47,20,264,0.3342440128326416,0.10866190493106842
1,/home/featurize/work/USCT_repro/USCT_download/c5_wavefield_data/smoke64src_train20_val5/train/train_2.npz,48,19,236,0.3447170555591583,0.11644552648067474
1,/home/featurize/work/USCT_repro/USCT_download/c5_wavefield_data/smoke64src_train20_val5/train/train_2.npz,49,20,215,0.34926319122314453,0.11386515200138092
1,/home/featurize/work/USCT_repro/USCT_download/c5_wavefield_data/smoke64src_train20_val5/train/train_2.npz,50,24,194,0.3559570610523224,0.1180029883980751
1,/home/featurize/work/USCT_repro/USCT_download/c5_wavefield_data/smoke64src_train20_val5/train/train_2.npz,51,29,174,0.35351264476776123,0.1135227382183075
1,/home/featurize/work/USCT_repro/USCT_download/c5_wavefield_data/smoke64src_train20_val5/train/train_2.npz,52,36,154,0.34875860810279846,0.11871196329593658
1,/home/featurize/work/USCT_repro/USCT_download/c5_wavefield_data/smoke64src_train20_val5/train/train_2.npz,53,46,135,0.34682634472846985,0.12262921035289764
1,/home/featurize/work/USCT_repro/USCT_download/c5_wavefield_data/smoke64src_train20_val5/train/train_2.npz,54,57,116,0.3353195786476135,0.1138327345252037
1,/home/featurize/work/USCT_repro/USCT_download/c5_wavefield_data/smoke64src_train20_val5/train/train_2.npz,55,69,99,0.32455986738204956,0.11190459877252579
1,/home/featurize/work/USCT_repro/USCT_download/c5_wavefield_data/smoke64src_train20_val5/train/train_2.npz,56,84,84,0.32040879130363464,0.10905781388282776
1,/home/featurize/work/USCT_repro/USCT_download/c5_wavefield_data/smoke64src_train20_val5/train/train_2.npz,57,99,69,0.32092103362083435,0.10440685600042343
1,/home/featurize/work/USCT_repro/USCT_download/c5_wavefield_data/smoke64src_train20_val5/train/train_2.npz,58,116,57,0.32020145654678345,0.11677973717451096
1,/home/featurize/work/USCT_repro/USCT_download/c5_wavefield_data/smoke64src_train20_val5/train/train_2.npz,59,135,46,0.3279421329498291,0.11524853855371475
1,/home/featurize/work/USCT_repro/USCT_download/c5_wavefield_data/smoke64src_train20_val5/train/train_2.npz,60,154,36,0.3331795632839203,0.11163163185119629
1,/home/featurize/work/USCT_repro/USCT_download/c5_wavefield_data/smoke64src_train20_val5/train/train_2.npz,61,174,29,0.3572901785373688,0.12221197038888931
1,/home/featurize/work/USCT_repro/USCT_download/c5_wavefield_data/smoke64src_train20_val5/train/train_2.npz,62,194,24,0.3714744448661804,0.11472491174936295
1,/home/featurize/work/USCT_repro/USCT_download/c5_wavefield_data/smoke64src_train20_val5/train/train_2.npz,63,215,20,0.3849760591983795,0.12347869575023651
2,/home/featurize/work/USCT_repro/USCT_download/c5_wavefield_data/smoke64src_train20_val5/train/train_3.npz,0,246,19,0.3502652645111084,0.10909412056207657
2,/home/featurize/work/USCT_repro/USCT_download/c5_wavefield_data/smoke64src_train20_val5/train/train_3.npz,1,267,20,0.36185988783836365,0.11324469745159149
2,/home/featurize/work/USCT_repro/USCT_download/c5_wavefield_data/smoke64src_train20_val5/train/train_3.npz,2,288,24,0.3660418391227722,0.10793069750070572
2,/home/featurize/work/USCT_repro/USCT_download/c5_wavefield_data/smoke64src_train20_val5/train/train_3.npz,3,309,30,0.35745254158973694,0.11256594955921173
2,/home/featurize/work/USCT_repro/USCT_download/c5_wavefield_data/smoke64src_train20_val5/train/train_3.npz,4,329,37,0.3405846357345581,0.10465852171182632
2,/home/featurize/work/USCT_repro/USCT_download/c5_wavefield_data/smoke64src_train20_val5/train/train_3.npz,5,348,47,0.34061864018440247,0.10816200077533722
2,/home/featurize/work/USCT_repro/USCT_download/c5_wavefield_data/smoke64src_train20_val5/train/train_3.npz,6,366,58,0.3614847958087921,0.11442895978689194
2,/home/featurize/work/USCT_repro/USCT_download/c5_wavefield_data/smoke64src_train20_val5/train/train_3.npz,7,383,71,0.3706677258014679,0.12285789847373962
2,/home/featurize/work/USCT_repro/USCT_download/c5_wavefield_data/smoke64src_train20_val5/train/train_3.npz,8,398,85,0.3802851140499115,0.12526512145996094
2,/home/featurize/work/USCT_repro/USCT_download/c5_wavefield_data/smoke64src_train20_val5/train/train_3.npz,9,412,101,0.38662368059158325,0.11910779774188995
2,/home/featurize/work/USCT_repro/USCT_download/c5_wavefield_data/smoke64src_train20_val5/train/train_3.npz,10,425,119,0.37832075357437134,0.1252894252538681
2,/home/featurize/work/USCT_repro/USCT_download/c5_wavefield_data/smoke64src_train20_val5/train/train_3.npz,11,436,137,0.36449670791625977,0.11403577029705048
2,/home/featurize/work/USCT_repro/USCT_download/c5_wavefield_data/smoke64src_train20_val5/train/train_3.npz,12,445,156,0.36439570784568787,0.11293929815292358
2,/home/featurize/work/USCT_repro/USCT_download/c5_wavefield_data/smoke64src_train20_val5/train/train_3.npz,13,452,176,0.38005656003952026,0.12483961135149002
2,/home/featurize/work/USCT_repro/USCT_download/c5_wavefield_data/smoke64src_train20_val5/train/train_3.npz,14,457,197,0.38519105315208435,0.12545761466026306
2,/home/featurize/work/USCT_repro/USCT_download/c5_wavefield_data/smoke64src_train20_val5/train/train_3.npz,15,460,218,0.3824096620082855,0.1280105859041214
2,/home/featurize/work/USCT_repro/USCT_download/c5_wavefield_data/smoke64src_train20_val5/train/train_3.npz,16,461,245,0.3892972767353058,0.13672387599945068
2,/home/featurize/work/USCT_repro/USCT_download/c5_wavefield_data/smoke64src_train20_val5/train/train_3.npz,17,460,266,0.40259790420532227,0.13259604573249817
2,/home/featurize/work/USCT_repro/USCT_download/c5_wavefield_data/smoke64src_train20_val5/train/train_3.npz,18,456,287,0.3995683491230011,0.13752569258213043
2,/home/featurize/work/USCT_repro/USCT_download/c5_wavefield_data/smoke64src_train20_val5/train/train_3.npz,19,451,308,0.37594980001449585,0.11963000148534775
2,/home/featurize/work/USCT_repro/USCT_download/c5_wavefield_data/smoke64src_train20_val5/train/train_3.npz,20,443,328,0.36530056595802307,0.12015178799629211
2,/home/featurize/work/USCT_repro/USCT_download/c5_wavefield_data/smoke64src_train20_val5/train/train_3.npz,21,434,347,0.3687358498573303,0.12359584122896194
2,/home/featurize/work/USCT_repro/USCT_download/c5_wavefield_data/smoke64src_train20_val5/train/train_3.npz,22,423,365,0.36933183670043945,0.13002082705497742
2,/home/featurize/work/USCT_repro/USCT_download/c5_wavefield_data/smoke64src_train20_val5/train/train_3.npz,23,410,382,0.3764893114566803,0.12961368262767792
2,/home/featurize/work/USCT_repro/USCT_download/c5_wavefield_data/smoke64src_train20_val5/train/train_3.npz,24,395,397,0.371090829372406,0.13079248368740082
2,/home/featurize/work/USCT_repro/USCT_download/c5_wavefield_data/smoke64src_train20_val5/train/train_3.npz,25,380,412,0.3622617721557617,0.11709938198328018
2,/home/featurize/work/USCT_repro/USCT_download/c5_wavefield_data/smoke64src_train20_val5/train/train_3.npz,26,362,424,0.35093775391578674,0.11718644201755524
2,/home/featurize/work/USCT_repro/USCT_download/c5_wavefield_data/smoke64src_train20_val5/train/train_3.npz,27,344,435,0.34348323941230774,0.11014392971992493
2,/home/featurize/work/USCT_repro/USCT_download/c5_wavefield_data/smoke64src_train20_val5/train/train_3.npz,28,325,444,0.34372827410697937,0.10732055455446243
2,/home/featurize/work/USCT_repro/USCT_download/c5_wavefield_data/smoke64src_train20_val5/train/train_3.npz,29,305,451,0.34384042024612427,0.11045083403587341
2,/home/featurize/work/USCT_repro/USCT_download/c5_wavefield_data/smoke64src_train20_val5/train/train_3.npz,30,284,457,0.34642094373703003,0.10755137354135513
2,/home/featurize/work/USCT_repro/USCT_download/c5_wavefield_data/smoke64src_train20_val5/train/train_3.npz,31,263,460,0.35787278413772583,0.11678670346736908
2,/home/featurize/work/USCT_repro/USCT_download/c5_wavefield_data/smoke64src_train20_val5/train/train_3.npz,32,235,461,0.3613084852695465,0.10869434475898743
2,/home/featurize/work/USCT_repro/USCT_download/c5_wavefield_data/smoke64src_train20_val5/train/train_3.npz,33,214,460,0.36613795161247253,0.12217482179403305
2,/home/featurize/work/USCT_repro/USCT_download/c5_wavefield_data/smoke64src_train20_val5/train/train_3.npz,34,193,456,0.3699784278869629,0.12297438085079193
2,/home/featurize/work/USCT_repro/USCT_download/c5_wavefield_data/smoke64src_train20_val5/train/train_3.npz,35,173,451,0.3726985454559326,0.129835307598114
2,/home/featurize/work/USCT_repro/USCT_download/c5_wavefield_data/smoke64src_train20_val5/train/train_3.npz,36,153,443,0.3545083999633789,0.12132836878299713
2,/home/featurize/work/USCT_repro/USCT_download/c5_wavefield_data/smoke64src_train20_val5/train/train_3.npz,37,134,434,0.3273075520992279,0.11572367697954178
2,/home/featurize/work/USCT_repro/USCT_download/c5_wavefield_data/smoke64src_train20_val5/train/train_3.npz,38,115,423,0.3096882700920105,0.10706193000078201
2,/home/featurize/work/USCT_repro/USCT_download/c5_wavefield_data/smoke64src_train20_val5/train/train_3.npz,39,98,410,0.3077297806739807,0.10913488268852234
2,/home/featurize/work/USCT_repro/USCT_download/c5_wavefield_data/smoke64src_train20_val5/train/train_3.npz,40,83,396,0.31468698382377625,0.11451901495456696
2,/home/featurize/work/USCT_repro/USCT_download/c5_wavefield_data/smoke64src_train20_val5/train/train_3.npz,41,69,380,0.32014790177345276,0.11119057983160019
2,/home/featurize/work/USCT_repro/USCT_download/c5_wavefield_data/smoke64src_train20_val5/train/train_3.npz,42,56,363,0.3315405547618866,0.11311065405607224
2,/home/featurize/work/USCT_repro/USCT_download/c5_wavefield_data/smoke64src_train20_val5/train/train_3.npz,43,45,344,0.35847747325897217,0.12066749483346939
2,/home/featurize/work/USCT_repro/USCT_download/c5_wavefield_data/smoke64src_train20_val5/train/train_3.npz,44,36,325,0.38929399847984314,0.1342478096485138
2,/home/featurize/work/USCT_repro/USCT_download/c5_wavefield_data/smoke64src_train20_val5/train/train_3.npz,45,29,305,0.41166773438453674,0.12850713729858398
2,/home/featurize/work/USCT_repro/USCT_download/c5_wavefield_data/smoke64src_train20_val5/train/train_3.npz,46,23,285,0.40764319896698,0.14151589572429657
2,/home/featurize/work/USCT_repro/USCT_download/c5_wavefield_data/smoke64src_train20_val5/train/train_3.npz,47,20,264,0.40563708543777466,0.13976837694644928
2,/home/featurize/work/USCT_repro/USCT_download/c5_wavefield_data/smoke64src_train20_val5/train/train_3.npz,48,19,236,0.43064096570014954,0.1407037377357483
2,/home/featurize/work/USCT_repro/USCT_download/c5_wavefield_data/smoke64src_train20_val5/train/train_3.npz,49,20,215,0.4453912377357483,0.14461378753185272
2,/home/featurize/work/USCT_repro/USCT_download/c5_wavefield_data/smoke64src_train20_val5/train/train_3.npz,50,24,194,0.4370485544204712,0.1362556666135788
2,/home/featurize/work/USCT_repro/USCT_download/c5_wavefield_data/smoke64src_train20_val5/train/train_3.npz,51,29,174,0.40720295906066895,0.13038039207458496
2,/home/featurize/work/USCT_repro/USCT_download/c5_wavefield_data/smoke64src_train20_val5/train/train_3.npz,52,36,154,0.39871516823768616,0.12890930473804474
2,/home/featurize/work/USCT_repro/USCT_download/c5_wavefield_data/smoke64src_train20_val5/train/train_3.npz,53,46,135,0.3852401077747345,0.1271619200706482
2,/home/featurize/work/USCT_repro/USCT_download/c5_wavefield_data/smoke64src_train20_val5/train/train_3.npz,54,57,116,0.3708202838897705,0.12718021869659424
2,/home/featurize/work/USCT_repro/USCT_download/c5_wavefield_data/smoke64src_train20_val5/train/train_3.npz,55,69,99,0.3563697934150696,0.11904168128967285
2,/home/featurize/work/USCT_repro/USCT_download/c5_wavefield_data/smoke64src_train20_val5/train/train_3.npz,56,84,84,0.3389050364494324,0.1161460280418396
2,/home/featurize/work/USCT_repro/USCT_download/c5_wavefield_data/smoke64src_train20_val5/train/train_3.npz,57,99,69,0.3278655707836151,0.10770906507968903
2,/home/featurize/work/USCT_repro/USCT_download/c5_wavefield_data/smoke64src_train20_val5/train/train_3.npz,58,116,57,0.32620325684547424,0.10658413171768188
2,/home/featurize/work/USCT_repro/USCT_download/c5_wavefield_data/smoke64src_train20_val5/train/train_3.npz,59,135,46,0.3334463834762573,0.10940318554639816
2,/home/featurize/work/USCT_repro/USCT_download/c5_wavefield_data/smoke64src_train20_val5/train/train_3.npz,60,154,36,0.3458937406539917,0.10935814678668976
2,/home/featurize/work/USCT_repro/USCT_download/c5_wavefield_data/smoke64src_train20_val5/train/train_3.npz,61,174,29,0.3556040823459625,0.11356618255376816
2,/home/featurize/work/USCT_repro/USCT_download/c5_wavefield_data/smoke64src_train20_val5/train/train_3.npz,62,194,24,0.35022205114364624,0.10945931822061539
2,/home/featurize/work/USCT_repro/USCT_download/c5_wavefield_data/smoke64src_train20_val5/train/train_3.npz,63,215,20,0.34617143869400024,0.1101737767457962
3,/home/featurize/work/USCT_repro/USCT_download/c5_wavefield_data/smoke64src_train20_val5/train/train_4.npz,0,246,19,0.34439998865127563,0.11045597493648529
3,/home/featurize/work/USCT_repro/USCT_download/c5_wavefield_data/smoke64src_train20_val5/train/train_4.npz,1,267,20,0.34843093156814575,0.12052951753139496
3,/home/featurize/work/USCT_repro/USCT_download/c5_wavefield_data/smoke64src_train20_val5/train/train_4.npz,2,288,24,0.3542855381965637,0.11673107743263245
3,/home/featurize/work/USCT_repro/USCT_download/c5_wavefield_data/smoke64src_train20_val5/train/train_4.npz,3,309,30,0.35900986194610596,0.11960691213607788
3,/home/featurize/work/USCT_repro/USCT_download/c5_wavefield_data/smoke64src_train20_val5/train/train_4.npz,4,329,37,0.35703474283218384,0.12033840268850327
3,/home/featurize/work/USCT_repro/USCT_download/c5_wavefield_data/smoke64src_train20_val5/train/train_4.npz,5,348,47,0.34470388293266296,0.12041189521551132
3,/home/featurize/work/USCT_repro/USCT_download/c5_wavefield_data/smoke64src_train20_val5/train/train_4.npz,6,366,58,0.325101375579834,0.11691095679998398
3,/home/featurize/work/USCT_repro/USCT_download/c5_wavefield_data/smoke64src_train20_val5/train/train_4.npz,7,383,71,0.31012704968452454,0.10936100035905838
3,/home/featurize/work/USCT_repro/USCT_download/c5_wavefield_data/smoke64src_train20_val5/train/train_4.npz,8,398,85,0.30539214611053467,0.11764738708734512
3,/home/featurize/work/USCT_repro/USCT_download/c5_wavefield_data/smoke64src_train20_val5/train/train_4.npz,9,412,101,0.30249378085136414,0.1074194684624672
3,/home/featurize/work/USCT_repro/USCT_download/c5_wavefield_data/smoke64src_train20_val5/train/train_4.npz,10,425,119,0.305759072303772,0.10551588982343674
3,/home/featurize/work/USCT_repro/USCT_download/c5_wavefield_data/smoke64src_train20_val5/train/train_4.npz,11,436,137,0.3069453239440918,0.10535511374473572
3,/home/featurize/work/USCT_repro/USCT_download/c5_wavefield_data/smoke64src_train20_val5/train/train_4.npz,12,445,156,0.3227876126766205,0.10716550797224045
3,/home/featurize/work/USCT_repro/USCT_download/c5_wavefield_data/smoke64src_train20_val5/train/train_4.npz,13,452,176,0.3520670235157013,0.1138303130865097
3,/home/featurize/work/USCT_repro/USCT_download/c5_wavefield_data/smoke64src_train20_val5/train/train_4.npz,14,457,197,0.36831045150756836,0.11800675094127655
3,/home/featurize/work/USCT_repro/USCT_download/c5_wavefield_data/smoke64src_train20_val5/train/train_4.npz,15,460,218,0.37480872869491577,0.12201197445392609
3,/home/featurize/work/USCT_repro/USCT_download/c5_wavefield_data/smoke64src_train20_val5/train/train_4.npz,16,461,245,0.391944944858551,0.11885742843151093
3,/home/featurize/work/USCT_repro/USCT_download/c5_wavefield_data/smoke64src_train20_val5/train/train_4.npz,17,460,266,0.40508559346199036,0.12018977105617523
3,/home/featurize/work/USCT_repro/USCT_download/c5_wavefield_data/smoke64src_train20_val5/train/train_4.npz,18,456,287,0.39405786991119385,0.12449853867292404
3,/home/featurize/work/USCT_repro/USCT_download/c5_wavefield_data/smoke64src_train20_val5/train/train_4.npz,19,451,308,0.3743705451488495,0.12319975346326828
3,/home/featurize/work/USCT_repro/USCT_download/c5_wavefield_data/smoke64src_train20_val5/train/train_4.npz,20,443,328,0.3536236882209778,0.11215395480394363
3,/home/featurize/work/USCT_repro/USCT_download/c5_wavefield_data/smoke64src_train20_val5/train/train_4.npz,21,434,347,0.34521523118019104,0.11362675577402115
3,/home/featurize/work/USCT_repro/USCT_download/c5_wavefield_data/smoke64src_train20_val5/train/train_4.npz,22,423,365,0.3360690474510193,0.11279945075511932
3,/home/featurize/work/USCT_repro/USCT_download/c5_wavefield_data/smoke64src_train20_val5/train/train_4.npz,23,410,382,0.3157850503921509,0.11097339540719986
3,/home/featurize/work/USCT_repro/USCT_download/c5_wavefield_data/smoke64src_train20_val5/train/train_4.npz,24,395,397,0.30121782422065735,0.11048469692468643
3,/home/featurize/work/USCT_repro/USCT_download/c5_wavefield_data/smoke64src_train20_val5/train/train_4.npz,25,380,412,0.30828961730003357,0.1132238432765007
3,/home/featurize/work/USCT_repro/USCT_download/c5_wavefield_data/smoke64src_train20_val5/train/train_4.npz,26,362,424,0.31397879123687744,0.1020721048116684
3,/home/featurize/work/USCT_repro/USCT_download/c5_wavefield_data/smoke64src_train20_val5/train/train_4.npz,27,344,435,0.3132230043411255,0.10169477760791779
3,/home/featurize/work/USCT_repro/USCT_download/c5_wavefield_data/smoke64src_train20_val5/train/train_4.npz,28,325,444,0.31804323196411133,0.11224274337291718
3,/home/featurize/work/USCT_repro/USCT_download/c5_wavefield_data/smoke64src_train20_val5/train/train_4.npz,29,305,451,0.32599881291389465,0.11650680005550385
3,/home/featurize/work/USCT_repro/USCT_download/c5_wavefield_data/smoke64src_train20_val5/train/train_4.npz,30,284,457,0.33520811796188354,0.11166473478078842
3,/home/featurize/work/USCT_repro/USCT_download/c5_wavefield_data/smoke64src_train20_val5/train/train_4.npz,31,263,460,0.3427824079990387,0.11248945444822311
3,/home/featurize/work/USCT_repro/USCT_download/c5_wavefield_data/smoke64src_train20_val5/train/train_4.npz,32,235,461,0.3433611989021301,0.11175009608268738
3,/home/featurize/work/USCT_repro/USCT_download/c5_wavefield_data/smoke64src_train20_val5/train/train_4.npz,33,214,460,0.34776586294174194,0.11279984563589096
3,/home/featurize/work/USCT_repro/USCT_download/c5_wavefield_data/smoke64src_train20_val5/train/train_4.npz,34,193,456,0.33833232522010803,0.11465368419885635
3,/home/featurize/work/USCT_repro/USCT_download/c5_wavefield_data/smoke64src_train20_val5/train/train_4.npz,35,173,451,0.3290848135948181,0.11137303709983826
3,/home/featurize/work/USCT_repro/USCT_download/c5_wavefield_data/smoke64src_train20_val5/train/train_4.npz,36,153,443,0.32523202896118164,0.10863786935806274
3,/home/featurize/work/USCT_repro/USCT_download/c5_wavefield_data/smoke64src_train20_val5/train/train_4.npz,37,134,434,0.3269301950931549,0.10204517841339111
3,/home/featurize/work/USCT_repro/USCT_download/c5_wavefield_data/smoke64src_train20_val5/train/train_4.npz,38,115,423,0.3395370841026306,0.10691505670547485
3,/home/featurize/work/USCT_repro/USCT_download/c5_wavefield_data/smoke64src_train20_val5/train/train_4.npz,39,98,410,0.3433102071285248,0.1064387634396553
3,/home/featurize/work/USCT_repro/USCT_download/c5_wavefield_data/smoke64src_train20_val5/train/train_4.npz,40,83,396,0.3417554497718811,0.10561313480138779
3,/home/featurize/work/USCT_repro/USCT_download/c5_wavefield_data/smoke64src_train20_val5/train/train_4.npz,41,69,380,0.3234957754611969,0.10667859762907028
3,/home/featurize/work/USCT_repro/USCT_download/c5_wavefield_data/smoke64src_train20_val5/train/train_4.npz,42,56,363,0.3145163655281067,0.09910088777542114
3,/home/featurize/work/USCT_repro/USCT_download/c5_wavefield_data/smoke64src_train20_val5/train/train_4.npz,43,45,344,0.3219816982746124,0.09500035643577576
3,/home/featurize/work/USCT_repro/USCT_download/c5_wavefield_data/smoke64src_train20_val5/train/train_4.npz,44,36,325,0.33242711424827576,0.09969057142734528
3,/home/featurize/work/USCT_repro/USCT_download/c5_wavefield_data/smoke64src_train20_val5/train/train_4.npz,45,29,305,0.35405147075653076,0.10904911160469055
3,/home/featurize/work/USCT_repro/USCT_download/c5_wavefield_data/smoke64src_train20_val5/train/train_4.npz,46,23,285,0.35631057620048523,0.1114843413233757
3,/home/featurize/work/USCT_repro/USCT_download/c5_wavefield_data/smoke64src_train20_val5/train/train_4.npz,47,20,264,0.3662797510623932,0.12035611271858215
3,/home/featurize/work/USCT_repro/USCT_download/c5_wavefield_data/smoke64src_train20_val5/train/train_4.npz,48,19,236,0.37463170289993286,0.11928048729896545
3,/home/featurize/work/USCT_repro/USCT_download/c5_wavefield_data/smoke64src_train20_val5/train/train_4.npz,49,20,215,0.3627665042877197,0.11589475721120834
3,/home/featurize/work/USCT_repro/USCT_download/c5_wavefield_data/smoke64src_train20_val5/train/train_4.npz,50,24,194,0.34638261795043945,0.1125669851899147
3,/home/featurize/work/USCT_repro/USCT_download/c5_wavefield_data/smoke64src_train20_val5/train/train_4.npz,51,29,174,0.34782567620277405,0.11893906444311142
3,/home/featurize/work/USCT_repro/USCT_download/c5_wavefield_data/smoke64src_train20_val5/train/train_4.npz,52,36,154,0.3553211987018585,0.12972192466259003
3,/home/featurize/work/USCT_repro/USCT_download/c5_wavefield_data/smoke64src_train20_val5/train/train_4.npz,53,46,135,0.35402002930641174,0.13024361431598663
3,/home/featurize/work/USCT_repro/USCT_download/c5_wavefield_data/smoke64src_train20_val5/train/train_4.npz,54,57,116,0.34504666924476624,0.12452495843172073
3,/home/featurize/work/USCT_repro/USCT_download/c5_wavefield_data/smoke64src_train20_val5/train/train_4.npz,55,69,99,0.32542750239372253,0.1159854531288147
3,/home/featurize/work/USCT_repro/USCT_download/c5_wavefield_data/smoke64src_train20_val5/train/train_4.npz,56,84,84,0.312684029340744,0.10242775082588196
3,/home/featurize/work/USCT_repro/USCT_download/c5_wavefield_data/smoke64src_train20_val5/train/train_4.npz,57,99,69,0.29974567890167236,0.09607914090156555
3,/home/featurize/work/USCT_repro/USCT_download/c5_wavefield_data/smoke64src_train20_val5/train/train_4.npz,58,116,57,0.2943999469280243,0.09842954576015472
3,/home/featurize/work/USCT_repro/USCT_download/c5_wavefield_data/smoke64src_train20_val5/train/train_4.npz,59,135,46,0.2892703711986542,0.09509581327438354
3,/home/featurize/work/USCT_repro/USCT_download/c5_wavefield_data/smoke64src_train20_val5/train/train_4.npz,60,154,36,0.29509466886520386,0.09450384229421616
3,/home/featurize/work/USCT_repro/USCT_download/c5_wavefield_data/smoke64src_train20_val5/train/train_4.npz,61,174,29,0.30223536491394043,0.10028840601444244
3,/home/featurize/work/USCT_repro/USCT_download/c5_wavefield_data/smoke64src_train20_val5/train/train_4.npz,62,194,24,0.3129333257675171,0.10175022482872009
3,/home/featurize/work/USCT_repro/USCT_download/c5_wavefield_data/smoke64src_train20_val5/train/train_4.npz,63,215,20,0.32626646757125854,0.10736934095621109
4,/home/featurize/work/USCT_repro/USCT_download/c5_wavefield_data/smoke64src_train20_val5/train/train_5.npz,0,246,19,0.3980753421783447,0.12829266488552094
4,/home/featurize/work/USCT_repro/USCT_download/c5_wavefield_data/smoke64src_train20_val5/train/train_5.npz,1,267,20,0.41883784532546997,0.1377299726009369
4,/home/featurize/work/USCT_repro/USCT_download/c5_wavefield_data/smoke64src_train20_val5/train/train_5.npz,2,288,24,0.42731374502182007,0.13782960176467896
4,/home/featurize/work/USCT_repro/USCT_download/c5_wavefield_data/smoke64src_train20_val5/train/train_5.npz,3,309,30,0.4350202679634094,0.1426694691181183
4,/home/featurize/work/USCT_repro/USCT_download/c5_wavefield_data/smoke64src_train20_val5/train/train_5.npz,4,329,37,0.4264867603778839,0.13795089721679688
4,/home/featurize/work/USCT_repro/USCT_download/c5_wavefield_data/smoke64src_train20_val5/train/train_5.npz,5,348,47,0.4391404092311859,0.14690734446048737
4,/home/featurize/work/USCT_repro/USCT_download/c5_wavefield_data/smoke64src_train20_val5/train/train_5.npz,6,366,58,0.45840322971343994,0.14203332364559174
4,/home/featurize/work/USCT_repro/USCT_download/c5_wavefield_data/smoke64src_train20_val5/train/train_5.npz,7,383,71,0.4655131995677948,0.15650421380996704
4,/home/featurize/work/USCT_repro/USCT_download/c5_wavefield_data/smoke64src_train20_val5/train/train_5.npz,8,398,85,0.4557104706764221,0.15086139738559723
4,/home/featurize/work/USCT_repro/USCT_download/c5_wavefield_data/smoke64src_train20_val5/train/train_5.npz,9,412,101,0.4565045237541199,0.14434444904327393
4,/home/featurize/work/USCT_repro/USCT_download/c5_wavefield_data/smoke64src_train20_val5/train/train_5.npz,10,425,119,0.4369552433490753,0.14027541875839233
4,/home/featurize/work/USCT_repro/USCT_download/c5_wavefield_data/smoke64src_train20_val5/train/train_5.npz,11,436,137,0.4164874851703644,0.12935610115528107
4,/home/featurize/work/USCT_repro/USCT_download/c5_wavefield_data/smoke64src_train20_val5/train/train_5.npz,12,445,156,0.4345405101776123,0.1446523219347
4,/home/featurize/work/USCT_repro/USCT_download/c5_wavefield_data/smoke64src_train20_val5/train/train_5.npz,13,452,176,0.4483744204044342,0.15038827061653137
4,/home/featurize/work/USCT_repro/USCT_download/c5_wavefield_data/smoke64src_train20_val5/train/train_5.npz,14,457,197,0.4421575665473938,0.1457493007183075
4,/home/featurize/work/USCT_repro/USCT_download/c5_wavefield_data/smoke64src_train20_val5/train/train_5.npz,15,460,218,0.4524725377559662,0.15444530546665192
4,/home/featurize/work/USCT_repro/USCT_download/c5_wavefield_data/smoke64src_train20_val5/train/train_5.npz,16,461,245,0.4498468041419983,0.1491571068763733
4,/home/featurize/work/USCT_repro/USCT_download/c5_wavefield_data/smoke64src_train20_val5/train/train_5.npz,17,460,266,0.4481121599674225,0.15583068132400513
4,/home/featurize/work/USCT_repro/USCT_download/c5_wavefield_data/smoke64src_train20_val5/train/train_5.npz,18,456,287,0.441803902387619,0.15431706607341766
4,/home/featurize/work/USCT_repro/USCT_download/c5_wavefield_data/smoke64src_train20_val5/train/train_5.npz,19,451,308,0.44516825675964355,0.15187886357307434
4,/home/featurize/work/USCT_repro/USCT_download/c5_wavefield_data/smoke64src_train20_val5/train/train_5.npz,20,443,328,0.44181206822395325,0.1519312560558319
4,/home/featurize/work/USCT_repro/USCT_download/c5_wavefield_data/smoke64src_train20_val5/train/train_5.npz,21,434,347,0.44673609733581543,0.15440285205841064
4,/home/featurize/work/USCT_repro/USCT_download/c5_wavefield_data/smoke64src_train20_val5/train/train_5.npz,22,423,365,0.45850494503974915,0.15456223487854004
4,/home/featurize/work/USCT_repro/USCT_download/c5_wavefield_data/smoke64src_train20_val5/train/train_5.npz,23,410,382,0.45583924651145935,0.16426779329776764
4,/home/featurize/work/USCT_repro/USCT_download/c5_wavefield_data/smoke64src_train20_val5/train/train_5.npz,24,395,397,0.46694329380989075,0.15644437074661255
4,/home/featurize/work/USCT_repro/USCT_download/c5_wavefield_data/smoke64src_train20_val5/train/train_5.npz,25,380,412,0.4591044783592224,0.16413943469524384
4,/home/featurize/work/USCT_repro/USCT_download/c5_wavefield_data/smoke64src_train20_val5/train/train_5.npz,26,362,424,0.44941413402557373,0.15818320214748383
4,/home/featurize/work/USCT_repro/USCT_download/c5_wavefield_data/smoke64src_train20_val5/train/train_5.npz,27,344,435,0.433101624250412,0.15061886608600616
4,/home/featurize/work/USCT_repro/USCT_download/c5_wavefield_data/smoke64src_train20_val5/train/train_5.npz,28,325,444,0.4282533526420593,0.13840849697589874
4,/home/featurize/work/USCT_repro/USCT_download/c5_wavefield_data/smoke64src_train20_val5/train/train_5.npz,29,305,451,0.43196210265159607,0.14620324969291687
4,/home/featurize/work/USCT_repro/USCT_download/c5_wavefield_data/smoke64src_train20_val5/train/train_5.npz,30,284,457,0.4425526559352875,0.14237666130065918
4,/home/featurize/work/USCT_repro/USCT_download/c5_wavefield_data/smoke64src_train20_val5/train/train_5.npz,31,263,460,0.43049803376197815,0.13380390405654907
4,/home/featurize/work/USCT_repro/USCT_download/c5_wavefield_data/smoke64src_train20_val5/train/train_5.npz,32,235,461,0.3866187334060669,0.12181615829467773
4,/home/featurize/work/USCT_repro/USCT_download/c5_wavefield_data/smoke64src_train20_val5/train/train_5.npz,33,214,460,0.3591078817844391,0.12062700092792511
4,/home/featurize/work/USCT_repro/USCT_download/c5_wavefield_data/smoke64src_train20_val5/train/train_5.npz,34,193,456,0.3539302945137024,0.12141675502061844
4,/home/featurize/work/USCT_repro/USCT_download/c5_wavefield_data/smoke64src_train20_val5/train/train_5.npz,35,173,451,0.35384249687194824,0.1291140466928482
4,/home/featurize/work/USCT_repro/USCT_download/c5_wavefield_data/smoke64src_train20_val5/train/train_5.npz,36,153,443,0.3530924320220947,0.12029504776000977
4,/home/featurize/work/USCT_repro/USCT_download/c5_wavefield_data/smoke64src_train20_val5/train/train_5.npz,37,134,434,0.3515944182872772,0.12933027744293213
4,/home/featurize/work/USCT_repro/USCT_download/c5_wavefield_data/smoke64src_train20_val5/train/train_5.npz,38,115,423,0.3462209701538086,0.1280231922864914
4,/home/featurize/work/USCT_repro/USCT_download/c5_wavefield_data/smoke64src_train20_val5/train/train_5.npz,39,98,410,0.3573504090309143,0.13142912089824677
4,/home/featurize/work/USCT_repro/USCT_download/c5_wavefield_data/smoke64src_train20_val5/train/train_5.npz,40,83,396,0.36900267004966736,0.12928104400634766
4,/home/featurize/work/USCT_repro/USCT_download/c5_wavefield_data/smoke64src_train20_val5/train/train_5.npz,41,69,380,0.40149158239364624,0.14686930179595947
4,/home/featurize/work/USCT_repro/USCT_download/c5_wavefield_data/smoke64src_train20_val5/train/train_5.npz,42,56,363,0.43981608748435974,0.14957371354103088
4,/home/featurize/work/USCT_repro/USCT_download/c5_wavefield_data/smoke64src_train20_val5/train/train_5.npz,43,45,344,0.45992669463157654,0.16487564146518707
4,/home/featurize/work/USCT_repro/USCT_download/c5_wavefield_data/smoke64src_train20_val5/train/train_5.npz,44,36,325,0.4712692201137543,0.16385696828365326
4,/home/featurize/work/USCT_repro/USCT_download/c5_wavefield_data/smoke64src_train20_val5/train/train_5.npz,45,29,305,0.47493788599967957,0.1655033677816391
4,/home/featurize/work/USCT_repro/USCT_download/c5_wavefield_data/smoke64src_train20_val5/train/train_5.npz,46,23,285,0.47700557112693787,0.16893179714679718
4,/home/featurize/work/USCT_repro/USCT_download/c5_wavefield_data/smoke64src_train20_val5/train/train_5.npz,47,20,264,0.4773869514465332,0.15842792391777039
4,/home/featurize/work/USCT_repro/USCT_download/c5_wavefield_data/smoke64src_train20_val5/train/train_5.npz,48,19,236,0.5077211856842041,0.161400705575943
4,/home/featurize/work/USCT_repro/USCT_download/c5_wavefield_data/smoke64src_train20_val5/train/train_5.npz,49,20,215,0.53885418176651,0.17378656566143036
4,/home/featurize/work/USCT_repro/USCT_download/c5_wavefield_data/smoke64src_train20_val5/train/train_5.npz,50,24,194,0.5570312142372131,0.17071370780467987
4,/home/featurize/work/USCT_repro/USCT_download/c5_wavefield_data/smoke64src_train20_val5/train/train_5.npz,51,29,174,0.5258296728134155,0.16588427126407623
4,/home/featurize/work/USCT_repro/USCT_download/c5_wavefield_data/smoke64src_train20_val5/train/train_5.npz,52,36,154,0.4741126298904419,0.16068397462368011
4,/home/featurize/work/USCT_repro/USCT_download/c5_wavefield_data/smoke64src_train20_val5/train/train_5.npz,53,46,135,0.4426123797893524,0.15051478147506714
4,/home/featurize/work/USCT_repro/USCT_download/c5_wavefield_data/smoke64src_train20_val5/train/train_5.npz,54,57,116,0.4275335669517517,0.1434495598077774
4,/home/featurize/work/USCT_repro/USCT_download/c5_wavefield_data/smoke64src_train20_val5/train/train_5.npz,55,69,99,0.41347822546958923,0.13830038905143738
4,/home/featurize/work/USCT_repro/USCT_download/c5_wavefield_data/smoke64src_train20_val5/train/train_5.npz,56,84,84,0.390435129404068,0.13784316182136536
4,/home/featurize/work/USCT_repro/USCT_download/c5_wavefield_data/smoke64src_train20_val5/train/train_5.npz,57,99,69,0.39077961444854736,0.12628182768821716
4,/home/featurize/work/USCT_repro/USCT_download/c5_wavefield_data/smoke64src_train20_val5/train/train_5.npz,58,116,57,0.3912672698497772,0.13601279258728027
4,/home/featurize/work/USCT_repro/USCT_download/c5_wavefield_data/smoke64src_train20_val5/train/train_5.npz,59,135,46,0.38261914253234863,0.1261792927980423
4,/home/featurize/work/USCT_repro/USCT_download/c5_wavefield_data/smoke64src_train20_val5/train/train_5.npz,60,154,36,0.38572874665260315,0.12563392519950867
4,/home/featurize/work/USCT_repro/USCT_download/c5_wavefield_data/smoke64src_train20_val5/train/train_5.npz,61,174,29,0.38079017400741577,0.1261327713727951
4,/home/featurize/work/USCT_repro/USCT_download/c5_wavefield_data/smoke64src_train20_val5/train/train_5.npz,62,194,24,0.38043954968452454,0.12884914875030518
4,/home/featurize/work/USCT_repro/USCT_download/c5_wavefield_data/smoke64src_train20_val5/train/train_5.npz,63,215,20,0.3893704414367676,0.12975573539733887
5,/home/featurize/work/USCT_repro/USCT_download/c5_wavefield_data/smoke64src_train20_val5/train/train_6.npz,0,246,19,0.3980679512023926,0.12317986786365509
5,/home/featurize/work/USCT_repro/USCT_download/c5_wavefield_data/smoke64src_train20_val5/train/train_6.npz,1,267,20,0.39616066217422485,0.1207454577088356
5,/home/featurize/work/USCT_repro/USCT_download/c5_wavefield_data/smoke64src_train20_val5/train/train_6.npz,2,288,24,0.36684754490852356,0.10705364495515823
5,/home/featurize/work/USCT_repro/USCT_download/c5_wavefield_data/smoke64src_train20_val5/train/train_6.npz,3,309,30,0.3356088399887085,0.10226811468601227
5,/home/featurize/work/USCT_repro/USCT_download/c5_wavefield_data/smoke64src_train20_val5/train/train_6.npz,4,329,37,0.32366111874580383,0.09574791043996811
5,/home/featurize/work/USCT_repro/USCT_download/c5_wavefield_data/smoke64src_train20_val5/train/train_6.npz,5,348,47,0.30984431505203247,0.10244441777467728
5,/home/featurize/work/USCT_repro/USCT_download/c5_wavefield_data/smoke64src_train20_val5/train/train_6.npz,6,366,58,0.30130746960639954,0.10081584006547928
5,/home/featurize/work/USCT_repro/USCT_download/c5_wavefield_data/smoke64src_train20_val5/train/train_6.npz,7,383,71,0.2830229103565216,0.09770185500383377
5,/home/featurize/work/USCT_repro/USCT_download/c5_wavefield_data/smoke64src_train20_val5/train/train_6.npz,8,398,85,0.27706286311149597,0.09893113374710083
5,/home/featurize/work/USCT_repro/USCT_download/c5_wavefield_data/smoke64src_train20_val5/train/train_6.npz,9,412,101,0.29030370712280273,0.10412780195474625
5,/home/featurize/work/USCT_repro/USCT_download/c5_wavefield_data/smoke64src_train20_val5/train/train_6.npz,10,425,119,0.2956857979297638,0.10792259871959686
5,/home/featurize/work/USCT_repro/USCT_download/c5_wavefield_data/smoke64src_train20_val5/train/train_6.npz,11,436,137,0.31244686245918274,0.11025919765233994
5,/home/featurize/work/USCT_repro/USCT_download/c5_wavefield_data/smoke64src_train20_val5/train/train_6.npz,12,445,156,0.3214532136917114,0.10902903228998184
5,/home/featurize/work/USCT_repro/USCT_download/c5_wavefield_data/smoke64src_train20_val5/train/train_6.npz,13,452,176,0.32425543665885925,0.10865571349859238
5,/home/featurize/work/USCT_repro/USCT_download/c5_wavefield_data/smoke64src_train20_val5/train/train_6.npz,14,457,197,0.3295871913433075,0.111826591193676
5,/home/featurize/work/USCT_repro/USCT_download/c5_wavefield_data/smoke64src_train20_val5/train/train_6.npz,15,460,218,0.33496126532554626,0.11526409536600113
5,/home/featurize/work/USCT_repro/USCT_download/c5_wavefield_data/smoke64src_train20_val5/train/train_6.npz,16,461,245,0.3419027030467987,0.11828747391700745
5,/home/featurize/work/USCT_repro/USCT_download/c5_wavefield_data/smoke64src_train20_val5/train/train_6.npz,17,460,266,0.34544163942337036,0.12157268077135086
5,/home/featurize/work/USCT_repro/USCT_download/c5_wavefield_data/smoke64src_train20_val5/train/train_6.npz,18,456,287,0.3431379795074463,0.11747852712869644
5,/home/featurize/work/USCT_repro/USCT_download/c5_wavefield_data/smoke64src_train20_val5/train/train_6.npz,19,451,308,0.32776084542274475,0.11098554730415344
5,/home/featurize/work/USCT_repro/USCT_download/c5_wavefield_data/smoke64src_train20_val5/train/train_6.npz,20,443,328,0.3148980140686035,0.10694213956594467
5,/home/featurize/work/USCT_repro/USCT_download/c5_wavefield_data/smoke64src_train20_val5/train/train_6.npz,21,434,347,0.300843209028244,0.10760076344013214
5,/home/featurize/work/USCT_repro/USCT_download/c5_wavefield_data/smoke64src_train20_val5/train/train_6.npz,22,423,365,0.3056333661079407,0.09996934235095978
5,/home/featurize/work/USCT_repro/USCT_download/c5_wavefield_data/smoke64src_train20_val5/train/train_6.npz,23,410,382,0.3058304190635681,0.09978797286748886
5,/home/featurize/work/USCT_repro/USCT_download/c5_wavefield_data/smoke64src_train20_val5/train/train_6.npz,24,395,397,0.31880077719688416,0.10516683757305145
5,/home/featurize/work/USCT_repro/USCT_download/c5_wavefield_data/smoke64src_train20_val5/train/train_6.npz,25,380,412,0.322366863489151,0.10715121775865555
5,/home/featurize/work/USCT_repro/USCT_download/c5_wavefield_data/smoke64src_train20_val5/train/train_6.npz,26,362,424,0.3234393000602722,0.10126140713691711
5,/home/featurize/work/USCT_repro/USCT_download/c5_wavefield_data/smoke64src_train20_val5/train/train_6.npz,27,344,435,0.33335253596305847,0.11147083342075348
5,/home/featurize/work/USCT_repro/USCT_download/c5_wavefield_data/smoke64src_train20_val5/train/train_6.npz,28,325,444,0.3398086130619049,0.1178210973739624
5,/home/featurize/work/USCT_repro/USCT_download/c5_wavefield_data/smoke64src_train20_val5/train/train_6.npz,29,305,451,0.3467942774295807,0.10961548984050751
5,/home/featurize/work/USCT_repro/USCT_download/c5_wavefield_data/smoke64src_train20_val5/train/train_6.npz,30,284,457,0.3570249378681183,0.11538296937942505
5,/home/featurize/work/USCT_repro/USCT_download/c5_wavefield_data/smoke64src_train20_val5/train/train_6.npz,31,263,460,0.35881054401397705,0.1133655235171318
5,/home/featurize/work/USCT_repro/USCT_download/c5_wavefield_data/smoke64src_train20_val5/train/train_6.npz,32,235,461,0.3518367409706116,0.11678239703178406
5,/home/featurize/work/USCT_repro/USCT_download/c5_wavefield_data/smoke64src_train20_val5/train/train_6.npz,33,214,460,0.34743112325668335,0.11366628855466843
5,/home/featurize/work/USCT_repro/USCT_download/c5_wavefield_data/smoke64src_train20_val5/train/train_6.npz,34,193,456,0.33078017830848694,0.11251798272132874
5,/home/featurize/work/USCT_repro/USCT_download/c5_wavefield_data/smoke64src_train20_val5/train/train_6.npz,35,173,451,0.3247753083705902,0.1185559630393982
5,/home/featurize/work/USCT_repro/USCT_download/c5_wavefield_data/smoke64src_train20_val5/train/train_6.npz,36,153,443,0.3291351795196533,0.11135213822126389
5,/home/featurize/work/USCT_repro/USCT_download/c5_wavefield_data/smoke64src_train20_val5/train/train_6.npz,37,134,434,0.3201620280742645,0.11656693369150162
5,/home/featurize/work/USCT_repro/USCT_download/c5_wavefield_data/smoke64src_train20_val5/train/train_6.npz,38,115,423,0.30865350365638733,0.10649038106203079
5,/home/featurize/work/USCT_repro/USCT_download/c5_wavefield_data/smoke64src_train20_val5/train/train_6.npz,39,98,410,0.30364081263542175,0.10693684220314026
5,/home/featurize/work/USCT_repro/USCT_download/c5_wavefield_data/smoke64src_train20_val5/train/train_6.npz,40,83,396,0.2952902317047119,0.09964451193809509
5,/home/featurize/work/USCT_repro/USCT_download/c5_wavefield_data/smoke64src_train20_val5/train/train_6.npz,41,69,380,0.29128319025039673,0.0996984988451004
5,/home/featurize/work/USCT_repro/USCT_download/c5_wavefield_data/smoke64src_train20_val5/train/train_6.npz,42,56,363,0.293443888425827,0.09535906463861465
5,/home/featurize/work/USCT_repro/USCT_download/c5_wavefield_data/smoke64src_train20_val5/train/train_6.npz,43,45,344,0.29304951429367065,0.09705611318349838
5,/home/featurize/work/USCT_repro/USCT_download/c5_wavefield_data/smoke64src_train20_val5/train/train_6.npz,44,36,325,0.2946605086326599,0.0979737788438797
5,/home/featurize/work/USCT_repro/USCT_download/c5_wavefield_data/smoke64src_train20_val5/train/train_6.npz,45,29,305,0.30695146322250366,0.0988704115152359
5,/home/featurize/work/USCT_repro/USCT_download/c5_wavefield_data/smoke64src_train20_val5/train/train_6.npz,46,23,285,0.3216712176799774,0.10471132397651672
5,/home/featurize/work/USCT_repro/USCT_download/c5_wavefield_data/smoke64src_train20_val5/train/train_6.npz,47,20,264,0.32862189412117004,0.10325687378644943
5,/home/featurize/work/USCT_repro/USCT_download/c5_wavefield_data/smoke64src_train20_val5/train/train_6.npz,48,19,236,0.3437977135181427,0.11827858537435532
5,/home/featurize/work/USCT_repro/USCT_download/c5_wavefield_data/smoke64src_train20_val5/train/train_6.npz,49,20,215,0.34385958313941956,0.10336066037416458
5,/home/featurize/work/USCT_repro/USCT_download/c5_wavefield_data/smoke64src_train20_val5/train/train_6.npz,50,24,194,0.34763675928115845,0.11293137073516846
5,/home/featurize/work/USCT_repro/USCT_download/c5_wavefield_data/smoke64src_train20_val5/train/train_6.npz,51,29,174,0.34079328179359436,0.11284410953521729
5,/home/featurize/work/USCT_repro/USCT_download/c5_wavefield_data/smoke64src_train20_val5/train/train_6.npz,52,36,154,0.32581573724746704,0.10665984451770782
5,/home/featurize/work/USCT_repro/USCT_download/c5_wavefield_data/smoke64src_train20_val5/train/train_6.npz,53,46,135,0.30603212118148804,0.10725434124469757
5,/home/featurize/work/USCT_repro/USCT_download/c5_wavefield_data/smoke64src_train20_val5/train/train_6.npz,54,57,116,0.2898363173007965,0.09990698844194412
5,/home/featurize/work/USCT_repro/USCT_download/c5_wavefield_data/smoke64src_train20_val5/train/train_6.npz,55,69,99,0.28123533725738525,0.09986453503370285
5,/home/featurize/work/USCT_repro/USCT_download/c5_wavefield_data/smoke64src_train20_val5/train/train_6.npz,56,84,84,0.28356727957725525,0.10232741385698318
5,/home/featurize/work/USCT_repro/USCT_download/c5_wavefield_data/smoke64src_train20_val5/train/train_6.npz,57,99,69,0.28480765223503113,0.09688159078359604
5,/home/featurize/work/USCT_repro/USCT_download/c5_wavefield_data/smoke64src_train20_val5/train/train_6.npz,58,116,57,0.29605555534362793,0.10354602336883545
5,/home/featurize/work/USCT_repro/USCT_download/c5_wavefield_data/smoke64src_train20_val5/train/train_6.npz,59,135,46,0.31600719690322876,0.10257386416196823
5,/home/featurize/work/USCT_repro/USCT_download/c5_wavefield_data/smoke64src_train20_val5/train/train_6.npz,60,154,36,0.3402186334133148,0.11186734586954117
5,/home/featurize/work/USCT_repro/USCT_download/c5_wavefield_data/smoke64src_train20_val5/train/train_6.npz,61,174,29,0.3652275800704956,0.10654275119304657
5,/home/featurize/work/USCT_repro/USCT_download/c5_wavefield_data/smoke64src_train20_val5/train/train_6.npz,62,194,24,0.3772791922092438,0.11361591517925262
5,/home/featurize/work/USCT_repro/USCT_download/c5_wavefield_data/smoke64src_train20_val5/train/train_6.npz,63,215,20,0.38521915674209595,0.12162180989980698
6,/home/featurize/work/USCT_repro/USCT_download/c5_wavefield_data/smoke64src_train20_val5/train/train_7.npz,0,246,19,0.3313034176826477,0.10527485609054565
6,/home/featurize/work/USCT_repro/USCT_download/c5_wavefield_data/smoke64src_train20_val5/train/train_7.npz,1,267,20,0.3374004065990448,0.11494932323694229
6,/home/featurize/work/USCT_repro/USCT_download/c5_wavefield_data/smoke64src_train20_val5/train/train_7.npz,2,288,24,0.3462631404399872,0.1194867342710495
6,/home/featurize/work/USCT_repro/USCT_download/c5_wavefield_data/smoke64src_train20_val5/train/train_7.npz,3,309,30,0.35429683327674866,0.1214035302400589
6,/home/featurize/work/USCT_repro/USCT_download/c5_wavefield_data/smoke64src_train20_val5/train/train_7.npz,4,329,37,0.3424091339111328,0.12113875150680542
6,/home/featurize/work/USCT_repro/USCT_download/c5_wavefield_data/smoke64src_train20_val5/train/train_7.npz,5,348,47,0.33969253301620483,0.11750829964876175
6,/home/featurize/work/USCT_repro/USCT_download/c5_wavefield_data/smoke64src_train20_val5/train/train_7.npz,6,366,58,0.33574897050857544,0.11251526325941086
6,/home/featurize/work/USCT_repro/USCT_download/c5_wavefield_data/smoke64src_train20_val5/train/train_7.npz,7,383,71,0.3388182520866394,0.12234161794185638
6,/home/featurize/work/USCT_repro/USCT_download/c5_wavefield_data/smoke64src_train20_val5/train/train_7.npz,8,398,85,0.336839884519577,0.12173815816640854
6,/home/featurize/work/USCT_repro/USCT_download/c5_wavefield_data/smoke64src_train20_val5/train/train_7.npz,9,412,101,0.3500267267227173,0.12194038927555084
6,/home/featurize/work/USCT_repro/USCT_download/c5_wavefield_data/smoke64src_train20_val5/train/train_7.npz,10,425,119,0.36039644479751587,0.1223401427268982
6,/home/featurize/work/USCT_repro/USCT_download/c5_wavefield_data/smoke64src_train20_val5/train/train_7.npz,11,436,137,0.3805009126663208,0.1309804916381836
6,/home/featurize/work/USCT_repro/USCT_download/c5_wavefield_data/smoke64src_train20_val5/train/train_7.npz,12,445,156,0.3889707922935486,0.12624000012874603
6,/home/featurize/work/USCT_repro/USCT_download/c5_wavefield_data/smoke64src_train20_val5/train/train_7.npz,13,452,176,0.3832327127456665,0.12888334691524506
6,/home/featurize/work/USCT_repro/USCT_download/c5_wavefield_data/smoke64src_train20_val5/train/train_7.npz,14,457,197,0.3782307207584381,0.12257333844900131
6,/home/featurize/work/USCT_repro/USCT_download/c5_wavefield_data/smoke64src_train20_val5/train/train_7.npz,15,460,218,0.38318973779678345,0.12586215138435364
6,/home/featurize/work/USCT_repro/USCT_download/c5_wavefield_data/smoke64src_train20_val5/train/train_7.npz,16,461,245,0.40894103050231934,0.12999975681304932
6,/home/featurize/work/USCT_repro/USCT_download/c5_wavefield_data/smoke64src_train20_val5/train/train_7.npz,17,460,266,0.43062058091163635,0.13320787250995636
6,/home/featurize/work/USCT_repro/USCT_download/c5_wavefield_data/smoke64src_train20_val5/train/train_7.npz,18,456,287,0.43728581070899963,0.13583436608314514
6,/home/featurize/work/USCT_repro/USCT_download/c5_wavefield_data/smoke64src_train20_val5/train/train_7.npz,19,451,308,0.4187936782836914,0.12294560670852661
6,/home/featurize/work/USCT_repro/USCT_download/c5_wavefield_data/smoke64src_train20_val5/train/train_7.npz,20,443,328,0.3848017454147339,0.1213403046131134
6,/home/featurize/work/USCT_repro/USCT_download/c5_wavefield_data/smoke64src_train20_val5/train/train_7.npz,21,434,347,0.3532364070415497,0.11532936245203018
6,/home/featurize/work/USCT_repro/USCT_download/c5_wavefield_data/smoke64src_train20_val5/train/train_7.npz,22,423,365,0.34108060598373413,0.11138156056404114
6,/home/featurize/work/USCT_repro/USCT_download/c5_wavefield_data/smoke64src_train20_val5/train/train_7.npz,23,410,382,0.32690608501434326,0.10489536076784134
6,/home/featurize/work/USCT_repro/USCT_download/c5_wavefield_data/smoke64src_train20_val5/train/train_7.npz,24,395,397,0.3194456696510315,0.1082526445388794
6,/home/featurize/work/USCT_repro/USCT_download/c5_wavefield_data/smoke64src_train20_val5/train/train_7.npz,25,380,412,0.3303721845149994,0.10677404701709747
6,/home/featurize/work/USCT_repro/USCT_download/c5_wavefield_data/smoke64src_train20_val5/train/train_7.npz,26,362,424,0.3417501151561737,0.10550935566425323
6,/home/featurize/work/USCT_repro/USCT_download/c5_wavefield_data/smoke64src_train20_val5/train/train_7.npz,27,344,435,0.3613598048686981,0.11557816714048386
6,/home/featurize/work/USCT_repro/USCT_download/c5_wavefield_data/smoke64src_train20_val5/train/train_7.npz,28,325,444,0.3682316243648529,0.11260098218917847
6,/home/featurize/work/USCT_repro/USCT_download/c5_wavefield_data/smoke64src_train20_val5/train/train_7.npz,29,305,451,0.36472928524017334,0.11538037657737732
6,/home/featurize/work/USCT_repro/USCT_download/c5_wavefield_data/smoke64src_train20_val5/train/train_7.npz,30,284,457,0.3675161302089691,0.11496036499738693
6,/home/featurize/work/USCT_repro/USCT_download/c5_wavefield_data/smoke64src_train20_val5/train/train_7.npz,31,263,460,0.36583489179611206,0.11091171205043793
6,/home/featurize/work/USCT_repro/USCT_download/c5_wavefield_data/smoke64src_train20_val5/train/train_7.npz,32,235,461,0.3638228476047516,0.11116857826709747
6,/home/featurize/work/USCT_repro/USCT_download/c5_wavefield_data/smoke64src_train20_val5/train/train_7.npz,33,214,460,0.3684786856174469,0.1141500473022461
6,/home/featurize/work/USCT_repro/USCT_download/c5_wavefield_data/smoke64src_train20_val5/train/train_7.npz,34,193,456,0.37039321660995483,0.11034373193979263
6,/home/featurize/work/USCT_repro/USCT_download/c5_wavefield_data/smoke64src_train20_val5/train/train_7.npz,35,173,451,0.36476320028305054,0.11058453470468521
6,/home/featurize/work/USCT_repro/USCT_download/c5_wavefield_data/smoke64src_train20_val5/train/train_7.npz,36,153,443,0.3445369601249695,0.11978892236948013
6,/home/featurize/work/USCT_repro/USCT_download/c5_wavefield_data/smoke64src_train20_val5/train/train_7.npz,37,134,434,0.33299702405929565,0.10324614495038986
6,/home/featurize/work/USCT_repro/USCT_download/c5_wavefield_data/smoke64src_train20_val5/train/train_7.npz,38,115,423,0.3524346947669983,0.09821031242609024
6,/home/featurize/work/USCT_repro/USCT_download/c5_wavefield_data/smoke64src_train20_val5/train/train_7.npz,39,98,410,0.3653275966644287,0.12080966681241989
6,/home/featurize/work/USCT_repro/USCT_download/c5_wavefield_data/smoke64src_train20_val5/train/train_7.npz,40,83,396,0.3739296495914459,0.1205410584807396
6,/home/featurize/work/USCT_repro/USCT_download/c5_wavefield_data/smoke64src_train20_val5/train/train_7.npz,41,69,380,0.37864887714385986,0.11805592477321625
6,/home/featurize/work/USCT_repro/USCT_download/c5_wavefield_data/smoke64src_train20_val5/train/train_7.npz,42,56,363,0.3870818316936493,0.11679808795452118
6,/home/featurize/work/USCT_repro/USCT_download/c5_wavefield_data/smoke64src_train20_val5/train/train_7.npz,43,45,344,0.3674982190132141,0.11307630687952042
6,/home/featurize/work/USCT_repro/USCT_download/c5_wavefield_data/smoke64src_train20_val5/train/train_7.npz,44,36,325,0.3667353391647339,0.11796709150075912
6,/home/featurize/work/USCT_repro/USCT_download/c5_wavefield_data/smoke64src_train20_val5/train/train_7.npz,45,29,305,0.381215900182724,0.1209229826927185
6,/home/featurize/work/USCT_repro/USCT_download/c5_wavefield_data/smoke64src_train20_val5/train/train_7.npz,46,23,285,0.3859061002731323,0.12906621396541595
6,/home/featurize/work/USCT_repro/USCT_download/c5_wavefield_data/smoke64src_train20_val5/train/train_7.npz,47,20,264,0.3833135664463043,0.12861260771751404
6,/home/featurize/work/USCT_repro/USCT_download/c5_wavefield_data/smoke64src_train20_val5/train/train_7.npz,48,19,236,0.38586893677711487,0.12450303137302399
6,/home/featurize/work/USCT_repro/USCT_download/c5_wavefield_data/smoke64src_train20_val5/train/train_7.npz,49,20,215,0.3978683650493622,0.12561576068401337
6,/home/featurize/work/USCT_repro/USCT_download/c5_wavefield_data/smoke64src_train20_val5/train/train_7.npz,50,24,194,0.4015040695667267,0.1208515390753746
6,/home/featurize/work/USCT_repro/USCT_download/c5_wavefield_data/smoke64src_train20_val5/train/train_7.npz,51,29,174,0.37855714559555054,0.12010674178600311
6,/home/featurize/work/USCT_repro/USCT_download/c5_wavefield_data/smoke64src_train20_val5/train/train_7.npz,52,36,154,0.3595610558986664,0.11303899437189102
6,/home/featurize/work/USCT_repro/USCT_download/c5_wavefield_data/smoke64src_train20_val5/train/train_7.npz,53,46,135,0.3588029146194458,0.11692335456609726
6,/home/featurize/work/USCT_repro/USCT_download/c5_wavefield_data/smoke64src_train20_val5/train/train_7.npz,54,57,116,0.3650270104408264,0.11806698888540268
6,/home/featurize/work/USCT_repro/USCT_download/c5_wavefield_data/smoke64src_train20_val5/train/train_7.npz,55,69,99,0.36478638648986816,0.11999376118183136
6,/home/featurize/work/USCT_repro/USCT_download/c5_wavefield_data/smoke64src_train20_val5/train/train_7.npz,56,84,84,0.3524875342845917,0.10588370263576508
6,/home/featurize/work/USCT_repro/USCT_download/c5_wavefield_data/smoke64src_train20_val5/train/train_7.npz,57,99,69,0.3379063308238983,0.10705787688493729
6,/home/featurize/work/USCT_repro/USCT_download/c5_wavefield_data/smoke64src_train20_val5/train/train_7.npz,58,116,57,0.3231203854084015,0.10548535734415054
6,/home/featurize/work/USCT_repro/USCT_download/c5_wavefield_data/smoke64src_train20_val5/train/train_7.npz,59,135,46,0.3112272620201111,0.10183573514223099
6,/home/featurize/work/USCT_repro/USCT_download/c5_wavefield_data/smoke64src_train20_val5/train/train_7.npz,60,154,36,0.3211265206336975,0.1074606403708458
6,/home/featurize/work/USCT_repro/USCT_download/c5_wavefield_data/smoke64src_train20_val5/train/train_7.npz,61,174,29,0.33171358704566956,0.10348628461360931
6,/home/featurize/work/USCT_repro/USCT_download/c5_wavefield_data/smoke64src_train20_val5/train/train_7.npz,62,194,24,0.3282289505004883,0.1004108265042305
6,/home/featurize/work/USCT_repro/USCT_download/c5_wavefield_data/smoke64src_train20_val5/train/train_7.npz,63,215,20,0.3345271348953247,0.10341840982437134
7,/home/featurize/work/USCT_repro/USCT_download/c5_wavefield_data/smoke64src_train20_val5/train/train_8.npz,0,246,19,0.6233654618263245,0.19062618911266327
7,/home/featurize/work/USCT_repro/USCT_download/c5_wavefield_data/smoke64src_train20_val5/train/train_8.npz,1,267,20,0.6009467840194702,0.19199609756469727
7,/home/featurize/work/USCT_repro/USCT_download/c5_wavefield_data/smoke64src_train20_val5/train/train_8.npz,2,288,24,0.5885894894599915,0.19501490890979767
7,/home/featurize/work/USCT_repro/USCT_download/c5_wavefield_data/smoke64src_train20_val5/train/train_8.npz,3,309,30,0.5775089263916016,0.1859833151102066
7,/home/featurize/work/USCT_repro/USCT_download/c5_wavefield_data/smoke64src_train20_val5/train/train_8.npz,4,329,37,0.5597948431968689,0.19293367862701416
7,/home/featurize/work/USCT_repro/USCT_download/c5_wavefield_data/smoke64src_train20_val5/train/train_8.npz,5,348,47,0.5557622313499451,0.17515963315963745
7,/home/featurize/work/USCT_repro/USCT_download/c5_wavefield_data/smoke64src_train20_val5/train/train_8.npz,6,366,58,0.5491217970848083,0.17312797904014587
7,/home/featurize/work/USCT_repro/USCT_download/c5_wavefield_data/smoke64src_train20_val5/train/train_8.npz,7,383,71,0.547463059425354,0.20155733823776245
7,/home/featurize/work/USCT_repro/USCT_download/c5_wavefield_data/smoke64src_train20_val5/train/train_8.npz,8,398,85,0.5453503131866455,0.1816399246454239
7,/home/featurize/work/USCT_repro/USCT_download/c5_wavefield_data/smoke64src_train20_val5/train/train_8.npz,9,412,101,0.5465230345726013,0.17219549417495728
7,/home/featurize/work/USCT_repro/USCT_download/c5_wavefield_data/smoke64src_train20_val5/train/train_8.npz,10,425,119,0.5520321726799011,0.17685183882713318
7,/home/featurize/work/USCT_repro/USCT_download/c5_wavefield_data/smoke64src_train20_val5/train/train_8.npz,11,436,137,0.5350967645645142,0.16539469361305237
7,/home/featurize/work/USCT_repro/USCT_download/c5_wavefield_data/smoke64src_train20_val5/train/train_8.npz,12,445,156,0.537142813205719,0.1647394597530365
7,/home/featurize/work/USCT_repro/USCT_download/c5_wavefield_data/smoke64src_train20_val5/train/train_8.npz,13,452,176,0.5555270314216614,0.1557088941335678
7,/home/featurize/work/USCT_repro/USCT_download/c5_wavefield_data/smoke64src_train20_val5/train/train_8.npz,14,457,197,0.5967484712600708,0.17868481576442719
7,/home/featurize/work/USCT_repro/USCT_download/c5_wavefield_data/smoke64src_train20_val5/train/train_8.npz,15,460,218,0.6219398975372314,0.18177232146263123
7,/home/featurize/work/USCT_repro/USCT_download/c5_wavefield_data/smoke64src_train20_val5/train/train_8.npz,16,461,245,0.6254847645759583,0.16844019293785095
7,/home/featurize/work/USCT_repro/USCT_download/c5_wavefield_data/smoke64src_train20_val5/train/train_8.npz,17,460,266,0.6213116645812988,0.1714693158864975
7,/home/featurize/work/USCT_repro/USCT_download/c5_wavefield_data/smoke64src_train20_val5/train/train_8.npz,18,456,287,0.6170139312744141,0.1773126870393753
7,/home/featurize/work/USCT_repro/USCT_download/c5_wavefield_data/smoke64src_train20_val5/train/train_8.npz,19,451,308,0.6364087462425232,0.1953153759241104
7,/home/featurize/work/USCT_repro/USCT_download/c5_wavefield_data/smoke64src_train20_val5/train/train_8.npz,20,443,328,0.6445497274398804,0.18024282157421112
7,/home/featurize/work/USCT_repro/USCT_download/c5_wavefield_data/smoke64src_train20_val5/train/train_8.npz,21,434,347,0.6366392374038696,0.18469664454460144
7,/home/featurize/work/USCT_repro/USCT_download/c5_wavefield_data/smoke64src_train20_val5/train/train_8.npz,22,423,365,0.6274812817573547,0.18069684505462646
7,/home/featurize/work/USCT_repro/USCT_download/c5_wavefield_data/smoke64src_train20_val5/train/train_8.npz,23,410,382,0.6268295645713806,0.19208219647407532
7,/home/featurize/work/USCT_repro/USCT_download/c5_wavefield_data/smoke64src_train20_val5/train/train_8.npz,24,395,397,0.6144457459449768,0.18515914678573608
7,/home/featurize/work/USCT_repro/USCT_download/c5_wavefield_data/smoke64src_train20_val5/train/train_8.npz,25,380,412,0.5962767601013184,0.19041883945465088
7,/home/featurize/work/USCT_repro/USCT_download/c5_wavefield_data/smoke64src_train20_val5/train/train_8.npz,26,362,424,0.5761656761169434,0.19946449995040894
7,/home/featurize/work/USCT_repro/USCT_download/c5_wavefield_data/smoke64src_train20_val5/train/train_8.npz,27,344,435,0.5574795603752136,0.186661958694458
7,/home/featurize/work/USCT_repro/USCT_download/c5_wavefield_data/smoke64src_train20_val5/train/train_8.npz,28,325,444,0.5479550361633301,0.1819758117198944
7,/home/featurize/work/USCT_repro/USCT_download/c5_wavefield_data/smoke64src_train20_val5/train/train_8.npz,29,305,451,0.5457572937011719,0.17534519731998444
7,/home/featurize/work/USCT_repro/USCT_download/c5_wavefield_data/smoke64src_train20_val5/train/train_8.npz,30,284,457,0.551728367805481,0.18212296068668365
7,/home/featurize/work/USCT_repro/USCT_download/c5_wavefield_data/smoke64src_train20_val5/train/train_8.npz,31,263,460,0.556318998336792,0.1683667153120041
7,/home/featurize/work/USCT_repro/USCT_download/c5_wavefield_data/smoke64src_train20_val5/train/train_8.npz,32,235,461,0.5720834136009216,0.17668701708316803
7,/home/featurize/work/USCT_repro/USCT_download/c5_wavefield_data/smoke64src_train20_val5/train/train_8.npz,33,214,460,0.5772872567176819,0.1871946007013321
7,/home/featurize/work/USCT_repro/USCT_download/c5_wavefield_data/smoke64src_train20_val5/train/train_8.npz,34,193,456,0.5737078785896301,0.16509301960468292
7,/home/featurize/work/USCT_repro/USCT_download/c5_wavefield_data/smoke64src_train20_val5/train/train_8.npz,35,173,451,0.5616096258163452,0.1470625102519989
7,/home/featurize/work/USCT_repro/USCT_download/c5_wavefield_data/smoke64src_train20_val5/train/train_8.npz,36,153,443,0.5613722205162048,0.16040141880512238
7,/home/featurize/work/USCT_repro/USCT_download/c5_wavefield_data/smoke64src_train20_val5/train/train_8.npz,37,134,434,0.5802929997444153,0.1605345904827118
7,/home/featurize/work/USCT_repro/USCT_download/c5_wavefield_data/smoke64src_train20_val5/train/train_8.npz,38,115,423,0.589226484298706,0.185085728764534
7,/home/featurize/work/USCT_repro/USCT_download/c5_wavefield_data/smoke64src_train20_val5/train/train_8.npz,39,98,410,0.6089102625846863,0.1807091385126114
7,/home/featurize/work/USCT_repro/USCT_download/c5_wavefield_data/smoke64src_train20_val5/train/train_8.npz,40,83,396,0.6343290209770203,0.20933713018894196
7,/home/featurize/work/USCT_repro/USCT_download/c5_wavefield_data/smoke64src_train20_val5/train/train_8.npz,41,69,380,0.6468456387519836,0.191022127866745
7,/home/featurize/work/USCT_repro/USCT_download/c5_wavefield_data/smoke64src_train20_val5/train/train_8.npz,42,56,363,0.6590184569358826,0.20516405999660492
7,/home/featurize/work/USCT_repro/USCT_download/c5_wavefield_data/smoke64src_train20_val5/train/train_8.npz,43,45,344,0.649238646030426,0.1948595643043518
7,/home/featurize/work/USCT_repro/USCT_download/c5_wavefield_data/smoke64src_train20_val5/train/train_8.npz,44,36,325,0.6441406607627869,0.2353229820728302
7,/home/featurize/work/USCT_repro/USCT_download/c5_wavefield_data/smoke64src_train20_val5/train/train_8.npz,45,29,305,0.6534093618392944,0.19251009821891785
7,/home/featurize/work/USCT_repro/USCT_download/c5_wavefield_data/smoke64src_train20_val5/train/train_8.npz,46,23,285,0.648553729057312,0.20810522139072418
7,/home/featurize/work/USCT_repro/USCT_download/c5_wavefield_data/smoke64src_train20_val5/train/train_8.npz,47,20,264,0.6585507988929749,0.18953433632850647
7,/home/featurize/work/USCT_repro/USCT_download/c5_wavefield_data/smoke64src_train20_val5/train/train_8.npz,48,19,236,0.6590923070907593,0.19464461505413055
7,/home/featurize/work/USCT_repro/USCT_download/c5_wavefield_data/smoke64src_train20_val5/train/train_8.npz,49,20,215,0.650800347328186,0.19639694690704346
7,/home/featurize/work/USCT_repro/USCT_download/c5_wavefield_data/smoke64src_train20_val5/train/train_8.npz,50,24,194,0.6472381353378296,0.19274328649044037
7,/home/featurize/work/USCT_repro/USCT_download/c5_wavefield_data/smoke64src_train20_val5/train/train_8.npz,51,29,174,0.6423282623291016,0.18778061866760254
7,/home/featurize/work/USCT_repro/USCT_download/c5_wavefield_data/smoke64src_train20_val5/train/train_8.npz,52,36,154,0.6468853950500488,0.19522617757320404
7,/home/featurize/work/USCT_repro/USCT_download/c5_wavefield_data/smoke64src_train20_val5/train/train_8.npz,53,46,135,0.6220523715019226,0.18548640608787537
7,/home/featurize/work/USCT_repro/USCT_download/c5_wavefield_data/smoke64src_train20_val5/train/train_8.npz,54,57,116,0.6191837191581726,0.19404295086860657
7,/home/featurize/work/USCT_repro/USCT_download/c5_wavefield_data/smoke64src_train20_val5/train/train_8.npz,55,69,99,0.6097266674041748,0.17792905867099762
7,/home/featurize/work/USCT_repro/USCT_download/c5_wavefield_data/smoke64src_train20_val5/train/train_8.npz,56,84,84,0.6267562508583069,0.18705172836780548
7,/home/featurize/work/USCT_repro/USCT_download/c5_wavefield_data/smoke64src_train20_val5/train/train_8.npz,57,99,69,0.6066147685050964,0.17716708779335022
7,/home/featurize/work/USCT_repro/USCT_download/c5_wavefield_data/smoke64src_train20_val5/train/train_8.npz,58,116,57,0.6099678874015808,0.1970207542181015
7,/home/featurize/work/USCT_repro/USCT_download/c5_wavefield_data/smoke64src_train20_val5/train/train_8.npz,59,135,46,0.6147453784942627,0.18783795833587646
7,/home/featurize/work/USCT_repro/USCT_download/c5_wavefield_data/smoke64src_train20_val5/train/train_8.npz,60,154,36,0.61454176902771,0.21262362599372864
7,/home/featurize/work/USCT_repro/USCT_download/c5_wavefield_data/smoke64src_train20_val5/train/train_8.npz,61,174,29,0.6140530705451965,0.18673908710479736
7,/home/featurize/work/USCT_repro/USCT_download/c5_wavefield_data/smoke64src_train20_val5/train/train_8.npz,62,194,24,0.6171324253082275,0.16983020305633545
7,/home/featurize/work/USCT_repro/USCT_download/c5_wavefield_data/smoke64src_train20_val5/train/train_8.npz,63,215,20,0.6179309487342834,0.1824379414319992
8,/home/featurize/work/USCT_repro/USCT_download/c5_wavefield_data/smoke64src_train20_val5/train/train_9.npz,0,246,19,0.3869197964668274,0.12150195986032486
8,/home/featurize/work/USCT_repro/USCT_download/c5_wavefield_data/smoke64src_train20_val5/train/train_9.npz,1,267,20,0.39779484272003174,0.13160604238510132
8,/home/featurize/work/USCT_repro/USCT_download/c5_wavefield_data/smoke64src_train20_val5/train/train_9.npz,2,288,24,0.4266839921474457,0.13571031391620636
8,/home/featurize/work/USCT_repro/USCT_download/c5_wavefield_data/smoke64src_train20_val5/train/train_9.npz,3,309,30,0.4421537220478058,0.14451919496059418
8,/home/featurize/work/USCT_repro/USCT_download/c5_wavefield_data/smoke64src_train20_val5/train/train_9.npz,4,329,37,0.44012632966041565,0.13339293003082275
8,/home/featurize/work/USCT_repro/USCT_download/c5_wavefield_data/smoke64src_train20_val5/train/train_9.npz,5,348,47,0.43211811780929565,0.13144034147262573
8,/home/featurize/work/USCT_repro/USCT_download/c5_wavefield_data/smoke64src_train20_val5/train/train_9.npz,6,366,58,0.4338177740573883,0.13715118169784546
8,/home/featurize/work/USCT_repro/USCT_download/c5_wavefield_data/smoke64src_train20_val5/train/train_9.npz,7,383,71,0.4600463807582855,0.14636993408203125
8,/home/featurize/work/USCT_repro/USCT_download/c5_wavefield_data/smoke64src_train20_val5/train/train_9.npz,8,398,85,0.4463353157043457,0.14440268278121948
8,/home/featurize/work/USCT_repro/USCT_download/c5_wavefield_data/smoke64src_train20_val5/train/train_9.npz,9,412,101,0.42330101132392883,0.13098794221878052
8,/home/featurize/work/USCT_repro/USCT_download/c5_wavefield_data/smoke64src_train20_val5/train/train_9.npz,10,425,119,0.4221610128879547,0.14792078733444214
8,/home/featurize/work/USCT_repro/USCT_download/c5_wavefield_data/smoke64src_train20_val5/train/train_9.npz,11,436,137,0.4649817645549774,0.14913834631443024
8,/home/featurize/work/USCT_repro/USCT_download/c5_wavefield_data/smoke64src_train20_val5/train/train_9.npz,12,445,156,0.4834044277667999,0.16176147758960724
8,/home/featurize/work/USCT_repro/USCT_download/c5_wavefield_data/smoke64src_train20_val5/train/train_9.npz,13,452,176,0.5042170882225037,0.1669638603925705
8,/home/featurize/work/USCT_repro/USCT_download/c5_wavefield_data/smoke64src_train20_val5/train/train_9.npz,14,457,197,0.502389669418335,0.1712406873703003
8,/home/featurize/work/USCT_repro/USCT_download/c5_wavefield_data/smoke64src_train20_val5/train/train_9.npz,15,460,218,0.5103244185447693,0.17468461394309998
8,/home/featurize/work/USCT_repro/USCT_download/c5_wavefield_data/smoke64src_train20_val5/train/train_9.npz,16,461,245,0.48543691635131836,0.16617229580879211
8,/home/featurize/work/USCT_repro/USCT_download/c5_wavefield_data/smoke64src_train20_val5/train/train_9.npz,17,460,266,0.4725770950317383,0.1708339899778366
8,/home/featurize/work/USCT_repro/USCT_download/c5_wavefield_data/smoke64src_train20_val5/train/train_9.npz,18,456,287,0.4559197723865509,0.16662882268428802
8,/home/featurize/work/USCT_repro/USCT_download/c5_wavefield_data/smoke64src_train20_val5/train/train_9.npz,19,451,308,0.4383513629436493,0.15560640394687653
8,/home/featurize/work/USCT_repro/USCT_download/c5_wavefield_data/smoke64src_train20_val5/train/train_9.npz,20,443,328,0.4453352391719818,0.14797267317771912
8,/home/featurize/work/USCT_repro/USCT_download/c5_wavefield_data/smoke64src_train20_val5/train/train_9.npz,21,434,347,0.43512582778930664,0.15038800239562988
8,/home/featurize/work/USCT_repro/USCT_download/c5_wavefield_data/smoke64src_train20_val5/train/train_9.npz,22,423,365,0.4537757635116577,0.15675483644008636
8,/home/featurize/work/USCT_repro/USCT_download/c5_wavefield_data/smoke64src_train20_val5/train/train_9.npz,23,410,382,0.463921457529068,0.15576136112213135
8,/home/featurize/work/USCT_repro/USCT_download/c5_wavefield_data/smoke64src_train20_val5/train/train_9.npz,24,395,397,0.4554094076156616,0.15343135595321655
8,/home/featurize/work/USCT_repro/USCT_download/c5_wavefield_data/smoke64src_train20_val5/train/train_9.npz,25,380,412,0.4333023726940155,0.14496344327926636
8,/home/featurize/work/USCT_repro/USCT_download/c5_wavefield_data/smoke64src_train20_val5/train/train_9.npz,26,362,424,0.41197219491004944,0.13867899775505066
8,/home/featurize/work/USCT_repro/USCT_download/c5_wavefield_data/smoke64src_train20_val5/train/train_9.npz,27,344,435,0.38537025451660156,0.14053787291049957
8,/home/featurize/work/USCT_repro/USCT_download/c5_wavefield_data/smoke64src_train20_val5/train/train_9.npz,28,325,444,0.3899371027946472,0.13489797711372375
8,/home/featurize/work/USCT_repro/USCT_download/c5_wavefield_data/smoke64src_train20_val5/train/train_9.npz,29,305,451,0.3911784291267395,0.13520829379558563
8,/home/featurize/work/USCT_repro/USCT_download/c5_wavefield_data/smoke64src_train20_val5/train/train_9.npz,30,284,457,0.3818153440952301,0.12660068273544312
8,/home/featurize/work/USCT_repro/USCT_download/c5_wavefield_data/smoke64src_train20_val5/train/train_9.npz,31,263,460,0.36609190702438354,0.1207561269402504
8,/home/featurize/work/USCT_repro/USCT_download/c5_wavefield_data/smoke64src_train20_val5/train/train_9.npz,32,235,461,0.3669045865535736,0.11677209287881851
8,/home/featurize/work/USCT_repro/USCT_download/c5_wavefield_data/smoke64src_train20_val5/train/train_9.npz,33,214,460,0.3616526424884796,0.11843986809253693
8,/home/featurize/work/USCT_repro/USCT_download/c5_wavefield_data/smoke64src_train20_val5/train/train_9.npz,34,193,456,0.37212592363357544,0.12329214066267014
8,/home/featurize/work/USCT_repro/USCT_download/c5_wavefield_data/smoke64src_train20_val5/train/train_9.npz,35,173,451,0.38866913318634033,0.13524939119815826
8,/home/featurize/work/USCT_repro/USCT_download/c5_wavefield_data/smoke64src_train20_val5/train/train_9.npz,36,153,443,0.3948747515678406,0.13693740963935852
8,/home/featurize/work/USCT_repro/USCT_download/c5_wavefield_data/smoke64src_train20_val5/train/train_9.npz,37,134,434,0.4022928476333618,0.14231911301612854
8,/home/featurize/work/USCT_repro/USCT_download/c5_wavefield_data/smoke64src_train20_val5/train/train_9.npz,38,115,423,0.40592655539512634,0.14463810622692108
8,/home/featurize/work/USCT_repro/USCT_download/c5_wavefield_data/smoke64src_train20_val5/train/train_9.npz,39,98,410,0.40680748224258423,0.15622380375862122
8,/home/featurize/work/USCT_repro/USCT_download/c5_wavefield_data/smoke64src_train20_val5/train/train_9.npz,40,83,396,0.4094456136226654,0.14886592328548431
8,/home/featurize/work/USCT_repro/USCT_download/c5_wavefield_data/smoke64src_train20_val5/train/train_9.npz,41,69,380,0.4263744056224823,0.15314729511737823
8,/home/featurize/work/USCT_repro/USCT_download/c5_wavefield_data/smoke64src_train20_val5/train/train_9.npz,42,56,363,0.45080816745758057,0.16243880987167358
8,/home/featurize/work/USCT_repro/USCT_download/c5_wavefield_data/smoke64src_train20_val5/train/train_9.npz,43,45,344,0.4673721492290497,0.161254420876503
8,/home/featurize/work/USCT_repro/USCT_download/c5_wavefield_data/smoke64src_train20_val5/train/train_9.npz,44,36,325,0.4611353278160095,0.16610939800739288
8,/home/featurize/work/USCT_repro/USCT_download/c5_wavefield_data/smoke64src_train20_val5/train/train_9.npz,45,29,305,0.48522135615348816,0.16617804765701294
8,/home/featurize/work/USCT_repro/USCT_download/c5_wavefield_data/smoke64src_train20_val5/train/train_9.npz,46,23,285,0.4951423406600952,0.16776643693447113
8,/home/featurize/work/USCT_repro/USCT_download/c5_wavefield_data/smoke64src_train20_val5/train/train_9.npz,47,20,264,0.49952054023742676,0.16744893789291382
8,/home/featurize/work/USCT_repro/USCT_download/c5_wavefield_data/smoke64src_train20_val5/train/train_9.npz,48,19,236,0.529147207736969,0.17259351909160614
8,/home/featurize/work/USCT_repro/USCT_download/c5_wavefield_data/smoke64src_train20_val5/train/train_9.npz,49,20,215,0.5470497608184814,0.1753476858139038
8,/home/featurize/work/USCT_repro/USCT_download/c5_wavefield_data/smoke64src_train20_val5/train/train_9.npz,50,24,194,0.5425562262535095,0.15521802008152008
8,/home/featurize/work/USCT_repro/USCT_download/c5_wavefield_data/smoke64src_train20_val5/train/train_9.npz,51,29,174,0.5110809206962585,0.1757788509130478
8,/home/featurize/work/USCT_repro/USCT_download/c5_wavefield_data/smoke64src_train20_val5/train/train_9.npz,52,36,154,0.4431656301021576,0.14703074097633362
8,/home/featurize/work/USCT_repro/USCT_download/c5_wavefield_data/smoke64src_train20_val5/train/train_9.npz,53,46,135,0.40815767645835876,0.14636348187923431
8,/home/featurize/work/USCT_repro/USCT_download/c5_wavefield_data/smoke64src_train20_val5/train/train_9.npz,54,57,116,0.4024730920791626,0.1431240439414978
8,/home/featurize/work/USCT_repro/USCT_download/c5_wavefield_data/smoke64src_train20_val5/train/train_9.npz,55,69,99,0.39271003007888794,0.1384211778640747
8,/home/featurize/work/USCT_repro/USCT_download/c5_wavefield_data/smoke64src_train20_val5/train/train_9.npz,56,84,84,0.40722477436065674,0.13401994109153748
8,/home/featurize/work/USCT_repro/USCT_download/c5_wavefield_data/smoke64src_train20_val5/train/train_9.npz,57,99,69,0.40911588072776794,0.1310238242149353
8,/home/featurize/work/USCT_repro/USCT_download/c5_wavefield_data/smoke64src_train20_val5/train/train_9.npz,58,116,57,0.40519648790359497,0.14052586257457733
8,/home/featurize/work/USCT_repro/USCT_download/c5_wavefield_data/smoke64src_train20_val5/train/train_9.npz,59,135,46,0.3889435827732086,0.13199074566364288
8,/home/featurize/work/USCT_repro/USCT_download/c5_wavefield_data/smoke64src_train20_val5/train/train_9.npz,60,154,36,0.38121452927589417,0.13235414028167725
8,/home/featurize/work/USCT_repro/USCT_download/c5_wavefield_data/smoke64src_train20_val5/train/train_9.npz,61,174,29,0.37179210782051086,0.12440771609544754
8,/home/featurize/work/USCT_repro/USCT_download/c5_wavefield_data/smoke64src_train20_val5/train/train_9.npz,62,194,24,0.3684016764163971,0.11851970851421356
8,/home/featurize/work/USCT_repro/USCT_download/c5_wavefield_data/smoke64src_train20_val5/train/train_9.npz,63,215,20,0.37626245617866516,0.11755139380693436
9,/home/featurize/work/USCT_repro/USCT_download/c5_wavefield_data/smoke64src_train20_val5/train/train_10.npz,0,246,19,0.3784274458885193,0.10760700702667236
9,/home/featurize/work/USCT_repro/USCT_download/c5_wavefield_data/smoke64src_train20_val5/train/train_10.npz,1,267,20,0.3883224129676819,0.10759907960891724
9,/home/featurize/work/USCT_repro/USCT_download/c5_wavefield_data/smoke64src_train20_val5/train/train_10.npz,2,288,24,0.3760795593261719,0.10532429814338684
9,/home/featurize/work/USCT_repro/USCT_download/c5_wavefield_data/smoke64src_train20_val5/train/train_10.npz,3,309,30,0.35619431734085083,0.11002795398235321
9,/home/featurize/work/USCT_repro/USCT_download/c5_wavefield_data/smoke64src_train20_val5/train/train_10.npz,4,329,37,0.32128265500068665,0.0964982807636261
9,/home/featurize/work/USCT_repro/USCT_download/c5_wavefield_data/smoke64src_train20_val5/train/train_10.npz,5,348,47,0.3010145425796509,0.0977592021226883
9,/home/featurize/work/USCT_repro/USCT_download/c5_wavefield_data/smoke64src_train20_val5/train/train_10.npz,6,366,58,0.29005128145217896,0.09244700521230698
9,/home/featurize/work/USCT_repro/USCT_download/c5_wavefield_data/smoke64src_train20_val5/train/train_10.npz,7,383,71,0.28760209679603577,0.09874168038368225
9,/home/featurize/work/USCT_repro/USCT_download/c5_wavefield_data/smoke64src_train20_val5/train/train_10.npz,8,398,85,0.2909376621246338,0.10526436567306519
9,/home/featurize/work/USCT_repro/USCT_download/c5_wavefield_data/smoke64src_train20_val5/train/train_10.npz,9,412,101,0.29469117522239685,0.11030028760433197
9,/home/featurize/work/USCT_repro/USCT_download/c5_wavefield_data/smoke64src_train20_val5/train/train_10.npz,10,425,119,0.2960255742073059,0.10197871178388596
9,/home/featurize/work/USCT_repro/USCT_download/c5_wavefield_data/smoke64src_train20_val5/train/train_10.npz,11,436,137,0.30789583921432495,0.11229873448610306
9,/home/featurize/work/USCT_repro/USCT_download/c5_wavefield_data/smoke64src_train20_val5/train/train_10.npz,12,445,156,0.31911441683769226,0.1081557497382164
9,/home/featurize/work/USCT_repro/USCT_download/c5_wavefield_data/smoke64src_train20_val5/train/train_10.npz,13,452,176,0.3270123302936554,0.11369918286800385
9,/home/featurize/work/USCT_repro/USCT_download/c5_wavefield_data/smoke64src_train20_val5/train/train_10.npz,14,457,197,0.3368772864341736,0.11283375322818756
9,/home/featurize/work/USCT_repro/USCT_download/c5_wavefield_data/smoke64src_train20_val5/train/train_10.npz,15,460,218,0.3474920988082886,0.11698998510837555
9,/home/featurize/work/USCT_repro/USCT_download/c5_wavefield_data/smoke64src_train20_val5/train/train_10.npz,16,461,245,0.3553377687931061,0.1130269318819046
9,/home/featurize/work/USCT_repro/USCT_download/c5_wavefield_data/smoke64src_train20_val5/train/train_10.npz,17,460,266,0.3610466718673706,0.11977718770503998
9,/home/featurize/work/USCT_repro/USCT_download/c5_wavefield_data/smoke64src_train20_val5/train/train_10.npz,18,456,287,0.3611735701560974,0.11896660178899765
9,/home/featurize/work/USCT_repro/USCT_download/c5_wavefield_data/smoke64src_train20_val5/train/train_10.npz,19,451,308,0.3545701801776886,0.1082727238535881
9,/home/featurize/work/USCT_repro/USCT_download/c5_wavefield_data/smoke64src_train20_val5/train/train_10.npz,20,443,328,0.3462056517601013,0.11126342415809631
9,/home/featurize/work/USCT_repro/USCT_download/c5_wavefield_data/smoke64src_train20_val5/train/train_10.npz,21,434,347,0.3463265001773834,0.11337416619062424
9,/home/featurize/work/USCT_repro/USCT_download/c5_wavefield_data/smoke64src_train20_val5/train/train_10.npz,22,423,365,0.34265995025634766,0.1124509647488594
9,/home/featurize/work/USCT_repro/USCT_download/c5_wavefield_data/smoke64src_train20_val5/train/train_10.npz,23,410,382,0.3453696370124817,0.10624314844608307
9,/home/featurize/work/USCT_repro/USCT_download/c5_wavefield_data/smoke64src_train20_val5/train/train_10.npz,24,395,397,0.35501110553741455,0.1140657439827919
9,/home/featurize/work/USCT_repro/USCT_download/c5_wavefield_data/smoke64src_train20_val5/train/train_10.npz,25,380,412,0.3488066792488098,0.114219531416893
9,/home/featurize/work/USCT_repro/USCT_download/c5_wavefield_data/smoke64src_train20_val5/train/train_10.npz,26,362,424,0.35315337777137756,0.11186909675598145
9,/home/featurize/work/USCT_repro/USCT_download/c5_wavefield_data/smoke64src_train20_val5/train/train_10.npz,27,344,435,0.34426602721214294,0.11460060626268387
9,/home/featurize/work/USCT_repro/USCT_download/c5_wavefield_data/smoke64src_train20_val5/train/train_10.npz,28,325,444,0.3484712541103363,0.10634776204824448
9,/home/featurize/work/USCT_repro/USCT_download/c5_wavefield_data/smoke64src_train20_val5/train/train_10.npz,29,305,451,0.3558092415332794,0.11412371695041656
9,/home/featurize/work/USCT_repro/USCT_download/c5_wavefield_data/smoke64src_train20_val5/train/train_10.npz,30,284,457,0.35765960812568665,0.10324463248252869
9,/home/featurize/work/USCT_repro/USCT_download/c5_wavefield_data/smoke64src_train20_val5/train/train_10.npz,31,263,460,0.34577855467796326,0.10605968534946442
9,/home/featurize/work/USCT_repro/USCT_download/c5_wavefield_data/smoke64src_train20_val5/train/train_10.npz,32,235,461,0.33446407318115234,0.1072077825665474
9,/home/featurize/work/USCT_repro/USCT_download/c5_wavefield_data/smoke64src_train20_val5/train/train_10.npz,33,214,460,0.34401148557662964,0.11241183429956436
9,/home/featurize/work/USCT_repro/USCT_download/c5_wavefield_data/smoke64src_train20_val5/train/train_10.npz,34,193,456,0.35385894775390625,0.11916623264551163
9,/home/featurize/work/USCT_repro/USCT_download/c5_wavefield_data/smoke64src_train20_val5/train/train_10.npz,35,173,451,0.35293951630592346,0.11845048516988754
9,/home/featurize/work/USCT_repro/USCT_download/c5_wavefield_data/smoke64src_train20_val5/train/train_10.npz,36,153,443,0.347114235162735,0.12086224555969238
9,/home/featurize/work/USCT_repro/USCT_download/c5_wavefield_data/smoke64src_train20_val5/train/train_10.npz,37,134,434,0.3355737328529358,0.12143032997846603
9,/home/featurize/work/USCT_repro/USCT_download/c5_wavefield_data/smoke64src_train20_val5/train/train_10.npz,38,115,423,0.32182618975639343,0.11092554032802582
9,/home/featurize/work/USCT_repro/USCT_download/c5_wavefield_data/smoke64src_train20_val5/train/train_10.npz,39,98,410,0.3097340762615204,0.10610455274581909
9,/home/featurize/work/USCT_repro/USCT_download/c5_wavefield_data/smoke64src_train20_val5/train/train_10.npz,40,83,396,0.29458528757095337,0.10266396403312683
9,/home/featurize/work/USCT_repro/USCT_download/c5_wavefield_data/smoke64src_train20_val5/train/train_10.npz,41,69,380,0.2894681692123413,0.1002005785703659
9,/home/featurize/work/USCT_repro/USCT_download/c5_wavefield_data/smoke64src_train20_val5/train/train_10.npz,42,56,363,0.289391428232193,0.09153012186288834
9,/home/featurize/work/USCT_repro/USCT_download/c5_wavefield_data/smoke64src_train20_val5/train/train_10.npz,43,45,344,0.2969042956829071,0.10055777430534363
9,/home/featurize/work/USCT_repro/USCT_download/c5_wavefield_data/smoke64src_train20_val5/train/train_10.npz,44,36,325,0.3047417104244232,0.10492434352636337
9,/home/featurize/work/USCT_repro/USCT_download/c5_wavefield_data/smoke64src_train20_val5/train/train_10.npz,45,29,305,0.31471139192581177,0.10152506083250046
9,/home/featurize/work/USCT_repro/USCT_download/c5_wavefield_data/smoke64src_train20_val5/train/train_10.npz,46,23,285,0.32281258702278137,0.10431837290525436
9,/home/featurize/work/USCT_repro/USCT_download/c5_wavefield_data/smoke64src_train20_val5/train/train_10.npz,47,20,264,0.3331739008426666,0.10446566343307495
9,/home/featurize/work/USCT_repro/USCT_download/c5_wavefield_data/smoke64src_train20_val5/train/train_10.npz,48,19,236,0.35005879402160645,0.11112575978040695
9,/home/featurize/work/USCT_repro/USCT_download/c5_wavefield_data/smoke64src_train20_val5/train/train_10.npz,49,20,215,0.35376840829849243,0.11327680200338364
9,/home/featurize/work/USCT_repro/USCT_download/c5_wavefield_data/smoke64src_train20_val5/train/train_10.npz,50,24,194,0.34898045659065247,0.11432616412639618
9,/home/featurize/work/USCT_repro/USCT_download/c5_wavefield_data/smoke64src_train20_val5/train/train_10.npz,51,29,174,0.35073381662368774,0.1126173660159111
9,/home/featurize/work/USCT_repro/USCT_download/c5_wavefield_data/smoke64src_train20_val5/train/train_10.npz,52,36,154,0.3526386618614197,0.11504865437746048
9,/home/featurize/work/USCT_repro/USCT_download/c5_wavefield_data/smoke64src_train20_val5/train/train_10.npz,53,46,135,0.3543335795402527,0.11792837828397751
9,/home/featurize/work/USCT_repro/USCT_download/c5_wavefield_data/smoke64src_train20_val5/train/train_10.npz,54,57,116,0.34061336517333984,0.11402815580368042
9,/home/featurize/work/USCT_repro/USCT_download/c5_wavefield_data/smoke64src_train20_val5/train/train_10.npz,55,69,99,0.3274938762187958,0.1120528057217598
9,/home/featurize/work/USCT_repro/USCT_download/c5_wavefield_data/smoke64src_train20_val5/train/train_10.npz,56,84,84,0.31524989008903503,0.11234263330698013
9,/home/featurize/work/USCT_repro/USCT_download/c5_wavefield_data/smoke64src_train20_val5/train/train_10.npz,57,99,69,0.3258071839809418,0.10791168361902237
9,/home/featurize/work/USCT_repro/USCT_download/c5_wavefield_data/smoke64src_train20_val5/train/train_10.npz,58,116,57,0.33478888869285583,0.11750952154397964
9,/home/featurize/work/USCT_repro/USCT_download/c5_wavefield_data/smoke64src_train20_val5/train/train_10.npz,59,135,46,0.3387957513332367,0.11160284280776978
9,/home/featurize/work/USCT_repro/USCT_download/c5_wavefield_data/smoke64src_train20_val5/train/train_10.npz,60,154,36,0.3464394807815552,0.11349590867757797
9,/home/featurize/work/USCT_repro/USCT_download/c5_wavefield_data/smoke64src_train20_val5/train/train_10.npz,61,174,29,0.3547455966472626,0.11340891569852829
9,/home/featurize/work/USCT_repro/USCT_download/c5_wavefield_data/smoke64src_train20_val5/train/train_10.npz,62,194,24,0.3545745313167572,0.10631296038627625
9,/home/featurize/work/USCT_repro/USCT_download/c5_wavefield_data/smoke64src_train20_val5/train/train_10.npz,63,215,20,0.3629414737224579,0.10377294570207596
10,/home/featurize/work/USCT_repro/USCT_download/c5_wavefield_data/smoke64src_train20_val5/train/train_11.npz,0,246,19,0.5382304191589355,0.14558838307857513
10,/home/featurize/work/USCT_repro/USCT_download/c5_wavefield_data/smoke64src_train20_val5/train/train_11.npz,1,267,20,0.5595579743385315,0.1355924755334854
10,/home/featurize/work/USCT_repro/USCT_download/c5_wavefield_data/smoke64src_train20_val5/train/train_11.npz,2,288,24,0.5713531374931335,0.1431039571762085
10,/home/featurize/work/USCT_repro/USCT_download/c5_wavefield_data/smoke64src_train20_val5/train/train_11.npz,3,309,30,0.5268600583076477,0.13560691475868225
10,/home/featurize/work/USCT_repro/USCT_download/c5_wavefield_data/smoke64src_train20_val5/train/train_11.npz,4,329,37,0.48963800072669983,0.1442989557981491
10,/home/featurize/work/USCT_repro/USCT_download/c5_wavefield_data/smoke64src_train20_val5/train/train_11.npz,5,348,47,0.4916761815547943,0.14794762432575226
10,/home/featurize/work/USCT_repro/USCT_download/c5_wavefield_data/smoke64src_train20_val5/train/train_11.npz,6,366,58,0.5034525394439697,0.1649879366159439
10,/home/featurize/work/USCT_repro/USCT_download/c5_wavefield_data/smoke64src_train20_val5/train/train_11.npz,7,383,71,0.5111088752746582,0.14939390122890472
10,/home/featurize/work/USCT_repro/USCT_download/c5_wavefield_data/smoke64src_train20_val5/train/train_11.npz,8,398,85,0.5206028819084167,0.15515588223934174
10,/home/featurize/work/USCT_repro/USCT_download/c5_wavefield_data/smoke64src_train20_val5/train/train_11.npz,9,412,101,0.5482862591743469,0.16491714119911194
10,/home/featurize/work/USCT_repro/USCT_download/c5_wavefield_data/smoke64src_train20_val5/train/train_11.npz,10,425,119,0.5199254751205444,0.16450874507427216
10,/home/featurize/work/USCT_repro/USCT_download/c5_wavefield_data/smoke64src_train20_val5/train/train_11.npz,11,436,137,0.5136268734931946,0.15608002245426178
10,/home/featurize/work/USCT_repro/USCT_download/c5_wavefield_data/smoke64src_train20_val5/train/train_11.npz,12,445,156,0.5131710767745972,0.16499930620193481
10,/home/featurize/work/USCT_repro/USCT_download/c5_wavefield_data/smoke64src_train20_val5/train/train_11.npz,13,452,176,0.5174776315689087,0.15335480868816376
10,/home/featurize/work/USCT_repro/USCT_download/c5_wavefield_data/smoke64src_train20_val5/train/train_11.npz,14,457,197,0.5346269011497498,0.16662731766700745
10,/home/featurize/work/USCT_repro/USCT_download/c5_wavefield_data/smoke64src_train20_val5/train/train_11.npz,15,460,218,0.5374875664710999,0.16265656054019928
10,/home/featurize/work/USCT_repro/USCT_download/c5_wavefield_data/smoke64src_train20_val5/train/train_11.npz,16,461,245,0.5541586875915527,0.1561138927936554
10,/home/featurize/work/USCT_repro/USCT_download/c5_wavefield_data/smoke64src_train20_val5/train/train_11.npz,17,460,266,0.5422168374061584,0.18346090614795685
10,/home/featurize/work/USCT_repro/USCT_download/c5_wavefield_data/smoke64src_train20_val5/train/train_11.npz,18,456,287,0.5583604574203491,0.17532466351985931
10,/home/featurize/work/USCT_repro/USCT_download/c5_wavefield_data/smoke64src_train20_val5/train/train_11.npz,19,451,308,0.5571847558021545,0.1831102967262268
10,/home/featurize/work/USCT_repro/USCT_download/c5_wavefield_data/smoke64src_train20_val5/train/train_11.npz,20,443,328,0.5448608994483948,0.14895673096179962
10,/home/featurize/work/USCT_repro/USCT_download/c5_wavefield_data/smoke64src_train20_val5/train/train_11.npz,21,434,347,0.5418044328689575,0.16046449542045593
10,/home/featurize/work/USCT_repro/USCT_download/c5_wavefield_data/smoke64src_train20_val5/train/train_11.npz,22,423,365,0.5214087963104248,0.15698553621768951
10,/home/featurize/work/USCT_repro/USCT_download/c5_wavefield_data/smoke64src_train20_val5/train/train_11.npz,23,410,382,0.5363079905509949,0.14608271420001984
10,/home/featurize/work/USCT_repro/USCT_download/c5_wavefield_data/smoke64src_train20_val5/train/train_11.npz,24,395,397,0.5490109920501709,0.1572621464729309
10,/home/featurize/work/USCT_repro/USCT_download/c5_wavefield_data/smoke64src_train20_val5/train/train_11.npz,25,380,412,0.5658395290374756,0.1638442575931549
10,/home/featurize/work/USCT_repro/USCT_download/c5_wavefield_data/smoke64src_train20_val5/train/train_11.npz,26,362,424,0.5658553838729858,0.16191408038139343
10,/home/featurize/work/USCT_repro/USCT_download/c5_wavefield_data/smoke64src_train20_val5/train/train_11.npz,27,344,435,0.5646044611930847,0.1697901040315628
10,/home/featurize/work/USCT_repro/USCT_download/c5_wavefield_data/smoke64src_train20_val5/train/train_11.npz,28,325,444,0.5502613186836243,0.16248959302902222
10,/home/featurize/work/USCT_repro/USCT_download/c5_wavefield_data/smoke64src_train20_val5/train/train_11.npz,29,305,451,0.5364881753921509,0.1566663533449173
10,/home/featurize/work/USCT_repro/USCT_download/c5_wavefield_data/smoke64src_train20_val5/train/train_11.npz,30,284,457,0.5347064137458801,0.14605014026165009
10,/home/featurize/work/USCT_repro/USCT_download/c5_wavefield_data/smoke64src_train20_val5/train/train_11.npz,31,263,460,0.5431585311889648,0.1588289737701416
10,/home/featurize/work/USCT_repro/USCT_download/c5_wavefield_data/smoke64src_train20_val5/train/train_11.npz,32,235,461,0.5678064227104187,0.15530608594417572
10,/home/featurize/work/USCT_repro/USCT_download/c5_wavefield_data/smoke64src_train20_val5/train/train_11.npz,33,214,460,0.5360386371612549,0.14888645708560944
10,/home/featurize/work/USCT_repro/USCT_download/c5_wavefield_data/smoke64src_train20_val5/train/train_11.npz,34,193,456,0.5435792207717896,0.14764147996902466
10,/home/featurize/work/USCT_repro/USCT_download/c5_wavefield_data/smoke64src_train20_val5/train/train_11.npz,35,173,451,0.53957200050354,0.14641523361206055
10,/home/featurize/work/USCT_repro/USCT_download/c5_wavefield_data/smoke64src_train20_val5/train/train_11.npz,36,153,443,0.5440972447395325,0.15078091621398926
10,/home/featurize/work/USCT_repro/USCT_download/c5_wavefield_data/smoke64src_train20_val5/train/train_11.npz,37,134,434,0.5318471193313599,0.1584158092737198
10,/home/featurize/work/USCT_repro/USCT_download/c5_wavefield_data/smoke64src_train20_val5/train/train_11.npz,38,115,423,0.5208557844161987,0.1521509289741516
10,/home/featurize/work/USCT_repro/USCT_download/c5_wavefield_data/smoke64src_train20_val5/train/train_11.npz,39,98,410,0.5184330344200134,0.1557433158159256
10,/home/featurize/work/USCT_repro/USCT_download/c5_wavefield_data/smoke64src_train20_val5/train/train_11.npz,40,83,396,0.5160014033317566,0.15885260701179504
10,/home/featurize/work/USCT_repro/USCT_download/c5_wavefield_data/smoke64src_train20_val5/train/train_11.npz,41,69,380,0.5040406584739685,0.1579739898443222
10,/home/featurize/work/USCT_repro/USCT_download/c5_wavefield_data/smoke64src_train20_val5/train/train_11.npz,42,56,363,0.5096668004989624,0.14873917400836945
10,/home/featurize/work/USCT_repro/USCT_download/c5_wavefield_data/smoke64src_train20_val5/train/train_11.npz,43,45,344,0.5007349252700806,0.14884115755558014
10,/home/featurize/work/USCT_repro/USCT_download/c5_wavefield_data/smoke64src_train20_val5/train/train_11.npz,44,36,325,0.5241836905479431,0.1754465252161026
10,/home/featurize/work/USCT_repro/USCT_download/c5_wavefield_data/smoke64src_train20_val5/train/train_11.npz,45,29,305,0.52167147397995,0.14679811894893646
10,/home/featurize/work/USCT_repro/USCT_download/c5_wavefield_data/smoke64src_train20_val5/train/train_11.npz,46,23,285,0.5347776412963867,0.14729616045951843
10,/home/featurize/work/USCT_repro/USCT_download/c5_wavefield_data/smoke64src_train20_val5/train/train_11.npz,47,20,264,0.5519390106201172,0.1620512157678604
10,/home/featurize/work/USCT_repro/USCT_download/c5_wavefield_data/smoke64src_train20_val5/train/train_11.npz,48,19,236,0.5555189847946167,0.16802841424942017
10,/home/featurize/work/USCT_repro/USCT_download/c5_wavefield_data/smoke64src_train20_val5/train/train_11.npz,49,20,215,0.5554597973823547,0.16075676679611206
10,/home/featurize/work/USCT_repro/USCT_download/c5_wavefield_data/smoke64src_train20_val5/train/train_11.npz,50,24,194,0.5501350164413452,0.1594354510307312
10,/home/featurize/work/USCT_repro/USCT_download/c5_wavefield_data/smoke64src_train20_val5/train/train_11.npz,51,29,174,0.5432524085044861,0.14948053658008575
10,/home/featurize/work/USCT_repro/USCT_download/c5_wavefield_data/smoke64src_train20_val5/train/train_11.npz,52,36,154,0.5415363311767578,0.1456460952758789
10,/home/featurize/work/USCT_repro/USCT_download/c5_wavefield_data/smoke64src_train20_val5/train/train_11.npz,53,46,135,0.5410639047622681,0.16058936715126038
10,/home/featurize/work/USCT_repro/USCT_download/c5_wavefield_data/smoke64src_train20_val5/train/train_11.npz,54,57,116,0.5206789970397949,0.15785054862499237
10,/home/featurize/work/USCT_repro/USCT_download/c5_wavefield_data/smoke64src_train20_val5/train/train_11.npz,55,69,99,0.506759762763977,0.16453272104263306
10,/home/featurize/work/USCT_repro/USCT_download/c5_wavefield_data/smoke64src_train20_val5/train/train_11.npz,56,84,84,0.4923003613948822,0.15356695652008057
10,/home/featurize/work/USCT_repro/USCT_download/c5_wavefield_data/smoke64src_train20_val5/train/train_11.npz,57,99,69,0.5052736401557922,0.15218967199325562
10,/home/featurize/work/USCT_repro/USCT_download/c5_wavefield_data/smoke64src_train20_val5/train/train_11.npz,58,116,57,0.5123059749603271,0.1483752280473709
10,/home/featurize/work/USCT_repro/USCT_download/c5_wavefield_data/smoke64src_train20_val5/train/train_11.npz,59,135,46,0.5228240489959717,0.16435405611991882
10,/home/featurize/work/USCT_repro/USCT_download/c5_wavefield_data/smoke64src_train20_val5/train/train_11.npz,60,154,36,0.5207871794700623,0.1504690796136856
10,/home/featurize/work/USCT_repro/USCT_download/c5_wavefield_data/smoke64src_train20_val5/train/train_11.npz,61,174,29,0.5423561930656433,0.14092987775802612
10,/home/featurize/work/USCT_repro/USCT_download/c5_wavefield_data/smoke64src_train20_val5/train/train_11.npz,62,194,24,0.5166710019111633,0.13957995176315308
10,/home/featurize/work/USCT_repro/USCT_download/c5_wavefield_data/smoke64src_train20_val5/train/train_11.npz,63,215,20,0.5073479413986206,0.1446225792169571
11,/home/featurize/work/USCT_repro/USCT_download/c5_wavefield_data/smoke64src_train20_val5/train/train_12.npz,0,246,19,0.520272433757782,0.14123061299324036
11,/home/featurize/work/USCT_repro/USCT_download/c5_wavefield_data/smoke64src_train20_val5/train/train_12.npz,1,267,20,0.5306757688522339,0.16144539415836334
11,/home/featurize/work/USCT_repro/USCT_download/c5_wavefield_data/smoke64src_train20_val5/train/train_12.npz,2,288,24,0.5200513005256653,0.15665872395038605
11,/home/featurize/work/USCT_repro/USCT_download/c5_wavefield_data/smoke64src_train20_val5/train/train_12.npz,3,309,30,0.5356700420379639,0.17201533913612366
11,/home/featurize/work/USCT_repro/USCT_download/c5_wavefield_data/smoke64src_train20_val5/train/train_12.npz,4,329,37,0.5652279257774353,0.16936685144901276
11,/home/featurize/work/USCT_repro/USCT_download/c5_wavefield_data/smoke64src_train20_val5/train/train_12.npz,5,348,47,0.5411016941070557,0.16411040723323822
11,/home/featurize/work/USCT_repro/USCT_download/c5_wavefield_data/smoke64src_train20_val5/train/train_12.npz,6,366,58,0.5262024998664856,0.1653069704771042
11,/home/featurize/work/USCT_repro/USCT_download/c5_wavefield_data/smoke64src_train20_val5/train/train_12.npz,7,383,71,0.5398508906364441,0.16304005682468414
11,/home/featurize/work/USCT_repro/USCT_download/c5_wavefield_data/smoke64src_train20_val5/train/train_12.npz,8,398,85,0.5350891351699829,0.17496541142463684
11,/home/featurize/work/USCT_repro/USCT_download/c5_wavefield_data/smoke64src_train20_val5/train/train_12.npz,9,412,101,0.524962842464447,0.14854435622692108
11,/home/featurize/work/USCT_repro/USCT_download/c5_wavefield_data/smoke64src_train20_val5/train/train_12.npz,10,425,119,0.5319644212722778,0.16426309943199158
11,/home/featurize/work/USCT_repro/USCT_download/c5_wavefield_data/smoke64src_train20_val5/train/train_12.npz,11,436,137,0.5183601379394531,0.15340670943260193
11,/home/featurize/work/USCT_repro/USCT_download/c5_wavefield_data/smoke64src_train20_val5/train/train_12.npz,12,445,156,0.5252881050109863,0.12221968173980713
11,/home/featurize/work/USCT_repro/USCT_download/c5_wavefield_data/smoke64src_train20_val5/train/train_12.npz,13,452,176,0.5428475141525269,0.1643187701702118
11,/home/featurize/work/USCT_repro/USCT_download/c5_wavefield_data/smoke64src_train20_val5/train/train_12.npz,14,457,197,0.5384262204170227,0.12482400238513947
11,/home/featurize/work/USCT_repro/USCT_download/c5_wavefield_data/smoke64src_train20_val5/train/train_12.npz,15,460,218,0.5414813160896301,0.1493503302335739
11,/home/featurize/work/USCT_repro/USCT_download/c5_wavefield_data/smoke64src_train20_val5/train/train_12.npz,16,461,245,0.5549087524414062,0.14980125427246094
11,/home/featurize/work/USCT_repro/USCT_download/c5_wavefield_data/smoke64src_train20_val5/train/train_12.npz,17,460,266,0.538622260093689,0.13667570054531097
11,/home/featurize/work/USCT_repro/USCT_download/c5_wavefield_data/smoke64src_train20_val5/train/train_12.npz,18,456,287,0.5443175435066223,0.15434680879116058
11,/home/featurize/work/USCT_repro/USCT_download/c5_wavefield_data/smoke64src_train20_val5/train/train_12.npz,19,451,308,0.5424769520759583,0.16181819140911102
11,/home/featurize/work/USCT_repro/USCT_download/c5_wavefield_data/smoke64src_train20_val5/train/train_12.npz,20,443,328,0.5556808710098267,0.1638791263103485
11,/home/featurize/work/USCT_repro/USCT_download/c5_wavefield_data/smoke64src_train20_val5/train/train_12.npz,21,434,347,0.5612942576408386,0.16221076250076294
11,/home/featurize/work/USCT_repro/USCT_download/c5_wavefield_data/smoke64src_train20_val5/train/train_12.npz,22,423,365,0.54330974817276,0.15283972024917603
11,/home/featurize/work/USCT_repro/USCT_download/c5_wavefield_data/smoke64src_train20_val5/train/train_12.npz,23,410,382,0.5212355852127075,0.1437361091375351
11,/home/featurize/work/USCT_repro/USCT_download/c5_wavefield_data/smoke64src_train20_val5/train/train_12.npz,24,395,397,0.5060505270957947,0.15424402058124542
11,/home/featurize/work/USCT_repro/USCT_download/c5_wavefield_data/smoke64src_train20_val5/train/train_12.npz,25,380,412,0.4929329752922058,0.11170440912246704
11,/home/featurize/work/USCT_repro/USCT_download/c5_wavefield_data/smoke64src_train20_val5/train/train_12.npz,26,362,424,0.5204991102218628,0.14036034047603607
11,/home/featurize/work/USCT_repro/USCT_download/c5_wavefield_data/smoke64src_train20_val5/train/train_12.npz,27,344,435,0.5226262807846069,0.1530216783285141
11,/home/featurize/work/USCT_repro/USCT_download/c5_wavefield_data/smoke64src_train20_val5/train/train_12.npz,28,325,444,0.528123140335083,0.1538863182067871
11,/home/featurize/work/USCT_repro/USCT_download/c5_wavefield_data/smoke64src_train20_val5/train/train_12.npz,29,305,451,0.5267021059989929,0.13250915706157684
11,/home/featurize/work/USCT_repro/USCT_download/c5_wavefield_data/smoke64src_train20_val5/train/train_12.npz,30,284,457,0.5214442610740662,0.15174944698810577
11,/home/featurize/work/USCT_repro/USCT_download/c5_wavefield_data/smoke64src_train20_val5/train/train_12.npz,31,263,460,0.507058322429657,0.14741966128349304
11,/home/featurize/work/USCT_repro/USCT_download/c5_wavefield_data/smoke64src_train20_val5/train/train_12.npz,32,235,461,0.48238512873649597,0.14355146884918213
11,/home/featurize/work/USCT_repro/USCT_download/c5_wavefield_data/smoke64src_train20_val5/train/train_12.npz,33,214,460,0.4818306267261505,0.14419887959957123
11,/home/featurize/work/USCT_repro/USCT_download/c5_wavefield_data/smoke64src_train20_val5/train/train_12.npz,34,193,456,0.4809572100639343,0.14088141918182373
11,/home/featurize/work/USCT_repro/USCT_download/c5_wavefield_data/smoke64src_train20_val5/train/train_12.npz,35,173,451,0.49148598313331604,0.15748386085033417
11,/home/featurize/work/USCT_repro/USCT_download/c5_wavefield_data/smoke64src_train20_val5/train/train_12.npz,36,153,443,0.5089921951293945,0.1629607081413269
11,/home/featurize/work/USCT_repro/USCT_download/c5_wavefield_data/smoke64src_train20_val5/train/train_12.npz,37,134,434,0.4883323609828949,0.13629202544689178
11,/home/featurize/work/USCT_repro/USCT_download/c5_wavefield_data/smoke64src_train20_val5/train/train_12.npz,38,115,423,0.4711754024028778,0.16242483258247375
11,/home/featurize/work/USCT_repro/USCT_download/c5_wavefield_data/smoke64src_train20_val5/train/train_12.npz,39,98,410,0.4678158462047577,0.1567005068063736
11,/home/featurize/work/USCT_repro/USCT_download/c5_wavefield_data/smoke64src_train20_val5/train/train_12.npz,40,83,396,0.4568747580051422,0.16457116603851318
11,/home/featurize/work/USCT_repro/USCT_download/c5_wavefield_data/smoke64src_train20_val5/train/train_12.npz,41,69,380,0.48629075288772583,0.1543099582195282
11,/home/featurize/work/USCT_repro/USCT_download/c5_wavefield_data/smoke64src_train20_val5/train/train_12.npz,42,56,363,0.4977714717388153,0.14961116015911102
11,/home/featurize/work/USCT_repro/USCT_download/c5_wavefield_data/smoke64src_train20_val5/train/train_12.npz,43,45,344,0.48043492436408997,0.1568223536014557
11,/home/featurize/work/USCT_repro/USCT_download/c5_wavefield_data/smoke64src_train20_val5/train/train_12.npz,44,36,325,0.46914130449295044,0.12643176317214966
11,/home/featurize/work/USCT_repro/USCT_download/c5_wavefield_data/smoke64src_train20_val5/train/train_12.npz,45,29,305,0.46862971782684326,0.1527996063232422
11,/home/featurize/work/USCT_repro/USCT_download/c5_wavefield_data/smoke64src_train20_val5/train/train_12.npz,46,23,285,0.4819680154323578,0.11521066725254059
11,/home/featurize/work/USCT_repro/USCT_download/c5_wavefield_data/smoke64src_train20_val5/train/train_12.npz,47,20,264,0.5005928874015808,0.14186407625675201
11,/home/featurize/work/USCT_repro/USCT_download/c5_wavefield_data/smoke64src_train20_val5/train/train_12.npz,48,19,236,0.5262846350669861,0.1360553652048111
11,/home/featurize/work/USCT_repro/USCT_download/c5_wavefield_data/smoke64src_train20_val5/train/train_12.npz,49,20,215,0.549686074256897,0.1407148241996765
11,/home/featurize/work/USCT_repro/USCT_download/c5_wavefield_data/smoke64src_train20_val5/train/train_12.npz,50,24,194,0.5537559986114502,0.14604847133159637
11,/home/featurize/work/USCT_repro/USCT_download/c5_wavefield_data/smoke64src_train20_val5/train/train_12.npz,51,29,174,0.580220103263855,0.1565731316804886
11,/home/featurize/work/USCT_repro/USCT_download/c5_wavefield_data/smoke64src_train20_val5/train/train_12.npz,52,36,154,0.5709795355796814,0.1566220074892044
11,/home/featurize/work/USCT_repro/USCT_download/c5_wavefield_data/smoke64src_train20_val5/train/train_12.npz,53,46,135,0.545932948589325,0.15995007753372192
11,/home/featurize/work/USCT_repro/USCT_download/c5_wavefield_data/smoke64src_train20_val5/train/train_12.npz,54,57,116,0.5203495025634766,0.150338813662529
11,/home/featurize/work/USCT_repro/USCT_download/c5_wavefield_data/smoke64src_train20_val5/train/train_12.npz,55,69,99,0.5027537941932678,0.1501079648733139
11,/home/featurize/work/USCT_repro/USCT_download/c5_wavefield_data/smoke64src_train20_val5/train/train_12.npz,56,84,84,0.4900516867637634,0.14259307086467743
11,/home/featurize/work/USCT_repro/USCT_download/c5_wavefield_data/smoke64src_train20_val5/train/train_12.npz,57,99,69,0.4935425817966461,0.13816270232200623
11,/home/featurize/work/USCT_repro/USCT_download/c5_wavefield_data/smoke64src_train20_val5/train/train_12.npz,58,116,57,0.5121070742607117,0.13660359382629395
11,/home/featurize/work/USCT_repro/USCT_download/c5_wavefield_data/smoke64src_train20_val5/train/train_12.npz,59,135,46,0.5247564911842346,0.16133573651313782
11,/home/featurize/work/USCT_repro/USCT_download/c5_wavefield_data/smoke64src_train20_val5/train/train_12.npz,60,154,36,0.5301809906959534,0.15350307524204254
11,/home/featurize/work/USCT_repro/USCT_download/c5_wavefield_data/smoke64src_train20_val5/train/train_12.npz,61,174,29,0.5310416221618652,0.1689852923154831
11,/home/featurize/work/USCT_repro/USCT_download/c5_wavefield_data/smoke64src_train20_val5/train/train_12.npz,62,194,24,0.535839319229126,0.16228607296943665
11,/home/featurize/work/USCT_repro/USCT_download/c5_wavefield_data/smoke64src_train20_val5/train/train_12.npz,63,215,20,0.5247852206230164,0.1502048671245575
12,/home/featurize/work/USCT_repro/USCT_download/c5_wavefield_data/smoke64src_train20_val5/train/train_13.npz,0,246,19,0.5221415758132935,0.14995451271533966
12,/home/featurize/work/USCT_repro/USCT_download/c5_wavefield_data/smoke64src_train20_val5/train/train_13.npz,1,267,20,0.5086243748664856,0.15469756722450256
12,/home/featurize/work/USCT_repro/USCT_download/c5_wavefield_data/smoke64src_train20_val5/train/train_13.npz,2,288,24,0.5001615285873413,0.1533718705177307
12,/home/featurize/work/USCT_repro/USCT_download/c5_wavefield_data/smoke64src_train20_val5/train/train_13.npz,3,309,30,0.48791739344596863,0.14646963775157928
12,/home/featurize/work/USCT_repro/USCT_download/c5_wavefield_data/smoke64src_train20_val5/train/train_13.npz,4,329,37,0.48042112588882446,0.15053881704807281
12,/home/featurize/work/USCT_repro/USCT_download/c5_wavefield_data/smoke64src_train20_val5/train/train_13.npz,5,348,47,0.49083662033081055,0.15761533379554749
12,/home/featurize/work/USCT_repro/USCT_download/c5_wavefield_data/smoke64src_train20_val5/train/train_13.npz,6,366,58,0.48315781354904175,0.14951477944850922
12,/home/featurize/work/USCT_repro/USCT_download/c5_wavefield_data/smoke64src_train20_val5/train/train_13.npz,7,383,71,0.4846179783344269,0.1456153839826584
12,/home/featurize/work/USCT_repro/USCT_download/c5_wavefield_data/smoke64src_train20_val5/train/train_13.npz,8,398,85,0.470999538898468,0.14689582586288452
12,/home/featurize/work/USCT_repro/USCT_download/c5_wavefield_data/smoke64src_train20_val5/train/train_13.npz,9,412,101,0.47921034693717957,0.15242210030555725
12,/home/featurize/work/USCT_repro/USCT_download/c5_wavefield_data/smoke64src_train20_val5/train/train_13.npz,10,425,119,0.4735943675041199,0.14644494652748108
12,/home/featurize/work/USCT_repro/USCT_download/c5_wavefield_data/smoke64src_train20_val5/train/train_13.npz,11,436,137,0.4806146025657654,0.14538271725177765
12,/home/featurize/work/USCT_repro/USCT_download/c5_wavefield_data/smoke64src_train20_val5/train/train_13.npz,12,445,156,0.4843139946460724,0.1428094506263733
12,/home/featurize/work/USCT_repro/USCT_download/c5_wavefield_data/smoke64src_train20_val5/train/train_13.npz,13,452,176,0.4892418384552002,0.13668107986450195
12,/home/featurize/work/USCT_repro/USCT_download/c5_wavefield_data/smoke64src_train20_val5/train/train_13.npz,14,457,197,0.5207627415657043,0.15097981691360474
12,/home/featurize/work/USCT_repro/USCT_download/c5_wavefield_data/smoke64src_train20_val5/train/train_13.npz,15,460,218,0.541973888874054,0.1404084414243698
12,/home/featurize/work/USCT_repro/USCT_download/c5_wavefield_data/smoke64src_train20_val5/train/train_13.npz,16,461,245,0.5616214871406555,0.1551140397787094
12,/home/featurize/work/USCT_repro/USCT_download/c5_wavefield_data/smoke64src_train20_val5/train/train_13.npz,17,460,266,0.5535365343093872,0.1543658822774887
12,/home/featurize/work/USCT_repro/USCT_download/c5_wavefield_data/smoke64src_train20_val5/train/train_13.npz,18,456,287,0.557475745677948,0.14784225821495056
12,/home/featurize/work/USCT_repro/USCT_download/c5_wavefield_data/smoke64src_train20_val5/train/train_13.npz,19,451,308,0.5579021573066711,0.14642605185508728
12,/home/featurize/work/USCT_repro/USCT_download/c5_wavefield_data/smoke64src_train20_val5/train/train_13.npz,20,443,328,0.5556965470314026,0.1442841738462448
12,/home/featurize/work/USCT_repro/USCT_download/c5_wavefield_data/smoke64src_train20_val5/train/train_13.npz,21,434,347,0.5510007739067078,0.16758567094802856
12,/home/featurize/work/USCT_repro/USCT_download/c5_wavefield_data/smoke64src_train20_val5/train/train_13.npz,22,423,365,0.5303190350532532,0.1584022343158722
12,/home/featurize/work/USCT_repro/USCT_download/c5_wavefield_data/smoke64src_train20_val5/train/train_13.npz,23,410,382,0.5058369636535645,0.13645075261592865
12,/home/featurize/work/USCT_repro/USCT_download/c5_wavefield_data/smoke64src_train20_val5/train/train_13.npz,24,395,397,0.4727576971054077,0.1324743777513504
12,/home/featurize/work/USCT_repro/USCT_download/c5_wavefield_data/smoke64src_train20_val5/train/train_13.npz,25,380,412,0.46972987055778503,0.15096056461334229
12,/home/featurize/work/USCT_repro/USCT_download/c5_wavefield_data/smoke64src_train20_val5/train/train_13.npz,26,362,424,0.47714242339134216,0.1436949074268341
12,/home/featurize/work/USCT_repro/USCT_download/c5_wavefield_data/smoke64src_train20_val5/train/train_13.npz,27,344,435,0.4892788827419281,0.14810232818126678
12,/home/featurize/work/USCT_repro/USCT_download/c5_wavefield_data/smoke64src_train20_val5/train/train_13.npz,28,325,444,0.4882706105709076,0.15729065239429474
12,/home/featurize/work/USCT_repro/USCT_download/c5_wavefield_data/smoke64src_train20_val5/train/train_13.npz,29,305,451,0.4996059536933899,0.13653430342674255
12,/home/featurize/work/USCT_repro/USCT_download/c5_wavefield_data/smoke64src_train20_val5/train/train_13.npz,30,284,457,0.5198674201965332,0.15419314801692963
12,/home/featurize/work/USCT_repro/USCT_download/c5_wavefield_data/smoke64src_train20_val5/train/train_13.npz,31,263,460,0.5200132727622986,0.1457670032978058
12,/home/featurize/work/USCT_repro/USCT_download/c5_wavefield_data/smoke64src_train20_val5/train/train_13.npz,32,235,461,0.5106427669525146,0.14752480387687683
12,/home/featurize/work/USCT_repro/USCT_download/c5_wavefield_data/smoke64src_train20_val5/train/train_13.npz,33,214,460,0.5159220099449158,0.14443029463291168
12,/home/featurize/work/USCT_repro/USCT_download/c5_wavefield_data/smoke64src_train20_val5/train/train_13.npz,34,193,456,0.506070077419281,0.15074250102043152
12,/home/featurize/work/USCT_repro/USCT_download/c5_wavefield_data/smoke64src_train20_val5/train/train_13.npz,35,173,451,0.5021219253540039,0.14438728988170624
12,/home/featurize/work/USCT_repro/USCT_download/c5_wavefield_data/smoke64src_train20_val5/train/train_13.npz,36,153,443,0.5294533371925354,0.15941056609153748
12,/home/featurize/work/USCT_repro/USCT_download/c5_wavefield_data/smoke64src_train20_val5/train/train_13.npz,37,134,434,0.5385994911193848,0.1671261340379715
12,/home/featurize/work/USCT_repro/USCT_download/c5_wavefield_data/smoke64src_train20_val5/train/train_13.npz,38,115,423,0.5412861704826355,0.15793626010417938
12,/home/featurize/work/USCT_repro/USCT_download/c5_wavefield_data/smoke64src_train20_val5/train/train_13.npz,39,98,410,0.5420058369636536,0.16246744990348816
12,/home/featurize/work/USCT_repro/USCT_download/c5_wavefield_data/smoke64src_train20_val5/train/train_13.npz,40,83,396,0.5223561525344849,0.1586575210094452
12,/home/featurize/work/USCT_repro/USCT_download/c5_wavefield_data/smoke64src_train20_val5/train/train_13.npz,41,69,380,0.5427061319351196,0.15589424967765808
12,/home/featurize/work/USCT_repro/USCT_download/c5_wavefield_data/smoke64src_train20_val5/train/train_13.npz,42,56,363,0.529757559299469,0.16308772563934326
12,/home/featurize/work/USCT_repro/USCT_download/c5_wavefield_data/smoke64src_train20_val5/train/train_13.npz,43,45,344,0.5268099904060364,0.15457762777805328
12,/home/featurize/work/USCT_repro/USCT_download/c5_wavefield_data/smoke64src_train20_val5/train/train_13.npz,44,36,325,0.5384016036987305,0.16742779314517975
12,/home/featurize/work/USCT_repro/USCT_download/c5_wavefield_data/smoke64src_train20_val5/train/train_13.npz,45,29,305,0.5464335680007935,0.15780186653137207
12,/home/featurize/work/USCT_repro/USCT_download/c5_wavefield_data/smoke64src_train20_val5/train/train_13.npz,46,23,285,0.5461519956588745,0.1575833559036255
12,/home/featurize/work/USCT_repro/USCT_download/c5_wavefield_data/smoke64src_train20_val5/train/train_13.npz,47,20,264,0.5472405552864075,0.14752094447612762
12,/home/featurize/work/USCT_repro/USCT_download/c5_wavefield_data/smoke64src_train20_val5/train/train_13.npz,48,19,236,0.5083397030830383,0.14317309856414795
12,/home/featurize/work/USCT_repro/USCT_download/c5_wavefield_data/smoke64src_train20_val5/train/train_13.npz,49,20,215,0.4960130453109741,0.13328759372234344
12,/home/featurize/work/USCT_repro/USCT_download/c5_wavefield_data/smoke64src_train20_val5/train/train_13.npz,50,24,194,0.5159744024276733,0.15027213096618652
12,/home/featurize/work/USCT_repro/USCT_download/c5_wavefield_data/smoke64src_train20_val5/train/train_13.npz,51,29,174,0.5343319177627563,0.15388751029968262
12,/home/featurize/work/USCT_repro/USCT_download/c5_wavefield_data/smoke64src_train20_val5/train/train_13.npz,52,36,154,0.5294851064682007,0.16746577620506287
12,/home/featurize/work/USCT_repro/USCT_download/c5_wavefield_data/smoke64src_train20_val5/train/train_13.npz,53,46,135,0.509880006313324,0.15808552503585815
12,/home/featurize/work/USCT_repro/USCT_download/c5_wavefield_data/smoke64src_train20_val5/train/train_13.npz,54,57,116,0.48333659768104553,0.14900782704353333
12,/home/featurize/work/USCT_repro/USCT_download/c5_wavefield_data/smoke64src_train20_val5/train/train_13.npz,55,69,99,0.47492218017578125,0.14141562581062317
12,/home/featurize/work/USCT_repro/USCT_download/c5_wavefield_data/smoke64src_train20_val5/train/train_13.npz,56,84,84,0.4823945164680481,0.14411641657352448
12,/home/featurize/work/USCT_repro/USCT_download/c5_wavefield_data/smoke64src_train20_val5/train/train_13.npz,57,99,69,0.5370999574661255,0.1640881896018982
12,/home/featurize/work/USCT_repro/USCT_download/c5_wavefield_data/smoke64src_train20_val5/train/train_13.npz,58,116,57,0.5353943109512329,0.1514335423707962
12,/home/featurize/work/USCT_repro/USCT_download/c5_wavefield_data/smoke64src_train20_val5/train/train_13.npz,59,135,46,0.5562552809715271,0.14995354413986206
12,/home/featurize/work/USCT_repro/USCT_download/c5_wavefield_data/smoke64src_train20_val5/train/train_13.npz,60,154,36,0.5302976369857788,0.15881964564323425
12,/home/featurize/work/USCT_repro/USCT_download/c5_wavefield_data/smoke64src_train20_val5/train/train_13.npz,61,174,29,0.5330115556716919,0.14278893172740936
12,/home/featurize/work/USCT_repro/USCT_download/c5_wavefield_data/smoke64src_train20_val5/train/train_13.npz,62,194,24,0.5229268074035645,0.15517573058605194
12,/home/featurize/work/USCT_repro/USCT_download/c5_wavefield_data/smoke64src_train20_val5/train/train_13.npz,63,215,20,0.5123984217643738,0.1634388118982315
13,/home/featurize/work/USCT_repro/USCT_download/c5_wavefield_data/smoke64src_train20_val5/train/train_14.npz,0,246,19,0.6231648325920105,0.15795747935771942
13,/home/featurize/work/USCT_repro/USCT_download/c5_wavefield_data/smoke64src_train20_val5/train/train_14.npz,1,267,20,0.6293450593948364,0.15217985212802887
13,/home/featurize/work/USCT_repro/USCT_download/c5_wavefield_data/smoke64src_train20_val5/train/train_14.npz,2,288,24,0.6239235997200012,0.15877236425876617
13,/home/featurize/work/USCT_repro/USCT_download/c5_wavefield_data/smoke64src_train20_val5/train/train_14.npz,3,309,30,0.6249827146530151,0.15090146660804749
13,/home/featurize/work/USCT_repro/USCT_download/c5_wavefield_data/smoke64src_train20_val5/train/train_14.npz,4,329,37,0.6052536964416504,0.16535937786102295
13,/home/featurize/work/USCT_repro/USCT_download/c5_wavefield_data/smoke64src_train20_val5/train/train_14.npz,5,348,47,0.5973024964332581,0.16057009994983673
13,/home/featurize/work/USCT_repro/USCT_download/c5_wavefield_data/smoke64src_train20_val5/train/train_14.npz,6,366,58,0.5448842644691467,0.1458495408296585
13,/home/featurize/work/USCT_repro/USCT_download/c5_wavefield_data/smoke64src_train20_val5/train/train_14.npz,7,383,71,0.5184270143508911,0.14643988013267517
13,/home/featurize/work/USCT_repro/USCT_download/c5_wavefield_data/smoke64src_train20_val5/train/train_14.npz,8,398,85,0.5093311071395874,0.1333645135164261
13,/home/featurize/work/USCT_repro/USCT_download/c5_wavefield_data/smoke64src_train20_val5/train/train_14.npz,9,412,101,0.5103906393051147,0.14422167837619781
13,/home/featurize/work/USCT_repro/USCT_download/c5_wavefield_data/smoke64src_train20_val5/train/train_14.npz,10,425,119,0.5211837291717529,0.15045468509197235
13,/home/featurize/work/USCT_repro/USCT_download/c5_wavefield_data/smoke64src_train20_val5/train/train_14.npz,11,436,137,0.5160276293754578,0.14530785381793976
13,/home/featurize/work/USCT_repro/USCT_download/c5_wavefield_data/smoke64src_train20_val5/train/train_14.npz,12,445,156,0.5106315612792969,0.156875342130661
13,/home/featurize/work/USCT_repro/USCT_download/c5_wavefield_data/smoke64src_train20_val5/train/train_14.npz,13,452,176,0.5257487297058105,0.15564027428627014
13,/home/featurize/work/USCT_repro/USCT_download/c5_wavefield_data/smoke64src_train20_val5/train/train_14.npz,14,457,197,0.5441373586654663,0.15645207464694977
13,/home/featurize/work/USCT_repro/USCT_download/c5_wavefield_data/smoke64src_train20_val5/train/train_14.npz,15,460,218,0.5442585349082947,0.16619114577770233
13,/home/featurize/work/USCT_repro/USCT_download/c5_wavefield_data/smoke64src_train20_val5/train/train_14.npz,16,461,245,0.5466765761375427,0.15794086456298828
13,/home/featurize/work/USCT_repro/USCT_download/c5_wavefield_data/smoke64src_train20_val5/train/train_14.npz,17,460,266,0.5225288271903992,0.15455172955989838
13,/home/featurize/work/USCT_repro/USCT_download/c5_wavefield_data/smoke64src_train20_val5/train/train_14.npz,18,456,287,0.5248687863349915,0.15100304782390594
13,/home/featurize/work/USCT_repro/USCT_download/c5_wavefield_data/smoke64src_train20_val5/train/train_14.npz,19,451,308,0.5210910439491272,0.15591737627983093
13,/home/featurize/work/USCT_repro/USCT_download/c5_wavefield_data/smoke64src_train20_val5/train/train_14.npz,20,443,328,0.5034761428833008,0.16641680896282196
13,/home/featurize/work/USCT_repro/USCT_download/c5_wavefield_data/smoke64src_train20_val5/train/train_14.npz,21,434,347,0.49710357189178467,0.15703940391540527
13,/home/featurize/work/USCT_repro/USCT_download/c5_wavefield_data/smoke64src_train20_val5/train/train_14.npz,22,423,365,0.4982161819934845,0.1458774358034134
13,/home/featurize/work/USCT_repro/USCT_download/c5_wavefield_data/smoke64src_train20_val5/train/train_14.npz,23,410,382,0.5162988901138306,0.15346933901309967
13,/home/featurize/work/USCT_repro/USCT_download/c5_wavefield_data/smoke64src_train20_val5/train/train_14.npz,24,395,397,0.5334776639938354,0.15159258246421814
13,/home/featurize/work/USCT_repro/USCT_download/c5_wavefield_data/smoke64src_train20_val5/train/train_14.npz,25,380,412,0.5514864921569824,0.16752754151821136
13,/home/featurize/work/USCT_repro/USCT_download/c5_wavefield_data/smoke64src_train20_val5/train/train_14.npz,26,362,424,0.5396064519882202,0.15675723552703857
13,/home/featurize/work/USCT_repro/USCT_download/c5_wavefield_data/smoke64src_train20_val5/train/train_14.npz,27,344,435,0.5650505423545837,0.13028842210769653
13,/home/featurize/work/USCT_repro/USCT_download/c5_wavefield_data/smoke64src_train20_val5/train/train_14.npz,28,325,444,0.5574082732200623,0.1474532037973404
13,/home/featurize/work/USCT_repro/USCT_download/c5_wavefield_data/smoke64src_train20_val5/train/train_14.npz,29,305,451,0.5654745101928711,0.1555626094341278
13,/home/featurize/work/USCT_repro/USCT_download/c5_wavefield_data/smoke64src_train20_val5/train/train_14.npz,30,284,457,0.5667360424995422,0.16343070566654205
13,/home/featurize/work/USCT_repro/USCT_download/c5_wavefield_data/smoke64src_train20_val5/train/train_14.npz,31,263,460,0.5593043565750122,0.15889136493206024
13,/home/featurize/work/USCT_repro/USCT_download/c5_wavefield_data/smoke64src_train20_val5/train/train_14.npz,32,235,461,0.5448085069656372,0.153791144490242
13,/home/featurize/work/USCT_repro/USCT_download/c5_wavefield_data/smoke64src_train20_val5/train/train_14.npz,33,214,460,0.5583995580673218,0.157074436545372
13,/home/featurize/work/USCT_repro/USCT_download/c5_wavefield_data/smoke64src_train20_val5/train/train_14.npz,34,193,456,0.551365077495575,0.16076593101024628
13,/home/featurize/work/USCT_repro/USCT_download/c5_wavefield_data/smoke64src_train20_val5/train/train_14.npz,35,173,451,0.5548611283302307,0.1549806445837021
13,/home/featurize/work/USCT_repro/USCT_download/c5_wavefield_data/smoke64src_train20_val5/train/train_14.npz,36,153,443,0.5456170439720154,0.15728029608726501
13,/home/featurize/work/USCT_repro/USCT_download/c5_wavefield_data/smoke64src_train20_val5/train/train_14.npz,37,134,434,0.5534448623657227,0.16357694566249847
13,/home/featurize/work/USCT_repro/USCT_download/c5_wavefield_data/smoke64src_train20_val5/train/train_14.npz,38,115,423,0.5297067761421204,0.12640011310577393
13,/home/featurize/work/USCT_repro/USCT_download/c5_wavefield_data/smoke64src_train20_val5/train/train_14.npz,39,98,410,0.5045346021652222,0.13494117558002472
13,/home/featurize/work/USCT_repro/USCT_download/c5_wavefield_data/smoke64src_train20_val5/train/train_14.npz,40,83,396,0.48956435918807983,0.14086729288101196
13,/home/featurize/work/USCT_repro/USCT_download/c5_wavefield_data/smoke64src_train20_val5/train/train_14.npz,41,69,380,0.5001859664916992,0.16189013421535492
13,/home/featurize/work/USCT_repro/USCT_download/c5_wavefield_data/smoke64src_train20_val5/train/train_14.npz,42,56,363,0.5121963024139404,0.14774802327156067
13,/home/featurize/work/USCT_repro/USCT_download/c5_wavefield_data/smoke64src_train20_val5/train/train_14.npz,43,45,344,0.49564847350120544,0.13710516691207886
13,/home/featurize/work/USCT_repro/USCT_download/c5_wavefield_data/smoke64src_train20_val5/train/train_14.npz,44,36,325,0.4954701364040375,0.1477629393339157
13,/home/featurize/work/USCT_repro/USCT_download/c5_wavefield_data/smoke64src_train20_val5/train/train_14.npz,45,29,305,0.5322956442832947,0.1627851277589798
13,/home/featurize/work/USCT_repro/USCT_download/c5_wavefield_data/smoke64src_train20_val5/train/train_14.npz,46,23,285,0.5386828780174255,0.14542077481746674
13,/home/featurize/work/USCT_repro/USCT_download/c5_wavefield_data/smoke64src_train20_val5/train/train_14.npz,47,20,264,0.548426628112793,0.1464628130197525
13,/home/featurize/work/USCT_repro/USCT_download/c5_wavefield_data/smoke64src_train20_val5/train/train_14.npz,48,19,236,0.531052827835083,0.14104682207107544
13,/home/featurize/work/USCT_repro/USCT_download/c5_wavefield_data/smoke64src_train20_val5/train/train_14.npz,49,20,215,0.5284786224365234,0.1525496244430542
13,/home/featurize/work/USCT_repro/USCT_download/c5_wavefield_data/smoke64src_train20_val5/train/train_14.npz,50,24,194,0.5111197829246521,0.14454253017902374
13,/home/featurize/work/USCT_repro/USCT_download/c5_wavefield_data/smoke64src_train20_val5/train/train_14.npz,51,29,174,0.5108850598335266,0.14281661808490753
13,/home/featurize/work/USCT_repro/USCT_download/c5_wavefield_data/smoke64src_train20_val5/train/train_14.npz,52,36,154,0.5085394978523254,0.14460891485214233
13,/home/featurize/work/USCT_repro/USCT_download/c5_wavefield_data/smoke64src_train20_val5/train/train_14.npz,53,46,135,0.5024431943893433,0.17004132270812988
13,/home/featurize/work/USCT_repro/USCT_download/c5_wavefield_data/smoke64src_train20_val5/train/train_14.npz,54,57,116,0.48207584023475647,0.15253938734531403
13,/home/featurize/work/USCT_repro/USCT_download/c5_wavefield_data/smoke64src_train20_val5/train/train_14.npz,55,69,99,0.489317387342453,0.16629454493522644
13,/home/featurize/work/USCT_repro/USCT_download/c5_wavefield_data/smoke64src_train20_val5/train/train_14.npz,56,84,84,0.5000330805778503,0.15225204825401306
13,/home/featurize/work/USCT_repro/USCT_download/c5_wavefield_data/smoke64src_train20_val5/train/train_14.npz,57,99,69,0.5029769539833069,0.1494213044643402
13,/home/featurize/work/USCT_repro/USCT_download/c5_wavefield_data/smoke64src_train20_val5/train/train_14.npz,58,116,57,0.4824639856815338,0.14574992656707764
13,/home/featurize/work/USCT_repro/USCT_download/c5_wavefield_data/smoke64src_train20_val5/train/train_14.npz,59,135,46,0.4822653532028198,0.14386413991451263
13,/home/featurize/work/USCT_repro/USCT_download/c5_wavefield_data/smoke64src_train20_val5/train/train_14.npz,60,154,36,0.48660528659820557,0.1449672430753708
13,/home/featurize/work/USCT_repro/USCT_download/c5_wavefield_data/smoke64src_train20_val5/train/train_14.npz,61,174,29,0.5020796060562134,0.14960867166519165
13,/home/featurize/work/USCT_repro/USCT_download/c5_wavefield_data/smoke64src_train20_val5/train/train_14.npz,62,194,24,0.519658625125885,0.1522706151008606
13,/home/featurize/work/USCT_repro/USCT_download/c5_wavefield_data/smoke64src_train20_val5/train/train_14.npz,63,215,20,0.5567406415939331,0.1652795523405075
14,/home/featurize/work/USCT_repro/USCT_download/c5_wavefield_data/smoke64src_train20_val5/train/train_15.npz,0,246,19,0.5359812378883362,0.14946962893009186
14,/home/featurize/work/USCT_repro/USCT_download/c5_wavefield_data/smoke64src_train20_val5/train/train_15.npz,1,267,20,0.5293794870376587,0.13677635788917542
14,/home/featurize/work/USCT_repro/USCT_download/c5_wavefield_data/smoke64src_train20_val5/train/train_15.npz,2,288,24,0.5097144842147827,0.13400456309318542
14,/home/featurize/work/USCT_repro/USCT_download/c5_wavefield_data/smoke64src_train20_val5/train/train_15.npz,3,309,30,0.4873901307582855,0.14115825295448303
14,/home/featurize/work/USCT_repro/USCT_download/c5_wavefield_data/smoke64src_train20_val5/train/train_15.npz,4,329,37,0.48964276909828186,0.14018514752388
14,/home/featurize/work/USCT_repro/USCT_download/c5_wavefield_data/smoke64src_train20_val5/train/train_15.npz,5,348,47,0.5093276500701904,0.16159777343273163
14,/home/featurize/work/USCT_repro/USCT_download/c5_wavefield_data/smoke64src_train20_val5/train/train_15.npz,6,366,58,0.5101804137229919,0.16439732909202576
14,/home/featurize/work/USCT_repro/USCT_download/c5_wavefield_data/smoke64src_train20_val5/train/train_15.npz,7,383,71,0.503577470779419,0.1592177301645279
14,/home/featurize/work/USCT_repro/USCT_download/c5_wavefield_data/smoke64src_train20_val5/train/train_15.npz,8,398,85,0.49898961186408997,0.15224547684192657
14,/home/featurize/work/USCT_repro/USCT_download/c5_wavefield_data/smoke64src_train20_val5/train/train_15.npz,9,412,101,0.5037335753440857,0.15131816267967224
14,/home/featurize/work/USCT_repro/USCT_download/c5_wavefield_data/smoke64src_train20_val5/train/train_15.npz,10,425,119,0.5182415843009949,0.17178350687026978
14,/home/featurize/work/USCT_repro/USCT_download/c5_wavefield_data/smoke64src_train20_val5/train/train_15.npz,11,436,137,0.536639392375946,0.1602318286895752
14,/home/featurize/work/USCT_repro/USCT_download/c5_wavefield_data/smoke64src_train20_val5/train/train_15.npz,12,445,156,0.5416620373725891,0.15656587481498718
14,/home/featurize/work/USCT_repro/USCT_download/c5_wavefield_data/smoke64src_train20_val5/train/train_15.npz,13,452,176,0.5494006276130676,0.15652650594711304
14,/home/featurize/work/USCT_repro/USCT_download/c5_wavefield_data/smoke64src_train20_val5/train/train_15.npz,14,457,197,0.5603453516960144,0.19017541408538818
14,/home/featurize/work/USCT_repro/USCT_download/c5_wavefield_data/smoke64src_train20_val5/train/train_15.npz,15,460,218,0.5460918545722961,0.17662039399147034
14,/home/featurize/work/USCT_repro/USCT_download/c5_wavefield_data/smoke64src_train20_val5/train/train_15.npz,16,461,245,0.5542961955070496,0.15869542956352234
14,/home/featurize/work/USCT_repro/USCT_download/c5_wavefield_data/smoke64src_train20_val5/train/train_15.npz,17,460,266,0.5623602867126465,0.16538996994495392
14,/home/featurize/work/USCT_repro/USCT_download/c5_wavefield_data/smoke64src_train20_val5/train/train_15.npz,18,456,287,0.5711055994033813,0.1760062575340271
14,/home/featurize/work/USCT_repro/USCT_download/c5_wavefield_data/smoke64src_train20_val5/train/train_15.npz,19,451,308,0.5812644958496094,0.18345403671264648
14,/home/featurize/work/USCT_repro/USCT_download/c5_wavefield_data/smoke64src_train20_val5/train/train_15.npz,20,443,328,0.5617694854736328,0.1699284464120865
14,/home/featurize/work/USCT_repro/USCT_download/c5_wavefield_data/smoke64src_train20_val5/train/train_15.npz,21,434,347,0.5756833553314209,0.16593104600906372
14,/home/featurize/work/USCT_repro/USCT_download/c5_wavefield_data/smoke64src_train20_val5/train/train_15.npz,22,423,365,0.5833542943000793,0.1791982352733612
14,/home/featurize/work/USCT_repro/USCT_download/c5_wavefield_data/smoke64src_train20_val5/train/train_15.npz,23,410,382,0.5982133150100708,0.16786129772663116
14,/home/featurize/work/USCT_repro/USCT_download/c5_wavefield_data/smoke64src_train20_val5/train/train_15.npz,24,395,397,0.5671667456626892,0.16323330998420715
14,/home/featurize/work/USCT_repro/USCT_download/c5_wavefield_data/smoke64src_train20_val5/train/train_15.npz,25,380,412,0.5593657493591309,0.17974498867988586
14,/home/featurize/work/USCT_repro/USCT_download/c5_wavefield_data/smoke64src_train20_val5/train/train_15.npz,26,362,424,0.549374520778656,0.1807311475276947
14,/home/featurize/work/USCT_repro/USCT_download/c5_wavefield_data/smoke64src_train20_val5/train/train_15.npz,27,344,435,0.5242558717727661,0.14498350024223328
14,/home/featurize/work/USCT_repro/USCT_download/c5_wavefield_data/smoke64src_train20_val5/train/train_15.npz,28,325,444,0.5387849807739258,0.1523318588733673
14,/home/featurize/work/USCT_repro/USCT_download/c5_wavefield_data/smoke64src_train20_val5/train/train_15.npz,29,305,451,0.544987678527832,0.15745343267917633
14,/home/featurize/work/USCT_repro/USCT_download/c5_wavefield_data/smoke64src_train20_val5/train/train_15.npz,30,284,457,0.561407744884491,0.1686762273311615
14,/home/featurize/work/USCT_repro/USCT_download/c5_wavefield_data/smoke64src_train20_val5/train/train_15.npz,31,263,460,0.5538450479507446,0.1523778736591339
14,/home/featurize/work/USCT_repro/USCT_download/c5_wavefield_data/smoke64src_train20_val5/train/train_15.npz,32,235,461,0.5409146547317505,0.15660080313682556
14,/home/featurize/work/USCT_repro/USCT_download/c5_wavefield_data/smoke64src_train20_val5/train/train_15.npz,33,214,460,0.5420354604721069,0.15950289368629456
14,/home/featurize/work/USCT_repro/USCT_download/c5_wavefield_data/smoke64src_train20_val5/train/train_15.npz,34,193,456,0.5632574558258057,0.15394024550914764
14,/home/featurize/work/USCT_repro/USCT_download/c5_wavefield_data/smoke64src_train20_val5/train/train_15.npz,35,173,451,0.5749954581260681,0.16274796426296234
14,/home/featurize/work/USCT_repro/USCT_download/c5_wavefield_data/smoke64src_train20_val5/train/train_15.npz,36,153,443,0.562945544719696,0.15522469580173492
14,/home/featurize/work/USCT_repro/USCT_download/c5_wavefield_data/smoke64src_train20_val5/train/train_15.npz,37,134,434,0.5739496350288391,0.166076198220253
14,/home/featurize/work/USCT_repro/USCT_download/c5_wavefield_data/smoke64src_train20_val5/train/train_15.npz,38,115,423,0.5304555892944336,0.15207071602344513
14,/home/featurize/work/USCT_repro/USCT_download/c5_wavefield_data/smoke64src_train20_val5/train/train_15.npz,39,98,410,0.5296421647071838,0.15678264200687408
14,/home/featurize/work/USCT_repro/USCT_download/c5_wavefield_data/smoke64src_train20_val5/train/train_15.npz,40,83,396,0.51309734582901,0.15927496552467346
14,/home/featurize/work/USCT_repro/USCT_download/c5_wavefield_data/smoke64src_train20_val5/train/train_15.npz,41,69,380,0.5387845635414124,0.1487274318933487
14,/home/featurize/work/USCT_repro/USCT_download/c5_wavefield_data/smoke64src_train20_val5/train/train_15.npz,42,56,363,0.5724773406982422,0.1676548421382904
14,/home/featurize/work/USCT_repro/USCT_download/c5_wavefield_data/smoke64src_train20_val5/train/train_15.npz,43,45,344,0.583732008934021,0.15269485116004944
14,/home/featurize/work/USCT_repro/USCT_download/c5_wavefield_data/smoke64src_train20_val5/train/train_15.npz,44,36,325,0.592253565788269,0.15800251066684723
14,/home/featurize/work/USCT_repro/USCT_download/c5_wavefield_data/smoke64src_train20_val5/train/train_15.npz,45,29,305,0.5646452307701111,0.1643957495689392
14,/home/featurize/work/USCT_repro/USCT_download/c5_wavefield_data/smoke64src_train20_val5/train/train_15.npz,46,23,285,0.5432390570640564,0.1641288697719574
14,/home/featurize/work/USCT_repro/USCT_download/c5_wavefield_data/smoke64src_train20_val5/train/train_15.npz,47,20,264,0.5379229187965393,0.17221757769584656
14,/home/featurize/work/USCT_repro/USCT_download/c5_wavefield_data/smoke64src_train20_val5/train/train_15.npz,48,19,236,0.5172044038772583,0.15120239555835724
14,/home/featurize/work/USCT_repro/USCT_download/c5_wavefield_data/smoke64src_train20_val5/train/train_15.npz,49,20,215,0.5356852412223816,0.16187822818756104
14,/home/featurize/work/USCT_repro/USCT_download/c5_wavefield_data/smoke64src_train20_val5/train/train_15.npz,50,24,194,0.5396031141281128,0.16050782799720764
14,/home/featurize/work/USCT_repro/USCT_download/c5_wavefield_data/smoke64src_train20_val5/train/train_15.npz,51,29,174,0.5635334849357605,0.17282931506633759
14,/home/featurize/work/USCT_repro/USCT_download/c5_wavefield_data/smoke64src_train20_val5/train/train_15.npz,52,36,154,0.5609901547431946,0.16942143440246582
14,/home/featurize/work/USCT_repro/USCT_download/c5_wavefield_data/smoke64src_train20_val5/train/train_15.npz,53,46,135,0.5524566173553467,0.1666405200958252
14,/home/featurize/work/USCT_repro/USCT_download/c5_wavefield_data/smoke64src_train20_val5/train/train_15.npz,54,57,116,0.5448797345161438,0.16533955931663513
14,/home/featurize/work/USCT_repro/USCT_download/c5_wavefield_data/smoke64src_train20_val5/train/train_15.npz,55,69,99,0.5500621199607849,0.16514341533184052
14,/home/featurize/work/USCT_repro/USCT_download/c5_wavefield_data/smoke64src_train20_val5/train/train_15.npz,56,84,84,0.5379706621170044,0.1535496860742569
14,/home/featurize/work/USCT_repro/USCT_download/c5_wavefield_data/smoke64src_train20_val5/train/train_15.npz,57,99,69,0.5434725284576416,0.1586225926876068
14,/home/featurize/work/USCT_repro/USCT_download/c5_wavefield_data/smoke64src_train20_val5/train/train_15.npz,58,116,57,0.546254575252533,0.16448235511779785
14,/home/featurize/work/USCT_repro/USCT_download/c5_wavefield_data/smoke64src_train20_val5/train/train_15.npz,59,135,46,0.5566643476486206,0.16918429732322693
14,/home/featurize/work/USCT_repro/USCT_download/c5_wavefield_data/smoke64src_train20_val5/train/train_15.npz,60,154,36,0.5706980228424072,0.1686556041240692
14,/home/featurize/work/USCT_repro/USCT_download/c5_wavefield_data/smoke64src_train20_val5/train/train_15.npz,61,174,29,0.5595248341560364,0.15910184383392334
14,/home/featurize/work/USCT_repro/USCT_download/c5_wavefield_data/smoke64src_train20_val5/train/train_15.npz,62,194,24,0.5483347177505493,0.1524055004119873
14,/home/featurize/work/USCT_repro/USCT_download/c5_wavefield_data/smoke64src_train20_val5/train/train_15.npz,63,215,20,0.535520613193512,0.14349599182605743
15,/home/featurize/work/USCT_repro/USCT_download/c5_wavefield_data/smoke64src_train20_val5/train/train_16.npz,0,246,19,0.5755645036697388,0.16258344054222107
15,/home/featurize/work/USCT_repro/USCT_download/c5_wavefield_data/smoke64src_train20_val5/train/train_16.npz,1,267,20,0.5867120623588562,0.16729414463043213
15,/home/featurize/work/USCT_repro/USCT_download/c5_wavefield_data/smoke64src_train20_val5/train/train_16.npz,2,288,24,0.5895183682441711,0.1493125557899475
15,/home/featurize/work/USCT_repro/USCT_download/c5_wavefield_data/smoke64src_train20_val5/train/train_16.npz,3,309,30,0.5788334012031555,0.16200408339500427
15,/home/featurize/work/USCT_repro/USCT_download/c5_wavefield_data/smoke64src_train20_val5/train/train_16.npz,4,329,37,0.5759971141815186,0.18950894474983215
15,/home/featurize/work/USCT_repro/USCT_download/c5_wavefield_data/smoke64src_train20_val5/train/train_16.npz,5,348,47,0.5583972334861755,0.1808292716741562
15,/home/featurize/work/USCT_repro/USCT_download/c5_wavefield_data/smoke64src_train20_val5/train/train_16.npz,6,366,58,0.5566166639328003,0.18022873997688293
15,/home/featurize/work/USCT_repro/USCT_download/c5_wavefield_data/smoke64src_train20_val5/train/train_16.npz,7,383,71,0.5519744753837585,0.1659807711839676
15,/home/featurize/work/USCT_repro/USCT_download/c5_wavefield_data/smoke64src_train20_val5/train/train_16.npz,8,398,85,0.5591521263122559,0.16032052040100098
15,/home/featurize/work/USCT_repro/USCT_download/c5_wavefield_data/smoke64src_train20_val5/train/train_16.npz,9,412,101,0.5826656222343445,0.1887912154197693
15,/home/featurize/work/USCT_repro/USCT_download/c5_wavefield_data/smoke64src_train20_val5/train/train_16.npz,10,425,119,0.5882627964019775,0.18216021358966827
15,/home/featurize/work/USCT_repro/USCT_download/c5_wavefield_data/smoke64src_train20_val5/train/train_16.npz,11,436,137,0.5923497676849365,0.18513457477092743
15,/home/featurize/work/USCT_repro/USCT_download/c5_wavefield_data/smoke64src_train20_val5/train/train_16.npz,12,445,156,0.5975936055183411,0.1709771603345871
15,/home/featurize/work/USCT_repro/USCT_download/c5_wavefield_data/smoke64src_train20_val5/train/train_16.npz,13,452,176,0.5761783719062805,0.1649479866027832
15,/home/featurize/work/USCT_repro/USCT_download/c5_wavefield_data/smoke64src_train20_val5/train/train_16.npz,14,457,197,0.5828386545181274,0.17187617719173431
15,/home/featurize/work/USCT_repro/USCT_download/c5_wavefield_data/smoke64src_train20_val5/train/train_16.npz,15,460,218,0.5798269510269165,0.1855052411556244
15,/home/featurize/work/USCT_repro/USCT_download/c5_wavefield_data/smoke64src_train20_val5/train/train_16.npz,16,461,245,0.6059045791625977,0.1618136763572693
15,/home/featurize/work/USCT_repro/USCT_download/c5_wavefield_data/smoke64src_train20_val5/train/train_16.npz,17,460,266,0.6130313873291016,0.1709667444229126
15,/home/featurize/work/USCT_repro/USCT_download/c5_wavefield_data/smoke64src_train20_val5/train/train_16.npz,18,456,287,0.6211631298065186,0.16467446088790894
15,/home/featurize/work/USCT_repro/USCT_download/c5_wavefield_data/smoke64src_train20_val5/train/train_16.npz,19,451,308,0.5861348509788513,0.17118674516677856
15,/home/featurize/work/USCT_repro/USCT_download/c5_wavefield_data/smoke64src_train20_val5/train/train_16.npz,20,443,328,0.557308554649353,0.18462152779102325
15,/home/featurize/work/USCT_repro/USCT_download/c5_wavefield_data/smoke64src_train20_val5/train/train_16.npz,21,434,347,0.5631921291351318,0.18804720044136047
15,/home/featurize/work/USCT_repro/USCT_download/c5_wavefield_data/smoke64src_train20_val5/train/train_16.npz,22,423,365,0.5735070109367371,0.16557659208774567
15,/home/featurize/work/USCT_repro/USCT_download/c5_wavefield_data/smoke64src_train20_val5/train/train_16.npz,23,410,382,0.5963959097862244,0.17751720547676086
15,/home/featurize/work/USCT_repro/USCT_download/c5_wavefield_data/smoke64src_train20_val5/train/train_16.npz,24,395,397,0.6101154685020447,0.1897529661655426
15,/home/featurize/work/USCT_repro/USCT_download/c5_wavefield_data/smoke64src_train20_val5/train/train_16.npz,25,380,412,0.6062009930610657,0.1813042014837265
15,/home/featurize/work/USCT_repro/USCT_download/c5_wavefield_data/smoke64src_train20_val5/train/train_16.npz,26,362,424,0.5788756012916565,0.1723691076040268
15,/home/featurize/work/USCT_repro/USCT_download/c5_wavefield_data/smoke64src_train20_val5/train/train_16.npz,27,344,435,0.5757009983062744,0.17508043348789215
15,/home/featurize/work/USCT_repro/USCT_download/c5_wavefield_data/smoke64src_train20_val5/train/train_16.npz,28,325,444,0.5952194333076477,0.17540907859802246
15,/home/featurize/work/USCT_repro/USCT_download/c5_wavefield_data/smoke64src_train20_val5/train/train_16.npz,29,305,451,0.592405378818512,0.16443833708763123
15,/home/featurize/work/USCT_repro/USCT_download/c5_wavefield_data/smoke64src_train20_val5/train/train_16.npz,30,284,457,0.5994072556495667,0.20339445769786835
15,/home/featurize/work/USCT_repro/USCT_download/c5_wavefield_data/smoke64src_train20_val5/train/train_16.npz,31,263,460,0.5865716934204102,0.17367461323738098
15,/home/featurize/work/USCT_repro/USCT_download/c5_wavefield_data/smoke64src_train20_val5/train/train_16.npz,32,235,461,0.5826908349990845,0.17163871228694916
15,/home/featurize/work/USCT_repro/USCT_download/c5_wavefield_data/smoke64src_train20_val5/train/train_16.npz,33,214,460,0.6066612005233765,0.18828052282333374
15,/home/featurize/work/USCT_repro/USCT_download/c5_wavefield_data/smoke64src_train20_val5/train/train_16.npz,34,193,456,0.6285698413848877,0.19042667746543884
15,/home/featurize/work/USCT_repro/USCT_download/c5_wavefield_data/smoke64src_train20_val5/train/train_16.npz,35,173,451,0.6419538855552673,0.2038949728012085
15,/home/featurize/work/USCT_repro/USCT_download/c5_wavefield_data/smoke64src_train20_val5/train/train_16.npz,36,153,443,0.633472204208374,0.18732792139053345
15,/home/featurize/work/USCT_repro/USCT_download/c5_wavefield_data/smoke64src_train20_val5/train/train_16.npz,37,134,434,0.6228269338607788,0.19561955332756042
15,/home/featurize/work/USCT_repro/USCT_download/c5_wavefield_data/smoke64src_train20_val5/train/train_16.npz,38,115,423,0.5982708930969238,0.17746670544147491
15,/home/featurize/work/USCT_repro/USCT_download/c5_wavefield_data/smoke64src_train20_val5/train/train_16.npz,39,98,410,0.6476996541023254,0.18067994713783264
15,/home/featurize/work/USCT_repro/USCT_download/c5_wavefield_data/smoke64src_train20_val5/train/train_16.npz,40,83,396,0.6487488746643066,0.20945918560028076
15,/home/featurize/work/USCT_repro/USCT_download/c5_wavefield_data/smoke64src_train20_val5/train/train_16.npz,41,69,380,0.6137635111808777,0.17620046436786652
15,/home/featurize/work/USCT_repro/USCT_download/c5_wavefield_data/smoke64src_train20_val5/train/train_16.npz,42,56,363,0.5891603231430054,0.1752982884645462
15,/home/featurize/work/USCT_repro/USCT_download/c5_wavefield_data/smoke64src_train20_val5/train/train_16.npz,43,45,344,0.5737096071243286,0.18381987512111664
15,/home/featurize/work/USCT_repro/USCT_download/c5_wavefield_data/smoke64src_train20_val5/train/train_16.npz,44,36,325,0.6020450592041016,0.20722392201423645
15,/home/featurize/work/USCT_repro/USCT_download/c5_wavefield_data/smoke64src_train20_val5/train/train_16.npz,45,29,305,0.6145021915435791,0.20263445377349854
15,/home/featurize/work/USCT_repro/USCT_download/c5_wavefield_data/smoke64src_train20_val5/train/train_16.npz,46,23,285,0.6407808065414429,0.19459493458271027
15,/home/featurize/work/USCT_repro/USCT_download/c5_wavefield_data/smoke64src_train20_val5/train/train_16.npz,47,20,264,0.6300082206726074,0.19150009751319885
15,/home/featurize/work/USCT_repro/USCT_download/c5_wavefield_data/smoke64src_train20_val5/train/train_16.npz,48,19,236,0.6326936483383179,0.19604013860225677
15,/home/featurize/work/USCT_repro/USCT_download/c5_wavefield_data/smoke64src_train20_val5/train/train_16.npz,49,20,215,0.623477578163147,0.19187530875205994
15,/home/featurize/work/USCT_repro/USCT_download/c5_wavefield_data/smoke64src_train20_val5/train/train_16.npz,50,24,194,0.6050878763198853,0.1784294992685318
15,/home/featurize/work/USCT_repro/USCT_download/c5_wavefield_data/smoke64src_train20_val5/train/train_16.npz,51,29,174,0.5943313837051392,0.1876363754272461
15,/home/featurize/work/USCT_repro/USCT_download/c5_wavefield_data/smoke64src_train20_val5/train/train_16.npz,52,36,154,0.6023581027984619,0.19150978326797485
15,/home/featurize/work/USCT_repro/USCT_download/c5_wavefield_data/smoke64src_train20_val5/train/train_16.npz,53,46,135,0.599721372127533,0.18283073604106903
15,/home/featurize/work/USCT_repro/USCT_download/c5_wavefield_data/smoke64src_train20_val5/train/train_16.npz,54,57,116,0.5575377941131592,0.17680534720420837
15,/home/featurize/work/USCT_repro/USCT_download/c5_wavefield_data/smoke64src_train20_val5/train/train_16.npz,55,69,99,0.5582419037818909,0.1608494371175766
15,/home/featurize/work/USCT_repro/USCT_download/c5_wavefield_data/smoke64src_train20_val5/train/train_16.npz,56,84,84,0.5541186928749084,0.1622559130191803
15,/home/featurize/work/USCT_repro/USCT_download/c5_wavefield_data/smoke64src_train20_val5/train/train_16.npz,57,99,69,0.5955548882484436,0.1734744757413864
15,/home/featurize/work/USCT_repro/USCT_download/c5_wavefield_data/smoke64src_train20_val5/train/train_16.npz,58,116,57,0.6086875796318054,0.19259393215179443
15,/home/featurize/work/USCT_repro/USCT_download/c5_wavefield_data/smoke64src_train20_val5/train/train_16.npz,59,135,46,0.6025930047035217,0.16484948992729187
15,/home/featurize/work/USCT_repro/USCT_download/c5_wavefield_data/smoke64src_train20_val5/train/train_16.npz,60,154,36,0.5910141468048096,0.16383610665798187
15,/home/featurize/work/USCT_repro/USCT_download/c5_wavefield_data/smoke64src_train20_val5/train/train_16.npz,61,174,29,0.5683709383010864,0.16913938522338867
15,/home/featurize/work/USCT_repro/USCT_download/c5_wavefield_data/smoke64src_train20_val5/train/train_16.npz,62,194,24,0.5593764185905457,0.16205328702926636
15,/home/featurize/work/USCT_repro/USCT_download/c5_wavefield_data/smoke64src_train20_val5/train/train_16.npz,63,215,20,0.5742303133010864,0.1855660378932953
16,/home/featurize/work/USCT_repro/USCT_download/c5_wavefield_data/smoke64src_train20_val5/train/train_17.npz,0,246,19,0.6355160474777222,0.1855977475643158
16,/home/featurize/work/USCT_repro/USCT_download/c5_wavefield_data/smoke64src_train20_val5/train/train_17.npz,1,267,20,0.6612241864204407,0.18510118126869202
16,/home/featurize/work/USCT_repro/USCT_download/c5_wavefield_data/smoke64src_train20_val5/train/train_17.npz,2,288,24,0.6860265731811523,0.17539218068122864
16,/home/featurize/work/USCT_repro/USCT_download/c5_wavefield_data/smoke64src_train20_val5/train/train_17.npz,3,309,30,0.6670632362365723,0.1750638633966446
16,/home/featurize/work/USCT_repro/USCT_download/c5_wavefield_data/smoke64src_train20_val5/train/train_17.npz,4,329,37,0.6361265778541565,0.17485979199409485
16,/home/featurize/work/USCT_repro/USCT_download/c5_wavefield_data/smoke64src_train20_val5/train/train_17.npz,5,348,47,0.59159255027771,0.18517106771469116
16,/home/featurize/work/USCT_repro/USCT_download/c5_wavefield_data/smoke64src_train20_val5/train/train_17.npz,6,366,58,0.5714017748832703,0.16963088512420654
16,/home/featurize/work/USCT_repro/USCT_download/c5_wavefield_data/smoke64src_train20_val5/train/train_17.npz,7,383,71,0.5631781220436096,0.16129136085510254
16,/home/featurize/work/USCT_repro/USCT_download/c5_wavefield_data/smoke64src_train20_val5/train/train_17.npz,8,398,85,0.561000645160675,0.14666630327701569
16,/home/featurize/work/USCT_repro/USCT_download/c5_wavefield_data/smoke64src_train20_val5/train/train_17.npz,9,412,101,0.5896139144897461,0.17802175879478455
16,/home/featurize/work/USCT_repro/USCT_download/c5_wavefield_data/smoke64src_train20_val5/train/train_17.npz,10,425,119,0.5686187148094177,0.15981058776378632
16,/home/featurize/work/USCT_repro/USCT_download/c5_wavefield_data/smoke64src_train20_val5/train/train_17.npz,11,436,137,0.5644862651824951,0.16520974040031433
16,/home/featurize/work/USCT_repro/USCT_download/c5_wavefield_data/smoke64src_train20_val5/train/train_17.npz,12,445,156,0.5897840857505798,0.18117032945156097
16,/home/featurize/work/USCT_repro/USCT_download/c5_wavefield_data/smoke64src_train20_val5/train/train_17.npz,13,452,176,0.5914451479911804,0.17899926006793976
16,/home/featurize/work/USCT_repro/USCT_download/c5_wavefield_data/smoke64src_train20_val5/train/train_17.npz,14,457,197,0.6076481938362122,0.18105176091194153
16,/home/featurize/work/USCT_repro/USCT_download/c5_wavefield_data/smoke64src_train20_val5/train/train_17.npz,15,460,218,0.6035043001174927,0.17715629935264587
16,/home/featurize/work/USCT_repro/USCT_download/c5_wavefield_data/smoke64src_train20_val5/train/train_17.npz,16,461,245,0.5983125567436218,0.18000121414661407
16,/home/featurize/work/USCT_repro/USCT_download/c5_wavefield_data/smoke64src_train20_val5/train/train_17.npz,17,460,266,0.5820203423500061,0.18477043509483337
16,/home/featurize/work/USCT_repro/USCT_download/c5_wavefield_data/smoke64src_train20_val5/train/train_17.npz,18,456,287,0.5747770667076111,0.18720141053199768
16,/home/featurize/work/USCT_repro/USCT_download/c5_wavefield_data/smoke64src_train20_val5/train/train_17.npz,19,451,308,0.577223539352417,0.17551903426647186
16,/home/featurize/work/USCT_repro/USCT_download/c5_wavefield_data/smoke64src_train20_val5/train/train_17.npz,20,443,328,0.5751447081565857,0.18020758032798767
16,/home/featurize/work/USCT_repro/USCT_download/c5_wavefield_data/smoke64src_train20_val5/train/train_17.npz,21,434,347,0.5678532719612122,0.15786780416965485
16,/home/featurize/work/USCT_repro/USCT_download/c5_wavefield_data/smoke64src_train20_val5/train/train_17.npz,22,423,365,0.5677768588066101,0.16223667562007904
16,/home/featurize/work/USCT_repro/USCT_download/c5_wavefield_data/smoke64src_train20_val5/train/train_17.npz,23,410,382,0.5550768971443176,0.16541801393032074
16,/home/featurize/work/USCT_repro/USCT_download/c5_wavefield_data/smoke64src_train20_val5/train/train_17.npz,24,395,397,0.568336546421051,0.1581210196018219
16,/home/featurize/work/USCT_repro/USCT_download/c5_wavefield_data/smoke64src_train20_val5/train/train_17.npz,25,380,412,0.603622555732727,0.18569064140319824
16,/home/featurize/work/USCT_repro/USCT_download/c5_wavefield_data/smoke64src_train20_val5/train/train_17.npz,26,362,424,0.6303768157958984,0.1993708610534668
16,/home/featurize/work/USCT_repro/USCT_download/c5_wavefield_data/smoke64src_train20_val5/train/train_17.npz,27,344,435,0.6172264218330383,0.15509793162345886
16,/home/featurize/work/USCT_repro/USCT_download/c5_wavefield_data/smoke64src_train20_val5/train/train_17.npz,28,325,444,0.6342402100563049,0.18450336158275604
16,/home/featurize/work/USCT_repro/USCT_download/c5_wavefield_data/smoke64src_train20_val5/train/train_17.npz,29,305,451,0.6380452513694763,0.1838289201259613
16,/home/featurize/work/USCT_repro/USCT_download/c5_wavefield_data/smoke64src_train20_val5/train/train_17.npz,30,284,457,0.648711621761322,0.19251090288162231
16,/home/featurize/work/USCT_repro/USCT_download/c5_wavefield_data/smoke64src_train20_val5/train/train_17.npz,31,263,460,0.6199691891670227,0.18710242211818695
16,/home/featurize/work/USCT_repro/USCT_download/c5_wavefield_data/smoke64src_train20_val5/train/train_17.npz,32,235,461,0.5969581604003906,0.1828959882259369
16,/home/featurize/work/USCT_repro/USCT_download/c5_wavefield_data/smoke64src_train20_val5/train/train_17.npz,33,214,460,0.6160969734191895,0.17470695078372955
16,/home/featurize/work/USCT_repro/USCT_download/c5_wavefield_data/smoke64src_train20_val5/train/train_17.npz,34,193,456,0.6172864437103271,0.171309694647789
16,/home/featurize/work/USCT_repro/USCT_download/c5_wavefield_data/smoke64src_train20_val5/train/train_17.npz,35,173,451,0.6091870665550232,0.16320154070854187
16,/home/featurize/work/USCT_repro/USCT_download/c5_wavefield_data/smoke64src_train20_val5/train/train_17.npz,36,153,443,0.6145996451377869,0.15584585070610046
16,/home/featurize/work/USCT_repro/USCT_download/c5_wavefield_data/smoke64src_train20_val5/train/train_17.npz,37,134,434,0.584804117679596,0.17820042371749878
16,/home/featurize/work/USCT_repro/USCT_download/c5_wavefield_data/smoke64src_train20_val5/train/train_17.npz,38,115,423,0.5892276763916016,0.15434274077415466
16,/home/featurize/work/USCT_repro/USCT_download/c5_wavefield_data/smoke64src_train20_val5/train/train_17.npz,39,98,410,0.574728786945343,0.1641063690185547
16,/home/featurize/work/USCT_repro/USCT_download/c5_wavefield_data/smoke64src_train20_val5/train/train_17.npz,40,83,396,0.5443704128265381,0.1647171825170517
16,/home/featurize/work/USCT_repro/USCT_download/c5_wavefield_data/smoke64src_train20_val5/train/train_17.npz,41,69,380,0.546741247177124,0.16874253749847412
16,/home/featurize/work/USCT_repro/USCT_download/c5_wavefield_data/smoke64src_train20_val5/train/train_17.npz,42,56,363,0.5439206957817078,0.166279137134552
16,/home/featurize/work/USCT_repro/USCT_download/c5_wavefield_data/smoke64src_train20_val5/train/train_17.npz,43,45,344,0.5346736311912537,0.16903816163539886
16,/home/featurize/work/USCT_repro/USCT_download/c5_wavefield_data/smoke64src_train20_val5/train/train_17.npz,44,36,325,0.5532323718070984,0.17292821407318115
16,/home/featurize/work/USCT_repro/USCT_download/c5_wavefield_data/smoke64src_train20_val5/train/train_17.npz,45,29,305,0.5560432076454163,0.15287651121616364
16,/home/featurize/work/USCT_repro/USCT_download/c5_wavefield_data/smoke64src_train20_val5/train/train_17.npz,46,23,285,0.5815979838371277,0.17027857899665833
16,/home/featurize/work/USCT_repro/USCT_download/c5_wavefield_data/smoke64src_train20_val5/train/train_17.npz,47,20,264,0.5939139127731323,0.1593824028968811
16,/home/featurize/work/USCT_repro/USCT_download/c5_wavefield_data/smoke64src_train20_val5/train/train_17.npz,48,19,236,0.5738242864608765,0.1583888828754425
16,/home/featurize/work/USCT_repro/USCT_download/c5_wavefield_data/smoke64src_train20_val5/train/train_17.npz,49,20,215,0.5826804637908936,0.1662866324186325
16,/home/featurize/work/USCT_repro/USCT_download/c5_wavefield_data/smoke64src_train20_val5/train/train_17.npz,50,24,194,0.568501889705658,0.15149234235286713
16,/home/featurize/work/USCT_repro/USCT_download/c5_wavefield_data/smoke64src_train20_val5/train/train_17.npz,51,29,174,0.556117594242096,0.16529633104801178
16,/home/featurize/work/USCT_repro/USCT_download/c5_wavefield_data/smoke64src_train20_val5/train/train_17.npz,52,36,154,0.5568186640739441,0.1886812150478363
16,/home/featurize/work/USCT_repro/USCT_download/c5_wavefield_data/smoke64src_train20_val5/train/train_17.npz,53,46,135,0.5579569339752197,0.16557292640209198
16,/home/featurize/work/USCT_repro/USCT_download/c5_wavefield_data/smoke64src_train20_val5/train/train_17.npz,54,57,116,0.5515784621238708,0.16900768876075745
16,/home/featurize/work/USCT_repro/USCT_download/c5_wavefield_data/smoke64src_train20_val5/train/train_17.npz,55,69,99,0.5543811321258545,0.18128521740436554
16,/home/featurize/work/USCT_repro/USCT_download/c5_wavefield_data/smoke64src_train20_val5/train/train_17.npz,56,84,84,0.5606988668441772,0.17998293042182922
16,/home/featurize/work/USCT_repro/USCT_download/c5_wavefield_data/smoke64src_train20_val5/train/train_17.npz,57,99,69,0.5616763830184937,0.1830272376537323
16,/home/featurize/work/USCT_repro/USCT_download/c5_wavefield_data/smoke64src_train20_val5/train/train_17.npz,58,116,57,0.5435662269592285,0.17997214198112488
16,/home/featurize/work/USCT_repro/USCT_download/c5_wavefield_data/smoke64src_train20_val5/train/train_17.npz,59,135,46,0.5523662567138672,0.17296583950519562
16,/home/featurize/work/USCT_repro/USCT_download/c5_wavefield_data/smoke64src_train20_val5/train/train_17.npz,60,154,36,0.5565888285636902,0.17503684759140015
16,/home/featurize/work/USCT_repro/USCT_download/c5_wavefield_data/smoke64src_train20_val5/train/train_17.npz,61,174,29,0.5453477501869202,0.17140495777130127
16,/home/featurize/work/USCT_repro/USCT_download/c5_wavefield_data/smoke64src_train20_val5/train/train_17.npz,62,194,24,0.5373372435569763,0.15769940614700317
16,/home/featurize/work/USCT_repro/USCT_download/c5_wavefield_data/smoke64src_train20_val5/train/train_17.npz,63,215,20,0.563892126083374,0.16185495257377625
17,/home/featurize/work/USCT_repro/USCT_download/c5_wavefield_data/smoke64src_train20_val5/train/train_18.npz,0,246,19,0.5117025971412659,0.14002883434295654
17,/home/featurize/work/USCT_repro/USCT_download/c5_wavefield_data/smoke64src_train20_val5/train/train_18.npz,1,267,20,0.5177260637283325,0.14236819744110107
17,/home/featurize/work/USCT_repro/USCT_download/c5_wavefield_data/smoke64src_train20_val5/train/train_18.npz,2,288,24,0.5297466516494751,0.14918145537376404
17,/home/featurize/work/USCT_repro/USCT_download/c5_wavefield_data/smoke64src_train20_val5/train/train_18.npz,3,309,30,0.5278375148773193,0.1558951437473297
17,/home/featurize/work/USCT_repro/USCT_download/c5_wavefield_data/smoke64src_train20_val5/train/train_18.npz,4,329,37,0.5110887885093689,0.1460203230381012
17,/home/featurize/work/USCT_repro/USCT_download/c5_wavefield_data/smoke64src_train20_val5/train/train_18.npz,5,348,47,0.4851258099079132,0.14477308094501495
17,/home/featurize/work/USCT_repro/USCT_download/c5_wavefield_data/smoke64src_train20_val5/train/train_18.npz,6,366,58,0.4831697940826416,0.1529093235731125
17,/home/featurize/work/USCT_repro/USCT_download/c5_wavefield_data/smoke64src_train20_val5/train/train_18.npz,7,383,71,0.46308252215385437,0.14454080164432526
17,/home/featurize/work/USCT_repro/USCT_download/c5_wavefield_data/smoke64src_train20_val5/train/train_18.npz,8,398,85,0.4617939889431,0.14657141268253326
17,/home/featurize/work/USCT_repro/USCT_download/c5_wavefield_data/smoke64src_train20_val5/train/train_18.npz,9,412,101,0.4694918692111969,0.1498142033815384
17,/home/featurize/work/USCT_repro/USCT_download/c5_wavefield_data/smoke64src_train20_val5/train/train_18.npz,10,425,119,0.48207399249076843,0.14101973176002502
17,/home/featurize/work/USCT_repro/USCT_download/c5_wavefield_data/smoke64src_train20_val5/train/train_18.npz,11,436,137,0.5113508701324463,0.15765298902988434
17,/home/featurize/work/USCT_repro/USCT_download/c5_wavefield_data/smoke64src_train20_val5/train/train_18.npz,12,445,156,0.5335662364959717,0.14864948391914368
17,/home/featurize/work/USCT_repro/USCT_download/c5_wavefield_data/smoke64src_train20_val5/train/train_18.npz,13,452,176,0.5469513535499573,0.1603088080883026
17,/home/featurize/work/USCT_repro/USCT_download/c5_wavefield_data/smoke64src_train20_val5/train/train_18.npz,14,457,197,0.5649263262748718,0.16508139669895172
17,/home/featurize/work/USCT_repro/USCT_download/c5_wavefield_data/smoke64src_train20_val5/train/train_18.npz,15,460,218,0.578305721282959,0.16466228663921356
17,/home/featurize/work/USCT_repro/USCT_download/c5_wavefield_data/smoke64src_train20_val5/train/train_18.npz,16,461,245,0.5562431812286377,0.16650480031967163
17,/home/featurize/work/USCT_repro/USCT_download/c5_wavefield_data/smoke64src_train20_val5/train/train_18.npz,17,460,266,0.525280237197876,0.15870806574821472
17,/home/featurize/work/USCT_repro/USCT_download/c5_wavefield_data/smoke64src_train20_val5/train/train_18.npz,18,456,287,0.529773473739624,0.15630488097667694
17,/home/featurize/work/USCT_repro/USCT_download/c5_wavefield_data/smoke64src_train20_val5/train/train_18.npz,19,451,308,0.528042197227478,0.15394246578216553
17,/home/featurize/work/USCT_repro/USCT_download/c5_wavefield_data/smoke64src_train20_val5/train/train_18.npz,20,443,328,0.5317250490188599,0.15475459396839142
17,/home/featurize/work/USCT_repro/USCT_download/c5_wavefield_data/smoke64src_train20_val5/train/train_18.npz,21,434,347,0.5133019685745239,0.16556377708911896
17,/home/featurize/work/USCT_repro/USCT_download/c5_wavefield_data/smoke64src_train20_val5/train/train_18.npz,22,423,365,0.5074962377548218,0.13814841210842133
17,/home/featurize/work/USCT_repro/USCT_download/c5_wavefield_data/smoke64src_train20_val5/train/train_18.npz,23,410,382,0.5134556293487549,0.1653393656015396
17,/home/featurize/work/USCT_repro/USCT_download/c5_wavefield_data/smoke64src_train20_val5/train/train_18.npz,24,395,397,0.5318849086761475,0.16806860268115997
17,/home/featurize/work/USCT_repro/USCT_download/c5_wavefield_data/smoke64src_train20_val5/train/train_18.npz,25,380,412,0.529762327671051,0.15686827898025513
17,/home/featurize/work/USCT_repro/USCT_download/c5_wavefield_data/smoke64src_train20_val5/train/train_18.npz,26,362,424,0.5516355037689209,0.16757602989673615
17,/home/featurize/work/USCT_repro/USCT_download/c5_wavefield_data/smoke64src_train20_val5/train/train_18.npz,27,344,435,0.5291426777839661,0.15118354558944702
17,/home/featurize/work/USCT_repro/USCT_download/c5_wavefield_data/smoke64src_train20_val5/train/train_18.npz,28,325,444,0.5548023581504822,0.1466083973646164
17,/home/featurize/work/USCT_repro/USCT_download/c5_wavefield_data/smoke64src_train20_val5/train/train_18.npz,29,305,451,0.5647308826446533,0.17959067225456238
17,/home/featurize/work/USCT_repro/USCT_download/c5_wavefield_data/smoke64src_train20_val5/train/train_18.npz,30,284,457,0.5771598219871521,0.16588564217090607
17,/home/featurize/work/USCT_repro/USCT_download/c5_wavefield_data/smoke64src_train20_val5/train/train_18.npz,31,263,460,0.5743544697761536,0.15309490263462067
17,/home/featurize/work/USCT_repro/USCT_download/c5_wavefield_data/smoke64src_train20_val5/train/train_18.npz,32,235,461,0.5306241512298584,0.15197883546352386
17,/home/featurize/work/USCT_repro/USCT_download/c5_wavefield_data/smoke64src_train20_val5/train/train_18.npz,33,214,460,0.5496163368225098,0.14663749933242798
17,/home/featurize/work/USCT_repro/USCT_download/c5_wavefield_data/smoke64src_train20_val5/train/train_18.npz,34,193,456,0.5208033919334412,0.13295046985149384
17,/home/featurize/work/USCT_repro/USCT_download/c5_wavefield_data/smoke64src_train20_val5/train/train_18.npz,35,173,451,0.5139431953430176,0.14522068202495575
17,/home/featurize/work/USCT_repro/USCT_download/c5_wavefield_data/smoke64src_train20_val5/train/train_18.npz,36,153,443,0.5214634537696838,0.1453499048948288
17,/home/featurize/work/USCT_repro/USCT_download/c5_wavefield_data/smoke64src_train20_val5/train/train_18.npz,37,134,434,0.501413881778717,0.15405507385730743
17,/home/featurize/work/USCT_repro/USCT_download/c5_wavefield_data/smoke64src_train20_val5/train/train_18.npz,38,115,423,0.48888134956359863,0.15650717914104462
17,/home/featurize/work/USCT_repro/USCT_download/c5_wavefield_data/smoke64src_train20_val5/train/train_18.npz,39,98,410,0.4816540479660034,0.1385512351989746
17,/home/featurize/work/USCT_repro/USCT_download/c5_wavefield_data/smoke64src_train20_val5/train/train_18.npz,40,83,396,0.47761744260787964,0.13617461919784546
17,/home/featurize/work/USCT_repro/USCT_download/c5_wavefield_data/smoke64src_train20_val5/train/train_18.npz,41,69,380,0.47660744190216064,0.14549574255943298
17,/home/featurize/work/USCT_repro/USCT_download/c5_wavefield_data/smoke64src_train20_val5/train/train_18.npz,42,56,363,0.4875035881996155,0.1452377885580063
17,/home/featurize/work/USCT_repro/USCT_download/c5_wavefield_data/smoke64src_train20_val5/train/train_18.npz,43,45,344,0.5079781413078308,0.14663507044315338
17,/home/featurize/work/USCT_repro/USCT_download/c5_wavefield_data/smoke64src_train20_val5/train/train_18.npz,44,36,325,0.5077729821205139,0.1490965187549591
17,/home/featurize/work/USCT_repro/USCT_download/c5_wavefield_data/smoke64src_train20_val5/train/train_18.npz,45,29,305,0.4950616955757141,0.157143235206604
17,/home/featurize/work/USCT_repro/USCT_download/c5_wavefield_data/smoke64src_train20_val5/train/train_18.npz,46,23,285,0.5095166563987732,0.16033823788166046
17,/home/featurize/work/USCT_repro/USCT_download/c5_wavefield_data/smoke64src_train20_val5/train/train_18.npz,47,20,264,0.5080766081809998,0.15205807983875275
17,/home/featurize/work/USCT_repro/USCT_download/c5_wavefield_data/smoke64src_train20_val5/train/train_18.npz,48,19,236,0.5241595506668091,0.16011694073677063
17,/home/featurize/work/USCT_repro/USCT_download/c5_wavefield_data/smoke64src_train20_val5/train/train_18.npz,49,20,215,0.5484126806259155,0.16977107524871826
17,/home/featurize/work/USCT_repro/USCT_download/c5_wavefield_data/smoke64src_train20_val5/train/train_18.npz,50,24,194,0.5286130905151367,0.14666679501533508
17,/home/featurize/work/USCT_repro/USCT_download/c5_wavefield_data/smoke64src_train20_val5/train/train_18.npz,51,29,174,0.5242066383361816,0.14605295658111572
17,/home/featurize/work/USCT_repro/USCT_download/c5_wavefield_data/smoke64src_train20_val5/train/train_18.npz,52,36,154,0.5279301404953003,0.16691170632839203
17,/home/featurize/work/USCT_repro/USCT_download/c5_wavefield_data/smoke64src_train20_val5/train/train_18.npz,53,46,135,0.5246016383171082,0.1522531360387802
17,/home/featurize/work/USCT_repro/USCT_download/c5_wavefield_data/smoke64src_train20_val5/train/train_18.npz,54,57,116,0.5009175539016724,0.1553107053041458
17,/home/featurize/work/USCT_repro/USCT_download/c5_wavefield_data/smoke64src_train20_val5/train/train_18.npz,55,69,99,0.4869140088558197,0.1629076898097992
17,/home/featurize/work/USCT_repro/USCT_download/c5_wavefield_data/smoke64src_train20_val5/train/train_18.npz,56,84,84,0.49445441365242004,0.1584330052137375
17,/home/featurize/work/USCT_repro/USCT_download/c5_wavefield_data/smoke64src_train20_val5/train/train_18.npz,57,99,69,0.5044432282447815,0.16288641095161438
17,/home/featurize/work/USCT_repro/USCT_download/c5_wavefield_data/smoke64src_train20_val5/train/train_18.npz,58,116,57,0.5089614391326904,0.14220030605793
17,/home/featurize/work/USCT_repro/USCT_download/c5_wavefield_data/smoke64src_train20_val5/train/train_18.npz,59,135,46,0.4995241165161133,0.1528410166501999
17,/home/featurize/work/USCT_repro/USCT_download/c5_wavefield_data/smoke64src_train20_val5/train/train_18.npz,60,154,36,0.5116965770721436,0.15906165540218353
17,/home/featurize/work/USCT_repro/USCT_download/c5_wavefield_data/smoke64src_train20_val5/train/train_18.npz,61,174,29,0.516485869884491,0.14543017745018005
17,/home/featurize/work/USCT_repro/USCT_download/c5_wavefield_data/smoke64src_train20_val5/train/train_18.npz,62,194,24,0.5082988739013672,0.13739730417728424
17,/home/featurize/work/USCT_repro/USCT_download/c5_wavefield_data/smoke64src_train20_val5/train/train_18.npz,63,215,20,0.4994615614414215,0.1283307671546936
18,/home/featurize/work/USCT_repro/USCT_download/c5_wavefield_data/smoke64src_train20_val5/train/train_19.npz,0,246,19,0.49030205607414246,0.13208743929862976
18,/home/featurize/work/USCT_repro/USCT_download/c5_wavefield_data/smoke64src_train20_val5/train/train_19.npz,1,267,20,0.5001827478408813,0.14661692082881927
18,/home/featurize/work/USCT_repro/USCT_download/c5_wavefield_data/smoke64src_train20_val5/train/train_19.npz,2,288,24,0.5132184624671936,0.1481298804283142
18,/home/featurize/work/USCT_repro/USCT_download/c5_wavefield_data/smoke64src_train20_val5/train/train_19.npz,3,309,30,0.5160549879074097,0.14755356311798096
18,/home/featurize/work/USCT_repro/USCT_download/c5_wavefield_data/smoke64src_train20_val5/train/train_19.npz,4,329,37,0.5022616982460022,0.1358608454465866
18,/home/featurize/work/USCT_repro/USCT_download/c5_wavefield_data/smoke64src_train20_val5/train/train_19.npz,5,348,47,0.49975836277008057,0.15773282945156097
18,/home/featurize/work/USCT_repro/USCT_download/c5_wavefield_data/smoke64src_train20_val5/train/train_19.npz,6,366,58,0.47211286425590515,0.14310398697853088
18,/home/featurize/work/USCT_repro/USCT_download/c5_wavefield_data/smoke64src_train20_val5/train/train_19.npz,7,383,71,0.45791587233543396,0.1518365889787674
18,/home/featurize/work/USCT_repro/USCT_download/c5_wavefield_data/smoke64src_train20_val5/train/train_19.npz,8,398,85,0.4775550663471222,0.15479086339473724
18,/home/featurize/work/USCT_repro/USCT_download/c5_wavefield_data/smoke64src_train20_val5/train/train_19.npz,9,412,101,0.48556798696517944,0.14736734330654144
18,/home/featurize/work/USCT_repro/USCT_download/c5_wavefield_data/smoke64src_train20_val5/train/train_19.npz,10,425,119,0.5073361396789551,0.1526760458946228
18,/home/featurize/work/USCT_repro/USCT_download/c5_wavefield_data/smoke64src_train20_val5/train/train_19.npz,11,436,137,0.5100142359733582,0.1546192616224289
18,/home/featurize/work/USCT_repro/USCT_download/c5_wavefield_data/smoke64src_train20_val5/train/train_19.npz,12,445,156,0.5081626772880554,0.14266610145568848
18,/home/featurize/work/USCT_repro/USCT_download/c5_wavefield_data/smoke64src_train20_val5/train/train_19.npz,13,452,176,0.5012419819831848,0.14634987711906433
18,/home/featurize/work/USCT_repro/USCT_download/c5_wavefield_data/smoke64src_train20_val5/train/train_19.npz,14,457,197,0.4900197386741638,0.13296346366405487
18,/home/featurize/work/USCT_repro/USCT_download/c5_wavefield_data/smoke64src_train20_val5/train/train_19.npz,15,460,218,0.4800407588481903,0.1309167891740799
18,/home/featurize/work/USCT_repro/USCT_download/c5_wavefield_data/smoke64src_train20_val5/train/train_19.npz,16,461,245,0.5156322121620178,0.14026813209056854
18,/home/featurize/work/USCT_repro/USCT_download/c5_wavefield_data/smoke64src_train20_val5/train/train_19.npz,17,460,266,0.5200300216674805,0.1469532549381256
18,/home/featurize/work/USCT_repro/USCT_download/c5_wavefield_data/smoke64src_train20_val5/train/train_19.npz,18,456,287,0.531057596206665,0.1565147489309311
18,/home/featurize/work/USCT_repro/USCT_download/c5_wavefield_data/smoke64src_train20_val5/train/train_19.npz,19,451,308,0.5116056799888611,0.14666199684143066
18,/home/featurize/work/USCT_repro/USCT_download/c5_wavefield_data/smoke64src_train20_val5/train/train_19.npz,20,443,328,0.4767802357673645,0.1472669243812561
18,/home/featurize/work/USCT_repro/USCT_download/c5_wavefield_data/smoke64src_train20_val5/train/train_19.npz,21,434,347,0.4689617156982422,0.13538111746311188
18,/home/featurize/work/USCT_repro/USCT_download/c5_wavefield_data/smoke64src_train20_val5/train/train_19.npz,22,423,365,0.46031907200813293,0.14097431302070618
18,/home/featurize/work/USCT_repro/USCT_download/c5_wavefield_data/smoke64src_train20_val5/train/train_19.npz,23,410,382,0.4700547754764557,0.15172728896141052
18,/home/featurize/work/USCT_repro/USCT_download/c5_wavefield_data/smoke64src_train20_val5/train/train_19.npz,24,395,397,0.4946005642414093,0.14765547215938568
18,/home/featurize/work/USCT_repro/USCT_download/c5_wavefield_data/smoke64src_train20_val5/train/train_19.npz,25,380,412,0.5107184648513794,0.16458268463611603
18,/home/featurize/work/USCT_repro/USCT_download/c5_wavefield_data/smoke64src_train20_val5/train/train_19.npz,26,362,424,0.5082489848136902,0.14411577582359314
18,/home/featurize/work/USCT_repro/USCT_download/c5_wavefield_data/smoke64src_train20_val5/train/train_19.npz,27,344,435,0.5183793306350708,0.15034614503383636
18,/home/featurize/work/USCT_repro/USCT_download/c5_wavefield_data/smoke64src_train20_val5/train/train_19.npz,28,325,444,0.5021589994430542,0.1511428952217102
18,/home/featurize/work/USCT_repro/USCT_download/c5_wavefield_data/smoke64src_train20_val5/train/train_19.npz,29,305,451,0.5033298134803772,0.14937222003936768
18,/home/featurize/work/USCT_repro/USCT_download/c5_wavefield_data/smoke64src_train20_val5/train/train_19.npz,30,284,457,0.5241726636886597,0.1754179149866104
18,/home/featurize/work/USCT_repro/USCT_download/c5_wavefield_data/smoke64src_train20_val5/train/train_19.npz,31,263,460,0.5316939949989319,0.15170659124851227
18,/home/featurize/work/USCT_repro/USCT_download/c5_wavefield_data/smoke64src_train20_val5/train/train_19.npz,32,235,461,0.5281438827514648,0.15400563180446625
18,/home/featurize/work/USCT_repro/USCT_download/c5_wavefield_data/smoke64src_train20_val5/train/train_19.npz,33,214,460,0.5290692448616028,0.1630149930715561
18,/home/featurize/work/USCT_repro/USCT_download/c5_wavefield_data/smoke64src_train20_val5/train/train_19.npz,34,193,456,0.5422747135162354,0.14825111627578735
18,/home/featurize/work/USCT_repro/USCT_download/c5_wavefield_data/smoke64src_train20_val5/train/train_19.npz,35,173,451,0.5484051704406738,0.16412009298801422
18,/home/featurize/work/USCT_repro/USCT_download/c5_wavefield_data/smoke64src_train20_val5/train/train_19.npz,36,153,443,0.534146785736084,0.14160943031311035
18,/home/featurize/work/USCT_repro/USCT_download/c5_wavefield_data/smoke64src_train20_val5/train/train_19.npz,37,134,434,0.5223822593688965,0.14831282198429108
18,/home/featurize/work/USCT_repro/USCT_download/c5_wavefield_data/smoke64src_train20_val5/train/train_19.npz,38,115,423,0.5192127227783203,0.12153246998786926
18,/home/featurize/work/USCT_repro/USCT_download/c5_wavefield_data/smoke64src_train20_val5/train/train_19.npz,39,98,410,0.5225474834442139,0.14879851043224335
18,/home/featurize/work/USCT_repro/USCT_download/c5_wavefield_data/smoke64src_train20_val5/train/train_19.npz,40,83,396,0.5116502642631531,0.14769692718982697
18,/home/featurize/work/USCT_repro/USCT_download/c5_wavefield_data/smoke64src_train20_val5/train/train_19.npz,41,69,380,0.52120441198349,0.16257886588573456
18,/home/featurize/work/USCT_repro/USCT_download/c5_wavefield_data/smoke64src_train20_val5/train/train_19.npz,42,56,363,0.524495542049408,0.17207129299640656
18,/home/featurize/work/USCT_repro/USCT_download/c5_wavefield_data/smoke64src_train20_val5/train/train_19.npz,43,45,344,0.5094845294952393,0.15420953929424286
18,/home/featurize/work/USCT_repro/USCT_download/c5_wavefield_data/smoke64src_train20_val5/train/train_19.npz,44,36,325,0.5147883296012878,0.15467706322669983
18,/home/featurize/work/USCT_repro/USCT_download/c5_wavefield_data/smoke64src_train20_val5/train/train_19.npz,45,29,305,0.5259891152381897,0.15203265845775604
18,/home/featurize/work/USCT_repro/USCT_download/c5_wavefield_data/smoke64src_train20_val5/train/train_19.npz,46,23,285,0.5385862588882446,0.16791461408138275
18,/home/featurize/work/USCT_repro/USCT_download/c5_wavefield_data/smoke64src_train20_val5/train/train_19.npz,47,20,264,0.5452454090118408,0.14948797225952148
18,/home/featurize/work/USCT_repro/USCT_download/c5_wavefield_data/smoke64src_train20_val5/train/train_19.npz,48,19,236,0.5342803001403809,0.14843632280826569
18,/home/featurize/work/USCT_repro/USCT_download/c5_wavefield_data/smoke64src_train20_val5/train/train_19.npz,49,20,215,0.5140404105186462,0.16123054921627045
18,/home/featurize/work/USCT_repro/USCT_download/c5_wavefield_data/smoke64src_train20_val5/train/train_19.npz,50,24,194,0.5015585422515869,0.1554715931415558
18,/home/featurize/work/USCT_repro/USCT_download/c5_wavefield_data/smoke64src_train20_val5/train/train_19.npz,51,29,174,0.5111321210861206,0.15686430037021637
18,/home/featurize/work/USCT_repro/USCT_download/c5_wavefield_data/smoke64src_train20_val5/train/train_19.npz,52,36,154,0.49376603960990906,0.14084555208683014
18,/home/featurize/work/USCT_repro/USCT_download/c5_wavefield_data/smoke64src_train20_val5/train/train_19.npz,53,46,135,0.4973295032978058,0.1460188627243042
18,/home/featurize/work/USCT_repro/USCT_download/c5_wavefield_data/smoke64src_train20_val5/train/train_19.npz,54,57,116,0.4951690435409546,0.15675146877765656
18,/home/featurize/work/USCT_repro/USCT_download/c5_wavefield_data/smoke64src_train20_val5/train/train_19.npz,55,69,99,0.4750189185142517,0.15692810714244843
18,/home/featurize/work/USCT_repro/USCT_download/c5_wavefield_data/smoke64src_train20_val5/train/train_19.npz,56,84,84,0.47714948654174805,0.15418294072151184
18,/home/featurize/work/USCT_repro/USCT_download/c5_wavefield_data/smoke64src_train20_val5/train/train_19.npz,57,99,69,0.48137468099594116,0.13874538242816925
18,/home/featurize/work/USCT_repro/USCT_download/c5_wavefield_data/smoke64src_train20_val5/train/train_19.npz,58,116,57,0.5152044892311096,0.1438775658607483
18,/home/featurize/work/USCT_repro/USCT_download/c5_wavefield_data/smoke64src_train20_val5/train/train_19.npz,59,135,46,0.5163593888282776,0.1567065268754959
18,/home/featurize/work/USCT_repro/USCT_download/c5_wavefield_data/smoke64src_train20_val5/train/train_19.npz,60,154,36,0.5175972580909729,0.14909566938877106
18,/home/featurize/work/USCT_repro/USCT_download/c5_wavefield_data/smoke64src_train20_val5/train/train_19.npz,61,174,29,0.5039257407188416,0.14611507952213287
18,/home/featurize/work/USCT_repro/USCT_download/c5_wavefield_data/smoke64src_train20_val5/train/train_19.npz,62,194,24,0.5022305846214294,0.14540360867977142
18,/home/featurize/work/USCT_repro/USCT_download/c5_wavefield_data/smoke64src_train20_val5/train/train_19.npz,63,215,20,0.508634626865387,0.15156106650829315
19,/home/featurize/work/USCT_repro/USCT_download/c5_wavefield_data/smoke64src_train20_val5/train/train_20.npz,0,246,19,0.5935598015785217,0.174171581864357
19,/home/featurize/work/USCT_repro/USCT_download/c5_wavefield_data/smoke64src_train20_val5/train/train_20.npz,1,267,20,0.5994941592216492,0.16165447235107422
19,/home/featurize/work/USCT_repro/USCT_download/c5_wavefield_data/smoke64src_train20_val5/train/train_20.npz,2,288,24,0.5964053273200989,0.16235877573490143
19,/home/featurize/work/USCT_repro/USCT_download/c5_wavefield_data/smoke64src_train20_val5/train/train_20.npz,3,309,30,0.6012680530548096,0.1807793378829956
19,/home/featurize/work/USCT_repro/USCT_download/c5_wavefield_data/smoke64src_train20_val5/train/train_20.npz,4,329,37,0.5636535286903381,0.1696247011423111
19,/home/featurize/work/USCT_repro/USCT_download/c5_wavefield_data/smoke64src_train20_val5/train/train_20.npz,5,348,47,0.574266254901886,0.1844399869441986
19,/home/featurize/work/USCT_repro/USCT_download/c5_wavefield_data/smoke64src_train20_val5/train/train_20.npz,6,366,58,0.5857539176940918,0.17849601805210114
19,/home/featurize/work/USCT_repro/USCT_download/c5_wavefield_data/smoke64src_train20_val5/train/train_20.npz,7,383,71,0.5802992582321167,0.16368982195854187
19,/home/featurize/work/USCT_repro/USCT_download/c5_wavefield_data/smoke64src_train20_val5/train/train_20.npz,8,398,85,0.5741579532623291,0.19071024656295776
19,/home/featurize/work/USCT_repro/USCT_download/c5_wavefield_data/smoke64src_train20_val5/train/train_20.npz,9,412,101,0.5638224482536316,0.17239533364772797
19,/home/featurize/work/USCT_repro/USCT_download/c5_wavefield_data/smoke64src_train20_val5/train/train_20.npz,10,425,119,0.5606902241706848,0.17037445306777954
19,/home/featurize/work/USCT_repro/USCT_download/c5_wavefield_data/smoke64src_train20_val5/train/train_20.npz,11,436,137,0.5777871012687683,0.17569401860237122
19,/home/featurize/work/USCT_repro/USCT_download/c5_wavefield_data/smoke64src_train20_val5/train/train_20.npz,12,445,156,0.6074939966201782,0.17205864191055298
19,/home/featurize/work/USCT_repro/USCT_download/c5_wavefield_data/smoke64src_train20_val5/train/train_20.npz,13,452,176,0.606939435005188,0.17448414862155914
19,/home/featurize/work/USCT_repro/USCT_download/c5_wavefield_data/smoke64src_train20_val5/train/train_20.npz,14,457,197,0.6083650588989258,0.18501487374305725
19,/home/featurize/work/USCT_repro/USCT_download/c5_wavefield_data/smoke64src_train20_val5/train/train_20.npz,15,460,218,0.5928698778152466,0.17013618350028992
19,/home/featurize/work/USCT_repro/USCT_download/c5_wavefield_data/smoke64src_train20_val5/train/train_20.npz,16,461,245,0.5858691930770874,0.19090765714645386
19,/home/featurize/work/USCT_repro/USCT_download/c5_wavefield_data/smoke64src_train20_val5/train/train_20.npz,17,460,266,0.5812450647354126,0.18362222611904144
19,/home/featurize/work/USCT_repro/USCT_download/c5_wavefield_data/smoke64src_train20_val5/train/train_20.npz,18,456,287,0.59038907289505,0.17372624576091766
19,/home/featurize/work/USCT_repro/USCT_download/c5_wavefield_data/smoke64src_train20_val5/train/train_20.npz,19,451,308,0.620521068572998,0.18899527192115784
19,/home/featurize/work/USCT_repro/USCT_download/c5_wavefield_data/smoke64src_train20_val5/train/train_20.npz,20,443,328,0.6220169067382812,0.17656438052654266
19,/home/featurize/work/USCT_repro/USCT_download/c5_wavefield_data/smoke64src_train20_val5/train/train_20.npz,21,434,347,0.6319568157196045,0.19239182770252228
19,/home/featurize/work/USCT_repro/USCT_download/c5_wavefield_data/smoke64src_train20_val5/train/train_20.npz,22,423,365,0.6326586604118347,0.18159537017345428
19,/home/featurize/work/USCT_repro/USCT_download/c5_wavefield_data/smoke64src_train20_val5/train/train_20.npz,23,410,382,0.6395618319511414,0.18521428108215332
19,/home/featurize/work/USCT_repro/USCT_download/c5_wavefield_data/smoke64src_train20_val5/train/train_20.npz,24,395,397,0.6650485396385193,0.20363791286945343
19,/home/featurize/work/USCT_repro/USCT_download/c5_wavefield_data/smoke64src_train20_val5/train/train_20.npz,25,380,412,0.6232612133026123,0.17133766412734985
19,/home/featurize/work/USCT_repro/USCT_download/c5_wavefield_data/smoke64src_train20_val5/train/train_20.npz,26,362,424,0.6177794933319092,0.1939346045255661
19,/home/featurize/work/USCT_repro/USCT_download/c5_wavefield_data/smoke64src_train20_val5/train/train_20.npz,27,344,435,0.6119186878204346,0.16847729682922363
19,/home/featurize/work/USCT_repro/USCT_download/c5_wavefield_data/smoke64src_train20_val5/train/train_20.npz,28,325,444,0.6050295829772949,0.16691546142101288
19,/home/featurize/work/USCT_repro/USCT_download/c5_wavefield_data/smoke64src_train20_val5/train/train_20.npz,29,305,451,0.6346948742866516,0.1844688355922699
19,/home/featurize/work/USCT_repro/USCT_download/c5_wavefield_data/smoke64src_train20_val5/train/train_20.npz,30,284,457,0.659180223941803,0.1995684653520584
19,/home/featurize/work/USCT_repro/USCT_download/c5_wavefield_data/smoke64src_train20_val5/train/train_20.npz,31,263,460,0.6427744030952454,0.19642765820026398
19,/home/featurize/work/USCT_repro/USCT_download/c5_wavefield_data/smoke64src_train20_val5/train/train_20.npz,32,235,461,0.6072943210601807,0.1868809312582016
19,/home/featurize/work/USCT_repro/USCT_download/c5_wavefield_data/smoke64src_train20_val5/train/train_20.npz,33,214,460,0.6076346039772034,0.19671644270420074
19,/home/featurize/work/USCT_repro/USCT_download/c5_wavefield_data/smoke64src_train20_val5/train/train_20.npz,34,193,456,0.6048409342765808,0.18470951914787292
19,/home/featurize/work/USCT_repro/USCT_download/c5_wavefield_data/smoke64src_train20_val5/train/train_20.npz,35,173,451,0.6346928477287292,0.18334199488162994
19,/home/featurize/work/USCT_repro/USCT_download/c5_wavefield_data/smoke64src_train20_val5/train/train_20.npz,36,153,443,0.6235454678535461,0.1827961653470993
19,/home/featurize/work/USCT_repro/USCT_download/c5_wavefield_data/smoke64src_train20_val5/train/train_20.npz,37,134,434,0.5915756821632385,0.18038153648376465
19,/home/featurize/work/USCT_repro/USCT_download/c5_wavefield_data/smoke64src_train20_val5/train/train_20.npz,38,115,423,0.5699098110198975,0.16913291811943054
19,/home/featurize/work/USCT_repro/USCT_download/c5_wavefield_data/smoke64src_train20_val5/train/train_20.npz,39,98,410,0.5836604237556458,0.1887487769126892
19,/home/featurize/work/USCT_repro/USCT_download/c5_wavefield_data/smoke64src_train20_val5/train/train_20.npz,40,83,396,0.5915514230728149,0.16240592300891876
19,/home/featurize/work/USCT_repro/USCT_download/c5_wavefield_data/smoke64src_train20_val5/train/train_20.npz,41,69,380,0.6076133847236633,0.1740475744009018
19,/home/featurize/work/USCT_repro/USCT_download/c5_wavefield_data/smoke64src_train20_val5/train/train_20.npz,42,56,363,0.623477578163147,0.16084088385105133
19,/home/featurize/work/USCT_repro/USCT_download/c5_wavefield_data/smoke64src_train20_val5/train/train_20.npz,43,45,344,0.6233271360397339,0.16546116769313812
19,/home/featurize/work/USCT_repro/USCT_download/c5_wavefield_data/smoke64src_train20_val5/train/train_20.npz,44,36,325,0.603978157043457,0.17383600771427155
19,/home/featurize/work/USCT_repro/USCT_download/c5_wavefield_data/smoke64src_train20_val5/train/train_20.npz,45,29,305,0.5957745909690857,0.16863207519054413
19,/home/featurize/work/USCT_repro/USCT_download/c5_wavefield_data/smoke64src_train20_val5/train/train_20.npz,46,23,285,0.5834260582923889,0.15866036713123322
19,/home/featurize/work/USCT_repro/USCT_download/c5_wavefield_data/smoke64src_train20_val5/train/train_20.npz,47,20,264,0.5799983143806458,0.17874281108379364
19,/home/featurize/work/USCT_repro/USCT_download/c5_wavefield_data/smoke64src_train20_val5/train/train_20.npz,48,19,236,0.590847373008728,0.1666741520166397
19,/home/featurize/work/USCT_repro/USCT_download/c5_wavefield_data/smoke64src_train20_val5/train/train_20.npz,49,20,215,0.6018975377082825,0.17252056300640106
19,/home/featurize/work/USCT_repro/USCT_download/c5_wavefield_data/smoke64src_train20_val5/train/train_20.npz,50,24,194,0.5993489623069763,0.16363421082496643
19,/home/featurize/work/USCT_repro/USCT_download/c5_wavefield_data/smoke64src_train20_val5/train/train_20.npz,51,29,174,0.5992099046707153,0.1697898507118225
19,/home/featurize/work/USCT_repro/USCT_download/c5_wavefield_data/smoke64src_train20_val5/train/train_20.npz,52,36,154,0.6012942790985107,0.182859867811203
19,/home/featurize/work/USCT_repro/USCT_download/c5_wavefield_data/smoke64src_train20_val5/train/train_20.npz,53,46,135,0.5931677222251892,0.1743159145116806
19,/home/featurize/work/USCT_repro/USCT_download/c5_wavefield_data/smoke64src_train20_val5/train/train_20.npz,54,57,116,0.5930865406990051,0.1841752976179123
19,/home/featurize/work/USCT_repro/USCT_download/c5_wavefield_data/smoke64src_train20_val5/train/train_20.npz,55,69,99,0.5932053923606873,0.189335435628891
19,/home/featurize/work/USCT_repro/USCT_download/c5_wavefield_data/smoke64src_train20_val5/train/train_20.npz,56,84,84,0.5811436772346497,0.17990997433662415
19,/home/featurize/work/USCT_repro/USCT_download/c5_wavefield_data/smoke64src_train20_val5/train/train_20.npz,57,99,69,0.5896283984184265,0.1786227524280548
19,/home/featurize/work/USCT_repro/USCT_download/c5_wavefield_data/smoke64src_train20_val5/train/train_20.npz,58,116,57,0.5941182971000671,0.18871000409126282
19,/home/featurize/work/USCT_repro/USCT_download/c5_wavefield_data/smoke64src_train20_val5/train/train_20.npz,59,135,46,0.6036182641983032,0.1796444058418274
19,/home/featurize/work/USCT_repro/USCT_download/c5_wavefield_data/smoke64src_train20_val5/train/train_20.npz,60,154,36,0.6003561615943909,0.18654854595661163
19,/home/featurize/work/USCT_repro/USCT_download/c5_wavefield_data/smoke64src_train20_val5/train/train_20.npz,61,174,29,0.58879154920578,0.1701432168483734
19,/home/featurize/work/USCT_repro/USCT_download/c5_wavefield_data/smoke64src_train20_val5/train/train_20.npz,62,194,24,0.580939531326294,0.16636274755001068
19,/home/featurize/work/USCT_repro/USCT_download/c5_wavefield_data/smoke64src_train20_val5/train/train_20.npz,63,215,20,0.5750442147254944,0.16262444853782654
