image_idx,file,source_idx,src_x,src_y,full_rrmse,rec_rrmse
0,/home/featurize/work/USCT_repro/USCT_download/c5_wavefield_data/smoke64src_train20_val5/train/train_1.npz,0,246,19,0.46523281931877136,0.13794736564159393
0,/home/featurize/work/USCT_repro/USCT_download/c5_wavefield_data/smoke64src_train20_val5/train/train_1.npz,1,267,20,0.46614521741867065,0.1327534168958664
0,/home/featurize/work/USCT_repro/USCT_download/c5_wavefield_data/smoke64src_train20_val5/train/train_1.npz,2,288,24,0.46062806248664856,0.14935168623924255
0,/home/featurize/work/USCT_repro/USCT_download/c5_wavefield_data/smoke64src_train20_val5/train/train_1.npz,3,309,30,0.4217226803302765,0.13788612186908722
0,/home/featurize/work/USCT_repro/USCT_download/c5_wavefield_data/smoke64src_train20_val5/train/train_1.npz,4,329,37,0.3863208591938019,0.1262495219707489
0,/home/featurize/work/USCT_repro/USCT_download/c5_wavefield_data/smoke64src_train20_val5/train/train_1.npz,5,348,47,0.37355390191078186,0.1250520795583725
0,/home/featurize/work/USCT_repro/USCT_download/c5_wavefield_data/smoke64src_train20_val5/train/train_1.npz,6,366,58,0.3645412027835846,0.1287578046321869
0,/home/featurize/work/USCT_repro/USCT_download/c5_wavefield_data/smoke64src_train20_val5/train/train_1.npz,7,383,71,0.35458147525787354,0.1244111955165863
0,/home/featurize/work/USCT_repro/USCT_download/c5_wavefield_data/smoke64src_train20_val5/train/train_1.npz,8,398,85,0.35399329662323,0.12127222865819931
0,/home/featurize/work/USCT_repro/USCT_download/c5_wavefield_data/smoke64src_train20_val5/train/train_1.npz,9,412,101,0.3581238090991974,0.11746829003095627
0,/home/featurize/work/USCT_repro/USCT_download/c5_wavefield_data/smoke64src_train20_val5/train/train_1.npz,10,425,119,0.3417557179927826,0.12024600058794022
0,/home/featurize/work/USCT_repro/USCT_download/c5_wavefield_data/smoke64src_train20_val5/train/train_1.npz,11,436,137,0.3366376757621765,0.12483877688646317
0,/home/featurize/work/USCT_repro/USCT_download/c5_wavefield_data/smoke64src_train20_val5/train/train_1.npz,12,445,156,0.34544116258621216,0.12205039709806442
0,/home/featurize/work/USCT_repro/USCT_download/c5_wavefield_data/smoke64src_train20_val5/train/train_1.npz,13,452,176,0.35281968116760254,0.1193343997001648
0,/home/featurize/work/USCT_repro/USCT_download/c5_wavefield_data/smoke64src_train20_val5/train/train_1.npz,14,457,197,0.3622291386127472,0.12704282999038696
0,/home/featurize/work/USCT_repro/USCT_download/c5_wavefield_data/smoke64src_train20_val5/train/train_1.npz,15,460,218,0.3736450672149658,0.12668801844120026
0,/home/featurize/work/USCT_repro/USCT_download/c5_wavefield_data/smoke64src_train20_val5/train/train_1.npz,16,461,245,0.3816361427307129,0.12549060583114624
0,/home/featurize/work/USCT_repro/USCT_download/c5_wavefield_data/smoke64src_train20_val5/train/train_1.npz,17,460,266,0.3933437168598175,0.13670465350151062
0,/home/featurize/work/USCT_repro/USCT_download/c5_wavefield_data/smoke64src_train20_val5/train/train_1.npz,18,456,287,0.4018421471118927,0.12947191298007965
0,/home/featurize/work/USCT_repro/USCT_download/c5_wavefield_data/smoke64src_train20_val5/train/train_1.npz,19,451,308,0.3958985507488251,0.12844988703727722
0,/home/featurize/work/USCT_repro/USCT_download/c5_wavefield_data/smoke64src_train20_val5/train/train_1.npz,20,443,328,0.3830764591693878,0.1164211556315422
0,/home/featurize/work/USCT_repro/USCT_download/c5_wavefield_data/smoke64src_train20_val5/train/train_1.npz,21,434,347,0.38864782452583313,0.1183634027838707
0,/home/featurize/work/USCT_repro/USCT_download/c5_wavefield_data/smoke64src_train20_val5/train/train_1.npz,22,423,365,0.4101823568344116,0.12825928628444672
0,/home/featurize/work/USCT_repro/USCT_download/c5_wavefield_data/smoke64src_train20_val5/train/train_1.npz,23,410,382,0.4342738687992096,0.142359659075737
0,/home/featurize/work/USCT_repro/USCT_download/c5_wavefield_data/smoke64src_train20_val5/train/train_1.npz,24,395,397,0.41499751806259155,0.13399650156497955
0,/home/featurize/work/USCT_repro/USCT_download/c5_wavefield_data/smoke64src_train20_val5/train/train_1.npz,25,380,412,0.3954271674156189,0.12768490612506866
0,/home/featurize/work/USCT_repro/USCT_download/c5_wavefield_data/smoke64src_train20_val5/train/train_1.npz,26,362,424,0.38561734557151794,0.11676521599292755
0,/home/featurize/work/USCT_repro/USCT_download/c5_wavefield_data/smoke64src_train20_val5/train/train_1.npz,27,344,435,0.389877051115036,0.12617649137973785
0,/home/featurize/work/USCT_repro/USCT_download/c5_wavefield_data/smoke64src_train20_val5/train/train_1.npz,28,325,444,0.4186961352825165,0.13628819584846497
0,/home/featurize/work/USCT_repro/USCT_download/c5_wavefield_data/smoke64src_train20_val5/train/train_1.npz,29,305,451,0.43971604108810425,0.1397142857313156
0,/home/featurize/work/USCT_repro/USCT_download/c5_wavefield_data/smoke64src_train20_val5/train/train_1.npz,30,284,457,0.4350506365299225,0.14414404332637787
0,/home/featurize/work/USCT_repro/USCT_download/c5_wavefield_data/smoke64src_train20_val5/train/train_1.npz,31,263,460,0.4181433916091919,0.13657771050930023
0,/home/featurize/work/USCT_repro/USCT_download/c5_wavefield_data/smoke64src_train20_val5/train/train_1.npz,32,235,461,0.39504218101501465,0.1382497400045395
0,/home/featurize/work/USCT_repro/USCT_download/c5_wavefield_data/smoke64src_train20_val5/train/train_1.npz,33,214,460,0.3902987241744995,0.13089267909526825
0,/home/featurize/work/USCT_repro/USCT_download/c5_wavefield_data/smoke64src_train20_val5/train/train_1.npz,34,193,456,0.40667372941970825,0.1299092173576355
0,/home/featurize/work/USCT_repro/USCT_download/c5_wavefield_data/smoke64src_train20_val5/train/train_1.npz,35,173,451,0.4262793958187103,0.13899122178554535
0,/home/featurize/work/USCT_repro/USCT_download/c5_wavefield_data/smoke64src_train20_val5/train/train_1.npz,36,153,443,0.413630872964859,0.14020311832427979
0,/home/featurize/work/USCT_repro/USCT_download/c5_wavefield_data/smoke64src_train20_val5/train/train_1.npz,37,134,434,0.40111321210861206,0.13412874937057495
0,/home/featurize/work/USCT_repro/USCT_download/c5_wavefield_data/smoke64src_train20_val5/train/train_1.npz,38,115,423,0.4107256829738617,0.14688217639923096
0,/home/featurize/work/USCT_repro/USCT_download/c5_wavefield_data/smoke64src_train20_val5/train/train_1.npz,39,98,410,0.3988005220890045,0.13317137956619263
0,/home/featurize/work/USCT_repro/USCT_download/c5_wavefield_data/smoke64src_train20_val5/train/train_1.npz,40,83,396,0.3752295970916748,0.12540605664253235
0,/home/featurize/work/USCT_repro/USCT_download/c5_wavefield_data/smoke64src_train20_val5/train/train_1.npz,41,69,380,0.35618022084236145,0.12147680670022964
0,/home/featurize/work/USCT_repro/USCT_download/c5_wavefield_data/smoke64src_train20_val5/train/train_1.npz,42,56,363,0.34709399938583374,0.12306705117225647
0,/home/featurize/work/USCT_repro/USCT_download/c5_wavefield_data/smoke64src_train20_val5/train/train_1.npz,43,45,344,0.3391212224960327,0.10852225124835968
0,/home/featurize/work/USCT_repro/USCT_download/c5_wavefield_data/smoke64src_train20_val5/train/train_1.npz,44,36,325,0.34174469113349915,0.1083589419722557
0,/home/featurize/work/USCT_repro/USCT_download/c5_wavefield_data/smoke64src_train20_val5/train/train_1.npz,45,29,305,0.33939608931541443,0.10687457025051117
0,/home/featurize/work/USCT_repro/USCT_download/c5_wavefield_data/smoke64src_train20_val5/train/train_1.npz,46,23,285,0.33952727913856506,0.11192193627357483
0,/home/featurize/work/USCT_repro/USCT_download/c5_wavefield_data/smoke64src_train20_val5/train/train_1.npz,47,20,264,0.3605495095252991,0.1157250702381134
0,/home/featurize/work/USCT_repro/USCT_download/c5_wavefield_data/smoke64src_train20_val5/train/train_1.npz,48,19,236,0.3917645812034607,0.1198655217885971
0,/home/featurize/work/USCT_repro/USCT_download/c5_wavefield_data/smoke64src_train20_val5/train/train_1.npz,49,20,215,0.4069232940673828,0.13254812359809875
0,/home/featurize/work/USCT_repro/USCT_download/c5_wavefield_data/smoke64src_train20_val5/train/train_1.npz,50,24,194,0.4240075945854187,0.12770244479179382
0,/home/featurize/work/USCT_repro/USCT_download/c5_wavefield_data/smoke64src_train20_val5/train/train_1.npz,51,29,174,0.41899508237838745,0.13745401799678802
0,/home/featurize/work/USCT_repro/USCT_download/c5_wavefield_data/smoke64src_train20_val5/train/train_1.npz,52,36,154,0.4228045642375946,0.13663455843925476
0,/home/featurize/work/USCT_repro/USCT_download/c5_wavefield_data/smoke64src_train20_val5/train/train_1.npz,53,46,135,0.39918196201324463,0.1351669281721115
0,/home/featurize/work/USCT_repro/USCT_download/c5_wavefield_data/smoke64src_train20_val5/train/train_1.npz,54,57,116,0.3665807247161865,0.12085319310426712
0,/home/featurize/work/USCT_repro/USCT_download/c5_wavefield_data/smoke64src_train20_val5/train/train_1.npz,55,69,99,0.356089323759079,0.12308062613010406
0,/home/featurize/work/USCT_repro/USCT_download/c5_wavefield_data/smoke64src_train20_val5/train/train_1.npz,56,84,84,0.37619268894195557,0.1302855908870697
0,/home/featurize/work/USCT_repro/USCT_download/c5_wavefield_data/smoke64src_train20_val5/train/train_1.npz,57,99,69,0.3922331631183624,0.1360410898923874
0,/home/featurize/work/USCT_repro/USCT_download/c5_wavefield_data/smoke64src_train20_val5/train/train_1.npz,58,116,57,0.4067763090133667,0.1403234302997589
0,/home/featurize/work/USCT_repro/USCT_download/c5_wavefield_data/smoke64src_train20_val5/train/train_1.npz,59,135,46,0.4153991639614105,0.1539728045463562
0,/home/featurize/work/USCT_repro/USCT_download/c5_wavefield_data/smoke64src_train20_val5/train/train_1.npz,60,154,36,0.4232257306575775,0.13112734258174896
0,/home/featurize/work/USCT_repro/USCT_download/c5_wavefield_data/smoke64src_train20_val5/train/train_1.npz,61,174,29,0.42807960510253906,0.1412993222475052
0,/home/featurize/work/USCT_repro/USCT_download/c5_wavefield_data/smoke64src_train20_val5/train/train_1.npz,62,194,24,0.4315457344055176,0.1363721638917923
0,/home/featurize/work/USCT_repro/USCT_download/c5_wavefield_data/smoke64src_train20_val5/train/train_1.npz,63,215,20,0.44445323944091797,0.14562265574932098
1,/home/featurize/work/USCT_repro/USCT_download/c5_wavefield_data/smoke64src_train20_val5/train/train_2.npz,0,246,19,0.42247724533081055,0.11634301394224167
1,/home/featurize/work/USCT_repro/USCT_download/c5_wavefield_data/smoke64src_train20_val5/train/train_2.npz,1,267,20,0.45164811611175537,0.12833590805530548
1,/home/featurize/work/USCT_repro/USCT_download/c5_wavefield_data/smoke64src_train20_val5/train/train_2.npz,2,288,24,0.463675856590271,0.1299867182970047
1,/home/featurize/work/USCT_repro/USCT_download/c5_wavefield_data/smoke64src_train20_val5/train/train_2.npz,3,309,30,0.42592158913612366,0.1271771490573883
1,/home/featurize/work/USCT_repro/USCT_download/c5_wavefield_data/smoke64src_train20_val5/train/train_2.npz,4,329,37,0.37085896730422974,0.11211170256137848
1,/home/featurize/work/USCT_repro/USCT_download/c5_wavefield_data/smoke64src_train20_val5/train/train_2.npz,5,348,47,0.32645970582962036,0.10553637146949768
1,/home/featurize/work/USCT_repro/USCT_download/c5_wavefield_data/smoke64src_train20_val5/train/train_2.npz,6,366,58,0.33298036456108093,0.1135706678032875
1,/home/featurize/work/USCT_repro/USCT_download/c5_wavefield_data/smoke64src_train20_val5/train/train_2.npz,7,383,71,0.305537611246109,0.10653775185346603
1,/home/featurize/work/USCT_repro/USCT_download/c5_wavefield_data/smoke64src_train20_val5/train/train_2.npz,8,398,85,0.2963745892047882,0.09672580659389496
1,/home/featurize/work/USCT_repro/USCT_download/c5_wavefield_data/smoke64src_train20_val5/train/train_2.npz,9,412,101,0.31096312403678894,0.1047888770699501
1,/home/featurize/work/USCT_repro/USCT_download/c5_wavefield_data/smoke64src_train20_val5/train/train_2.npz,10,425,119,0.3199656009674072,0.11128874868154526
1,/home/featurize/work/USCT_repro/USCT_download/c5_wavefield_data/smoke64src_train20_val5/train/train_2.npz,11,436,137,0.3204233646392822,0.11068351566791534
1,/home/featurize/work/USCT_repro/USCT_download/c5_wavefield_data/smoke64src_train20_val5/train/train_2.npz,12,445,156,0.3300444185733795,0.10710891336202621
1,/home/featurize/work/USCT_repro/USCT_download/c5_wavefield_data/smoke64src_train20_val5/train/train_2.npz,13,452,176,0.33327406644821167,0.11984443664550781
1,/home/featurize/work/USCT_repro/USCT_download/c5_wavefield_data/smoke64src_train20_val5/train/train_2.npz,14,457,197,0.3441997766494751,0.12107107788324356
1,/home/featurize/work/USCT_repro/USCT_download/c5_wavefield_data/smoke64src_train20_val5/train/train_2.npz,15,460,218,0.35249459743499756,0.12356294691562653
1,/home/featurize/work/USCT_repro/USCT_download/c5_wavefield_data/smoke64src_train20_val5/train/train_2.npz,16,461,245,0.3548554480075836,0.11962027847766876
1,/home/featurize/work/USCT_repro/USCT_download/c5_wavefield_data/smoke64src_train20_val5/train/train_2.npz,17,460,266,0.3582157790660858,0.12625902891159058
1,/home/featurize/work/USCT_repro/USCT_download/c5_wavefield_data/smoke64src_train20_val5/train/train_2.npz,18,456,287,0.35312750935554504,0.12109734863042831
1,/home/featurize/work/USCT_repro/USCT_download/c5_wavefield_data/smoke64src_train20_val5/train/train_2.npz,19,451,308,0.346527099609375,0.11889336258172989
1,/home/featurize/work/USCT_repro/USCT_download/c5_wavefield_data/smoke64src_train20_val5/train/train_2.npz,20,443,328,0.33326074481010437,0.11012457311153412
1,/home/featurize/work/USCT_repro/USCT_download/c5_wavefield_data/smoke64src_train20_val5/train/train_2.npz,21,434,347,0.32002946734428406,0.11069868505001068
1,/home/featurize/work/USCT_repro/USCT_download/c5_wavefield_data/smoke64src_train20_val5/train/train_2.npz,22,423,365,0.32449427247047424,0.10735101252794266
1,/home/featurize/work/USCT_repro/USCT_download/c5_wavefield_data/smoke64src_train20_val5/train/train_2.npz,23,410,382,0.3196357190608978,0.11132127046585083
1,/home/featurize/work/USCT_repro/USCT_download/c5_wavefield_data/smoke64src_train20_val5/train/train_2.npz,24,395,397,0.336173415184021,0.12043695896863937
1,/home/featurize/work/USCT_repro/USCT_download/c5_wavefield_data/smoke64src_train20_val5/train/train_2.npz,25,380,412,0.3196169435977936,0.11130833625793457
1,/home/featurize/work/USCT_repro/USCT_download/c5_wavefield_data/smoke64src_train20_val5/train/train_2.npz,26,362,424,0.33043012022972107,0.10350295156240463
1,/home/featurize/work/USCT_repro/USCT_download/c5_wavefield_data/smoke64src_train20_val5/train/train_2.npz,27,344,435,0.35228076577186584,0.11945454776287079
1,/home/featurize/work/USCT_repro/USCT_download/c5_wavefield_data/smoke64src_train20_val5/train/train_2.npz,28,325,444,0.36515986919403076,0.11367365717887878
1,/home/featurize/work/USCT_repro/USCT_download/c5_wavefield_data/smoke64src_train20_val5/train/train_2.npz,29,305,451,0.3805479109287262,0.11846720427274704
1,/home/featurize/work/USCT_repro/USCT_download/c5_wavefield_data/smoke64src_train20_val5/train/train_2.npz,30,284,457,0.39187464118003845,0.11846163868904114
1,/home/featurize/work/USCT_repro/USCT_download/c5_wavefield_data/smoke64src_train20_val5/train/train_2.npz,31,263,460,0.383831262588501,0.11934129148721695
1,/home/featurize/work/USCT_repro/USCT_download/c5_wavefield_data/smoke64src_train20_val5/train/train_2.npz,32,235,461,0.3695231080055237,0.1216956228017807
1,/home/featurize/work/USCT_repro/USCT_download/c5_wavefield_data/smoke64src_train20_val5/train/train_2.npz,33,214,460,0.3619460165500641,0.11367550492286682
1,/home/featurize/work/USCT_repro/USCT_download/c5_wavefield_data/smoke64src_train20_val5/train/train_2.npz,34,193,456,0.3572430908679962,0.10781726986169815
1,/home/featurize/work/USCT_repro/USCT_download/c5_wavefield_data/smoke64src_train20_val5/train/train_2.npz,35,173,451,0.35853493213653564,0.11805792152881622
1,/home/featurize/work/USCT_repro/USCT_download/c5_wavefield_data/smoke64src_train20_val5/train/train_2.npz,36,153,443,0.36598023772239685,0.12314093112945557
1,/home/featurize/work/USCT_repro/USCT_download/c5_wavefield_data/smoke64src_train20_val5/train/train_2.npz,37,134,434,0.3625100255012512,0.12103308737277985
1,/home/featurize/work/USCT_repro/USCT_download/c5_wavefield_data/smoke64src_train20_val5/train/train_2.npz,38,115,423,0.3607170879840851,0.12477125972509384
1,/home/featurize/work/USCT_repro/USCT_download/c5_wavefield_data/smoke64src_train20_val5/train/train_2.npz,39,98,410,0.3505708873271942,0.12052100896835327
1,/home/featurize/work/USCT_repro/USCT_download/c5_wavefield_data/smoke64src_train20_val5/train/train_2.npz,40,83,396,0.3279147446155548,0.11196308583021164
1,/home/featurize/work/USCT_repro/USCT_download/c5_wavefield_data/smoke64src_train20_val5/train/train_2.npz,41,69,380,0.307509183883667,0.10689013451337814
1,/home/featurize/work/USCT_repro/USCT_download/c5_wavefield_data/smoke64src_train20_val5/train/train_2.npz,42,56,363,0.2984514832496643,0.10124363005161285
1,/home/featurize/work/USCT_repro/USCT_download/c5_wavefield_data/smoke64src_train20_val5/train/train_2.npz,43,45,344,0.2946038246154785,0.09912853688001633
1,/home/featurize/work/USCT_repro/USCT_download/c5_wavefield_data/smoke64src_train20_val5/train/train_2.npz,44,36,325,0.2994765043258667,0.09705329686403275
1,/home/featurize/work/USCT_repro/USCT_download/c5_wavefield_data/smoke64src_train20_val5/train/train_2.npz,45,29,305,0.310569167137146,0.09611476212739944
1,/home/featurize/work/USCT_repro/USCT_download/c5_wavefield_data/smoke64src_train20_val5/train/train_2.npz,46,23,285,0.3215542435646057,0.107602559030056
1,/home/featurize/work/USCT_repro/USCT_download/c5_wavefield_data/smoke64src_train20_val5/train/train_2.npz,47,20,264,0.33424362540245056,0.10865150392055511
1,/home/featurize/work/USCT_repro/USCT_download/c5_wavefield_data/smoke64src_train20_val5/train/train_2.npz,48,19,236,0.3447166085243225,0.11643572151660919
1,/home/featurize/work/USCT_repro/USCT_download/c5_wavefield_data/smoke64src_train20_val5/train/train_2.npz,49,20,215,0.34926384687423706,0.11386149376630783
1,/home/featurize/work/USCT_repro/USCT_download/c5_wavefield_data/smoke64src_train20_val5/train/train_2.npz,50,24,194,0.3559572100639343,0.11797715723514557
1,/home/featurize/work/USCT_repro/USCT_download/c5_wavefield_data/smoke64src_train20_val5/train/train_2.npz,51,29,174,0.35351261496543884,0.11350835859775543
1,/home/featurize/work/USCT_repro/USCT_download/c5_wavefield_data/smoke64src_train20_val5/train/train_2.npz,52,36,154,0.3487589955329895,0.11870086938142776
1,/home/featurize/work/USCT_repro/USCT_download/c5_wavefield_data/smoke64src_train20_val5/train/train_2.npz,53,46,135,0.3468266725540161,0.12260900437831879
1,/home/featurize/work/USCT_repro/USCT_download/c5_wavefield_data/smoke64src_train20_val5/train/train_2.npz,54,57,116,0.3353213667869568,0.11383099853992462
1,/home/featurize/work/USCT_repro/USCT_download/c5_wavefield_data/smoke64src_train20_val5/train/train_2.npz,55,69,99,0.32456061244010925,0.11190637201070786
1,/home/featurize/work/USCT_repro/USCT_download/c5_wavefield_data/smoke64src_train20_val5/train/train_2.npz,56,84,84,0.3204090893268585,0.10907092690467834
1,/home/featurize/work/USCT_repro/USCT_download/c5_wavefield_data/smoke64src_train20_val5/train/train_2.npz,57,99,69,0.32091954350471497,0.1044095903635025
1,/home/featurize/work/USCT_repro/USCT_download/c5_wavefield_data/smoke64src_train20_val5/train/train_2.npz,58,116,57,0.3202013671398163,0.11678937822580338
1,/home/featurize/work/USCT_repro/USCT_download/c5_wavefield_data/smoke64src_train20_val5/train/train_2.npz,59,135,46,0.32794269919395447,0.11523602157831192
1,/home/featurize/work/USCT_repro/USCT_download/c5_wavefield_data/smoke64src_train20_val5/train/train_2.npz,60,154,36,0.3331793546676636,0.11162960529327393
1,/home/featurize/work/USCT_repro/USCT_download/c5_wavefield_data/smoke64src_train20_val5/train/train_2.npz,61,174,29,0.35729148983955383,0.12222142517566681
1,/home/featurize/work/USCT_repro/USCT_download/c5_wavefield_data/smoke64src_train20_val5/train/train_2.npz,62,194,24,0.371474951505661,0.11472421139478683
1,/home/featurize/work/USCT_repro/USCT_download/c5_wavefield_data/smoke64src_train20_val5/train/train_2.npz,63,215,20,0.3849749267101288,0.12346887588500977
2,/home/featurize/work/USCT_repro/USCT_download/c5_wavefield_data/smoke64src_train20_val5/train/train_3.npz,0,246,19,0.35026586055755615,0.10907980799674988
2,/home/featurize/work/USCT_repro/USCT_download/c5_wavefield_data/smoke64src_train20_val5/train/train_3.npz,1,267,20,0.36185941100120544,0.1132206916809082
2,/home/featurize/work/USCT_repro/USCT_download/c5_wavefield_data/smoke64src_train20_val5/train/train_3.npz,2,288,24,0.36604323983192444,0.1079292818903923
2,/home/featurize/work/USCT_repro/USCT_download/c5_wavefield_data/smoke64src_train20_val5/train/train_3.npz,3,309,30,0.3574528694152832,0.11255593597888947
2,/home/featurize/work/USCT_repro/USCT_download/c5_wavefield_data/smoke64src_train20_val5/train/train_3.npz,4,329,37,0.3405840992927551,0.10466060787439346
2,/home/featurize/work/USCT_repro/USCT_download/c5_wavefield_data/smoke64src_train20_val5/train/train_3.npz,5,348,47,0.3406201899051666,0.10815150290727615
2,/home/featurize/work/USCT_repro/USCT_download/c5_wavefield_data/smoke64src_train20_val5/train/train_3.npz,6,366,58,0.36148542165756226,0.11440823972225189
2,/home/featurize/work/USCT_repro/USCT_download/c5_wavefield_data/smoke64src_train20_val5/train/train_3.npz,7,383,71,0.3706679344177246,0.12285815179347992
2,/home/featurize/work/USCT_repro/USCT_download/c5_wavefield_data/smoke64src_train20_val5/train/train_3.npz,8,398,85,0.3802841305732727,0.1252627670764923
2,/home/featurize/work/USCT_repro/USCT_download/c5_wavefield_data/smoke64src_train20_val5/train/train_3.npz,9,412,101,0.3866245448589325,0.11912951618432999
2,/home/featurize/work/USCT_repro/USCT_download/c5_wavefield_data/smoke64src_train20_val5/train/train_3.npz,10,425,119,0.37832143902778625,0.12528276443481445
2,/home/featurize/work/USCT_repro/USCT_download/c5_wavefield_data/smoke64src_train20_val5/train/train_3.npz,11,436,137,0.3644977807998657,0.11403440684080124
2,/home/featurize/work/USCT_repro/USCT_download/c5_wavefield_data/smoke64src_train20_val5/train/train_3.npz,12,445,156,0.36439600586891174,0.11293183267116547
2,/home/featurize/work/USCT_repro/USCT_download/c5_wavefield_data/smoke64src_train20_val5/train/train_3.npz,13,452,176,0.3800576329231262,0.12483949214220047
2,/home/featurize/work/USCT_repro/USCT_download/c5_wavefield_data/smoke64src_train20_val5/train/train_3.npz,14,457,197,0.38519087433815,0.12543420493602753
2,/home/featurize/work/USCT_repro/USCT_download/c5_wavefield_data/smoke64src_train20_val5/train/train_3.npz,15,460,218,0.38241079449653625,0.12801161408424377
2,/home/featurize/work/USCT_repro/USCT_download/c5_wavefield_data/smoke64src_train20_val5/train/train_3.npz,16,461,245,0.3892964720726013,0.1367262452840805
2,/home/featurize/work/USCT_repro/USCT_download/c5_wavefield_data/smoke64src_train20_val5/train/train_3.npz,17,460,266,0.4025975167751312,0.13258863985538483
2,/home/featurize/work/USCT_repro/USCT_download/c5_wavefield_data/smoke64src_train20_val5/train/train_3.npz,18,456,287,0.39956769347190857,0.13752834498882294
2,/home/featurize/work/USCT_repro/USCT_download/c5_wavefield_data/smoke64src_train20_val5/train/train_3.npz,19,451,308,0.3759506940841675,0.11961517482995987
2,/home/featurize/work/USCT_repro/USCT_download/c5_wavefield_data/smoke64src_train20_val5/train/train_3.npz,20,443,328,0.3653036952018738,0.12015800178050995
2,/home/featurize/work/USCT_repro/USCT_download/c5_wavefield_data/smoke64src_train20_val5/train/train_3.npz,21,434,347,0.3687361180782318,0.12358202785253525
2,/home/featurize/work/USCT_repro/USCT_download/c5_wavefield_data/smoke64src_train20_val5/train/train_3.npz,22,423,365,0.3693314790725708,0.13000378012657166
2,/home/featurize/work/USCT_repro/USCT_download/c5_wavefield_data/smoke64src_train20_val5/train/train_3.npz,23,410,382,0.3764914870262146,0.12962840497493744
2,/home/featurize/work/USCT_repro/USCT_download/c5_wavefield_data/smoke64src_train20_val5/train/train_3.npz,24,395,397,0.37109172344207764,0.1308208405971527
2,/home/featurize/work/USCT_repro/USCT_download/c5_wavefield_data/smoke64src_train20_val5/train/train_3.npz,25,380,412,0.36226317286491394,0.11709503829479218
2,/home/featurize/work/USCT_repro/USCT_download/c5_wavefield_data/smoke64src_train20_val5/train/train_3.npz,26,362,424,0.3509397506713867,0.11718113720417023
2,/home/featurize/work/USCT_repro/USCT_download/c5_wavefield_data/smoke64src_train20_val5/train/train_3.npz,27,344,435,0.34348219633102417,0.11013636738061905
2,/home/featurize/work/USCT_repro/USCT_download/c5_wavefield_data/smoke64src_train20_val5/train/train_3.npz,28,325,444,0.3437262177467346,0.10729320347309113
2,/home/featurize/work/USCT_repro/USCT_download/c5_wavefield_data/smoke64src_train20_val5/train/train_3.npz,29,305,451,0.3438418507575989,0.11046598106622696
2,/home/featurize/work/USCT_repro/USCT_download/c5_wavefield_data/smoke64src_train20_val5/train/train_3.npz,30,284,457,0.34642019867897034,0.10754934698343277
2,/home/featurize/work/USCT_repro/USCT_download/c5_wavefield_data/smoke64src_train20_val5/train/train_3.npz,31,263,460,0.3578721880912781,0.11678624898195267
2,/home/featurize/work/USCT_repro/USCT_download/c5_wavefield_data/smoke64src_train20_val5/train/train_3.npz,32,235,461,0.361308217048645,0.10868997126817703
2,/home/featurize/work/USCT_repro/USCT_download/c5_wavefield_data/smoke64src_train20_val5/train/train_3.npz,33,214,460,0.3661380708217621,0.12216003239154816
2,/home/featurize/work/USCT_repro/USCT_download/c5_wavefield_data/smoke64src_train20_val5/train/train_3.npz,34,193,456,0.3699779510498047,0.12299876660108566
2,/home/featurize/work/USCT_repro/USCT_download/c5_wavefield_data/smoke64src_train20_val5/train/train_3.npz,35,173,451,0.37269964814186096,0.12984533607959747
2,/home/featurize/work/USCT_repro/USCT_download/c5_wavefield_data/smoke64src_train20_val5/train/train_3.npz,36,153,443,0.3545061945915222,0.12135418504476547
2,/home/featurize/work/USCT_repro/USCT_download/c5_wavefield_data/smoke64src_train20_val5/train/train_3.npz,37,134,434,0.3273075819015503,0.11574064195156097
2,/home/featurize/work/USCT_repro/USCT_download/c5_wavefield_data/smoke64src_train20_val5/train/train_3.npz,38,115,423,0.30968770384788513,0.10705424100160599
2,/home/featurize/work/USCT_repro/USCT_download/c5_wavefield_data/smoke64src_train20_val5/train/train_3.npz,39,98,410,0.3077281713485718,0.10911685973405838
2,/home/featurize/work/USCT_repro/USCT_download/c5_wavefield_data/smoke64src_train20_val5/train/train_3.npz,40,83,396,0.31468620896339417,0.1145000010728836
2,/home/featurize/work/USCT_repro/USCT_download/c5_wavefield_data/smoke64src_train20_val5/train/train_3.npz,41,69,380,0.32014814019203186,0.11119946092367172
2,/home/featurize/work/USCT_repro/USCT_download/c5_wavefield_data/smoke64src_train20_val5/train/train_3.npz,42,56,363,0.3315412998199463,0.1131310909986496
2,/home/featurize/work/USCT_repro/USCT_download/c5_wavefield_data/smoke64src_train20_val5/train/train_3.npz,43,45,344,0.35847651958465576,0.12066914886236191
2,/home/featurize/work/USCT_repro/USCT_download/c5_wavefield_data/smoke64src_train20_val5/train/train_3.npz,44,36,325,0.3892937898635864,0.1342538744211197
2,/home/featurize/work/USCT_repro/USCT_download/c5_wavefield_data/smoke64src_train20_val5/train/train_3.npz,45,29,305,0.411666601896286,0.12851092219352722
2,/home/featurize/work/USCT_repro/USCT_download/c5_wavefield_data/smoke64src_train20_val5/train/train_3.npz,46,23,285,0.4076436460018158,0.14150170981884003
2,/home/featurize/work/USCT_repro/USCT_download/c5_wavefield_data/smoke64src_train20_val5/train/train_3.npz,47,20,264,0.4056360423564911,0.1397649198770523
2,/home/featurize/work/USCT_repro/USCT_download/c5_wavefield_data/smoke64src_train20_val5/train/train_3.npz,48,19,236,0.43064209818840027,0.14069974422454834
2,/home/featurize/work/USCT_repro/USCT_download/c5_wavefield_data/smoke64src_train20_val5/train/train_3.npz,49,20,215,0.4453926086425781,0.14460456371307373
2,/home/featurize/work/USCT_repro/USCT_download/c5_wavefield_data/smoke64src_train20_val5/train/train_3.npz,50,24,194,0.43705013394355774,0.1362558901309967
2,/home/featurize/work/USCT_repro/USCT_download/c5_wavefield_data/smoke64src_train20_val5/train/train_3.npz,51,29,174,0.407202810049057,0.13039344549179077
2,/home/featurize/work/USCT_repro/USCT_download/c5_wavefield_data/smoke64src_train20_val5/train/train_3.npz,52,36,154,0.3987162113189697,0.12892453372478485
2,/home/featurize/work/USCT_repro/USCT_download/c5_wavefield_data/smoke64src_train20_val5/train/train_3.npz,53,46,135,0.3852411210536957,0.12717211246490479
2,/home/featurize/work/USCT_repro/USCT_download/c5_wavefield_data/smoke64src_train20_val5/train/train_3.npz,54,57,116,0.3708195090293884,0.12716896831989288
2,/home/featurize/work/USCT_repro/USCT_download/c5_wavefield_data/smoke64src_train20_val5/train/train_3.npz,55,69,99,0.35636967420578003,0.119023896753788
2,/home/featurize/work/USCT_repro/USCT_download/c5_wavefield_data/smoke64src_train20_val5/train/train_3.npz,56,84,84,0.33890458941459656,0.1161685660481453
2,/home/featurize/work/USCT_repro/USCT_download/c5_wavefield_data/smoke64src_train20_val5/train/train_3.npz,57,99,69,0.3278672695159912,0.10769186913967133
2,/home/featurize/work/USCT_repro/USCT_download/c5_wavefield_data/smoke64src_train20_val5/train/train_3.npz,58,116,57,0.32620346546173096,0.10658057779073715
2,/home/featurize/work/USCT_repro/USCT_download/c5_wavefield_data/smoke64src_train20_val5/train/train_3.npz,59,135,46,0.33344659209251404,0.10942048579454422
2,/home/featurize/work/USCT_repro/USCT_download/c5_wavefield_data/smoke64src_train20_val5/train/train_3.npz,60,154,36,0.34589335322380066,0.10936273634433746
2,/home/featurize/work/USCT_repro/USCT_download/c5_wavefield_data/smoke64src_train20_val5/train/train_3.npz,61,174,29,0.3556056320667267,0.11356225609779358
2,/home/featurize/work/USCT_repro/USCT_download/c5_wavefield_data/smoke64src_train20_val5/train/train_3.npz,62,194,24,0.35022085905075073,0.10946422070264816
2,/home/featurize/work/USCT_repro/USCT_download/c5_wavefield_data/smoke64src_train20_val5/train/train_3.npz,63,215,20,0.3461728096008301,0.11016422510147095
3,/home/featurize/work/USCT_repro/USCT_download/c5_wavefield_data/smoke64src_train20_val5/train/train_4.npz,0,246,19,0.3443976640701294,0.11043296754360199
3,/home/featurize/work/USCT_repro/USCT_download/c5_wavefield_data/smoke64src_train20_val5/train/train_4.npz,1,267,20,0.3484317362308502,0.1205197423696518
3,/home/featurize/work/USCT_repro/USCT_download/c5_wavefield_data/smoke64src_train20_val5/train/train_4.npz,2,288,24,0.35428565740585327,0.11673326045274734
3,/home/featurize/work/USCT_repro/USCT_download/c5_wavefield_data/smoke64src_train20_val5/train/train_4.npz,3,309,30,0.3590088486671448,0.11960577964782715
3,/home/featurize/work/USCT_repro/USCT_download/c5_wavefield_data/smoke64src_train20_val5/train/train_4.npz,4,329,37,0.35703596472740173,0.12034717947244644
3,/home/featurize/work/USCT_repro/USCT_download/c5_wavefield_data/smoke64src_train20_val5/train/train_4.npz,5,348,47,0.3447033762931824,0.12040771543979645
3,/home/featurize/work/USCT_repro/USCT_download/c5_wavefield_data/smoke64src_train20_val5/train/train_4.npz,6,366,58,0.32510146498680115,0.11691266298294067
3,/home/featurize/work/USCT_repro/USCT_download/c5_wavefield_data/smoke64src_train20_val5/train/train_4.npz,7,383,71,0.31012770533561707,0.10934998095035553
3,/home/featurize/work/USCT_repro/USCT_download/c5_wavefield_data/smoke64src_train20_val5/train/train_4.npz,8,398,85,0.30539214611053467,0.11765201389789581
3,/home/featurize/work/USCT_repro/USCT_download/c5_wavefield_data/smoke64src_train20_val5/train/train_4.npz,9,412,101,0.3024957478046417,0.1074051633477211
3,/home/featurize/work/USCT_repro/USCT_download/c5_wavefield_data/smoke64src_train20_val5/train/train_4.npz,10,425,119,0.30575963854789734,0.10552451014518738
3,/home/featurize/work/USCT_repro/USCT_download/c5_wavefield_data/smoke64src_train20_val5/train/train_4.npz,11,436,137,0.3069453835487366,0.1053532287478447
3,/home/featurize/work/USCT_repro/USCT_download/c5_wavefield_data/smoke64src_train20_val5/train/train_4.npz,12,445,156,0.32278719544410706,0.10716450214385986
3,/home/featurize/work/USCT_repro/USCT_download/c5_wavefield_data/smoke64src_train20_val5/train/train_4.npz,13,452,176,0.35206785798072815,0.1138242706656456
3,/home/featurize/work/USCT_repro/USCT_download/c5_wavefield_data/smoke64src_train20_val5/train/train_4.npz,14,457,197,0.36831134557724,0.11799884587526321
3,/home/featurize/work/USCT_repro/USCT_download/c5_wavefield_data/smoke64src_train20_val5/train/train_4.npz,15,460,218,0.3748095631599426,0.1220003217458725
3,/home/featurize/work/USCT_repro/USCT_download/c5_wavefield_data/smoke64src_train20_val5/train/train_4.npz,16,461,245,0.39194536209106445,0.11885274946689606
3,/home/featurize/work/USCT_repro/USCT_download/c5_wavefield_data/smoke64src_train20_val5/train/train_4.npz,17,460,266,0.40508562326431274,0.12019112706184387
3,/home/featurize/work/USCT_repro/USCT_download/c5_wavefield_data/smoke64src_train20_val5/train/train_4.npz,18,456,287,0.394057959318161,0.12449372559785843
3,/home/featurize/work/USCT_repro/USCT_download/c5_wavefield_data/smoke64src_train20_val5/train/train_4.npz,19,451,308,0.37437114119529724,0.12318704277276993
3,/home/featurize/work/USCT_repro/USCT_download/c5_wavefield_data/smoke64src_train20_val5/train/train_4.npz,20,443,328,0.35362479090690613,0.11215481162071228
3,/home/featurize/work/USCT_repro/USCT_download/c5_wavefield_data/smoke64src_train20_val5/train/train_4.npz,21,434,347,0.3452145755290985,0.1136258989572525
3,/home/featurize/work/USCT_repro/USCT_download/c5_wavefield_data/smoke64src_train20_val5/train/train_4.npz,22,423,365,0.33607006072998047,0.11278829723596573
3,/home/featurize/work/USCT_repro/USCT_download/c5_wavefield_data/smoke64src_train20_val5/train/train_4.npz,23,410,382,0.31578752398490906,0.11095476150512695
3,/home/featurize/work/USCT_repro/USCT_download/c5_wavefield_data/smoke64src_train20_val5/train/train_4.npz,24,395,397,0.3012183904647827,0.11047272384166718
3,/home/featurize/work/USCT_repro/USCT_download/c5_wavefield_data/smoke64src_train20_val5/train/train_4.npz,25,380,412,0.30828946828842163,0.11321962624788284
3,/home/featurize/work/USCT_repro/USCT_download/c5_wavefield_data/smoke64src_train20_val5/train/train_4.npz,26,362,424,0.31397831439971924,0.10207509249448776
3,/home/featurize/work/USCT_repro/USCT_download/c5_wavefield_data/smoke64src_train20_val5/train/train_4.npz,27,344,435,0.3132203221321106,0.10169436037540436
3,/home/featurize/work/USCT_repro/USCT_download/c5_wavefield_data/smoke64src_train20_val5/train/train_4.npz,28,325,444,0.3180431127548218,0.11223599314689636
3,/home/featurize/work/USCT_repro/USCT_download/c5_wavefield_data/smoke64src_train20_val5/train/train_4.npz,29,305,451,0.32599812746047974,0.11649668216705322
3,/home/featurize/work/USCT_repro/USCT_download/c5_wavefield_data/smoke64src_train20_val5/train/train_4.npz,30,284,457,0.33520808815956116,0.11164771765470505
3,/home/featurize/work/USCT_repro/USCT_download/c5_wavefield_data/smoke64src_train20_val5/train/train_4.npz,31,263,460,0.342781126499176,0.11249824613332748
3,/home/featurize/work/USCT_repro/USCT_download/c5_wavefield_data/smoke64src_train20_val5/train/train_4.npz,32,235,461,0.34336137771606445,0.11173416674137115
3,/home/featurize/work/USCT_repro/USCT_download/c5_wavefield_data/smoke64src_train20_val5/train/train_4.npz,33,214,460,0.3477666974067688,0.11281877756118774
3,/home/featurize/work/USCT_repro/USCT_download/c5_wavefield_data/smoke64src_train20_val5/train/train_4.npz,34,193,456,0.33833208680152893,0.11464735865592957
3,/home/featurize/work/USCT_repro/USCT_download/c5_wavefield_data/smoke64src_train20_val5/train/train_4.npz,35,173,451,0.3290851414203644,0.11137738823890686
3,/home/featurize/work/USCT_repro/USCT_download/c5_wavefield_data/smoke64src_train20_val5/train/train_4.npz,36,153,443,0.3252314031124115,0.10863807797431946
3,/home/featurize/work/USCT_repro/USCT_download/c5_wavefield_data/smoke64src_train20_val5/train/train_4.npz,37,134,434,0.32692965865135193,0.10205242782831192
3,/home/featurize/work/USCT_repro/USCT_download/c5_wavefield_data/smoke64src_train20_val5/train/train_4.npz,38,115,423,0.3395375907421112,0.10692239552736282
3,/home/featurize/work/USCT_repro/USCT_download/c5_wavefield_data/smoke64src_train20_val5/train/train_4.npz,39,98,410,0.3433104455471039,0.10642259567975998
3,/home/featurize/work/USCT_repro/USCT_download/c5_wavefield_data/smoke64src_train20_val5/train/train_4.npz,40,83,396,0.3417540192604065,0.10561830550432205
3,/home/featurize/work/USCT_repro/USCT_download/c5_wavefield_data/smoke64src_train20_val5/train/train_4.npz,41,69,380,0.32349589467048645,0.10668301582336426
3,/home/featurize/work/USCT_repro/USCT_download/c5_wavefield_data/smoke64src_train20_val5/train/train_4.npz,42,56,363,0.31451645493507385,0.09909550100564957
3,/home/featurize/work/USCT_repro/USCT_download/c5_wavefield_data/smoke64src_train20_val5/train/train_4.npz,43,45,344,0.32198089361190796,0.0949939638376236
3,/home/featurize/work/USCT_repro/USCT_download/c5_wavefield_data/smoke64src_train20_val5/train/train_4.npz,44,36,325,0.3324283957481384,0.09967707097530365
3,/home/featurize/work/USCT_repro/USCT_download/c5_wavefield_data/smoke64src_train20_val5/train/train_4.npz,45,29,305,0.354052871465683,0.109049953520298
3,/home/featurize/work/USCT_repro/USCT_download/c5_wavefield_data/smoke64src_train20_val5/train/train_4.npz,46,23,285,0.3563094139099121,0.11148343235254288
3,/home/featurize/work/USCT_repro/USCT_download/c5_wavefield_data/smoke64src_train20_val5/train/train_4.npz,47,20,264,0.3662799000740051,0.12035501003265381
3,/home/featurize/work/USCT_repro/USCT_download/c5_wavefield_data/smoke64src_train20_val5/train/train_4.npz,48,19,236,0.3746318817138672,0.11927834898233414
3,/home/featurize/work/USCT_repro/USCT_download/c5_wavefield_data/smoke64src_train20_val5/train/train_4.npz,49,20,215,0.3627658188343048,0.11589530855417252
3,/home/featurize/work/USCT_repro/USCT_download/c5_wavefield_data/smoke64src_train20_val5/train/train_4.npz,50,24,194,0.3463829755783081,0.11257437616586685
3,/home/featurize/work/USCT_repro/USCT_download/c5_wavefield_data/smoke64src_train20_val5/train/train_4.npz,51,29,174,0.3478260636329651,0.11892957240343094
3,/home/featurize/work/USCT_repro/USCT_download/c5_wavefield_data/smoke64src_train20_val5/train/train_4.npz,52,36,154,0.35532113909721375,0.12972748279571533
3,/home/featurize/work/USCT_repro/USCT_download/c5_wavefield_data/smoke64src_train20_val5/train/train_4.npz,53,46,135,0.35401973128318787,0.13023026287555695
3,/home/featurize/work/USCT_repro/USCT_download/c5_wavefield_data/smoke64src_train20_val5/train/train_4.npz,54,57,116,0.3450475335121155,0.12451918423175812
3,/home/featurize/work/USCT_repro/USCT_download/c5_wavefield_data/smoke64src_train20_val5/train/train_4.npz,55,69,99,0.32542651891708374,0.11598700284957886
3,/home/featurize/work/USCT_repro/USCT_download/c5_wavefield_data/smoke64src_train20_val5/train/train_4.npz,56,84,84,0.31268465518951416,0.10244511067867279
3,/home/featurize/work/USCT_repro/USCT_download/c5_wavefield_data/smoke64src_train20_val5/train/train_4.npz,57,99,69,0.2997470796108246,0.09607040137052536
3,/home/featurize/work/USCT_repro/USCT_download/c5_wavefield_data/smoke64src_train20_val5/train/train_4.npz,58,116,57,0.2943997383117676,0.09843629598617554
3,/home/featurize/work/USCT_repro/USCT_download/c5_wavefield_data/smoke64src_train20_val5/train/train_4.npz,59,135,46,0.2892709970474243,0.0950973853468895
3,/home/featurize/work/USCT_repro/USCT_download/c5_wavefield_data/smoke64src_train20_val5/train/train_4.npz,60,154,36,0.29509446024894714,0.09450270235538483
3,/home/featurize/work/USCT_repro/USCT_download/c5_wavefield_data/smoke64src_train20_val5/train/train_4.npz,61,174,29,0.3022366166114807,0.10028690099716187
3,/home/featurize/work/USCT_repro/USCT_download/c5_wavefield_data/smoke64src_train20_val5/train/train_4.npz,62,194,24,0.312934011220932,0.10174766927957535
3,/home/featurize/work/USCT_repro/USCT_download/c5_wavefield_data/smoke64src_train20_val5/train/train_4.npz,63,215,20,0.32626694440841675,0.10737413913011551
4,/home/featurize/work/USCT_repro/USCT_download/c5_wavefield_data/smoke64src_train20_val5/train/train_5.npz,0,246,19,0.3980749845504761,0.12829458713531494
4,/home/featurize/work/USCT_repro/USCT_download/c5_wavefield_data/smoke64src_train20_val5/train/train_5.npz,1,267,20,0.4188375771045685,0.13773073256015778
4,/home/featurize/work/USCT_repro/USCT_download/c5_wavefield_data/smoke64src_train20_val5/train/train_5.npz,2,288,24,0.4273143708705902,0.1378488391637802
4,/home/featurize/work/USCT_repro/USCT_download/c5_wavefield_data/smoke64src_train20_val5/train/train_5.npz,3,309,30,0.4350205063819885,0.14268213510513306
4,/home/featurize/work/USCT_repro/USCT_download/c5_wavefield_data/smoke64src_train20_val5/train/train_5.npz,4,329,37,0.42648667097091675,0.13794498145580292
4,/home/featurize/work/USCT_repro/USCT_download/c5_wavefield_data/smoke64src_train20_val5/train/train_5.npz,5,348,47,0.43914055824279785,0.1469014585018158
4,/home/featurize/work/USCT_repro/USCT_download/c5_wavefield_data/smoke64src_train20_val5/train/train_5.npz,6,366,58,0.45840516686439514,0.14204458892345428
4,/home/featurize/work/USCT_repro/USCT_download/c5_wavefield_data/smoke64src_train20_val5/train/train_5.npz,7,383,71,0.46551233530044556,0.15650984644889832
4,/home/featurize/work/USCT_repro/USCT_download/c5_wavefield_data/smoke64src_train20_val5/train/train_5.npz,8,398,85,0.45571228861808777,0.15085875988006592
4,/home/featurize/work/USCT_repro/USCT_download/c5_wavefield_data/smoke64src_train20_val5/train/train_5.npz,9,412,101,0.45650404691696167,0.14432838559150696
4,/home/featurize/work/USCT_repro/USCT_download/c5_wavefield_data/smoke64src_train20_val5/train/train_5.npz,10,425,119,0.43695637583732605,0.14028064906597137
4,/home/featurize/work/USCT_repro/USCT_download/c5_wavefield_data/smoke64src_train20_val5/train/train_5.npz,11,436,137,0.41648760437965393,0.12934768199920654
4,/home/featurize/work/USCT_repro/USCT_download/c5_wavefield_data/smoke64src_train20_val5/train/train_5.npz,12,445,156,0.43454205989837646,0.14465491473674774
4,/home/featurize/work/USCT_repro/USCT_download/c5_wavefield_data/smoke64src_train20_val5/train/train_5.npz,13,452,176,0.4483753740787506,0.15038777887821198
4,/home/featurize/work/USCT_repro/USCT_download/c5_wavefield_data/smoke64src_train20_val5/train/train_5.npz,14,457,197,0.4421561658382416,0.14576609432697296
4,/home/featurize/work/USCT_repro/USCT_download/c5_wavefield_data/smoke64src_train20_val5/train/train_5.npz,15,460,218,0.4524744153022766,0.15443624556064606
4,/home/featurize/work/USCT_repro/USCT_download/c5_wavefield_data/smoke64src_train20_val5/train/train_5.npz,16,461,245,0.4498465061187744,0.1491689234972
4,/home/featurize/work/USCT_repro/USCT_download/c5_wavefield_data/smoke64src_train20_val5/train/train_5.npz,17,460,266,0.4481129050254822,0.1558358073234558
4,/home/featurize/work/USCT_repro/USCT_download/c5_wavefield_data/smoke64src_train20_val5/train/train_5.npz,18,456,287,0.4418041408061981,0.15432260930538177
4,/home/featurize/work/USCT_repro/USCT_download/c5_wavefield_data/smoke64src_train20_val5/train/train_5.npz,19,451,308,0.44516950845718384,0.1518796980381012
4,/home/featurize/work/USCT_repro/USCT_download/c5_wavefield_data/smoke64src_train20_val5/train/train_5.npz,20,443,328,0.44181039929389954,0.1519269049167633
4,/home/featurize/work/USCT_repro/USCT_download/c5_wavefield_data/smoke64src_train20_val5/train/train_5.npz,21,434,347,0.44673657417297363,0.15440398454666138
4,/home/featurize/work/USCT_repro/USCT_download/c5_wavefield_data/smoke64src_train20_val5/train/train_5.npz,22,423,365,0.45850425958633423,0.15457674860954285
4,/home/featurize/work/USCT_repro/USCT_download/c5_wavefield_data/smoke64src_train20_val5/train/train_5.npz,23,410,382,0.4558393955230713,0.16427165269851685
4,/home/featurize/work/USCT_repro/USCT_download/c5_wavefield_data/smoke64src_train20_val5/train/train_5.npz,24,395,397,0.4669444262981415,0.1564355194568634
4,/home/featurize/work/USCT_repro/USCT_download/c5_wavefield_data/smoke64src_train20_val5/train/train_5.npz,25,380,412,0.4591052830219269,0.16415296494960785
4,/home/featurize/work/USCT_repro/USCT_download/c5_wavefield_data/smoke64src_train20_val5/train/train_5.npz,26,362,424,0.44941502809524536,0.15819066762924194
4,/home/featurize/work/USCT_repro/USCT_download/c5_wavefield_data/smoke64src_train20_val5/train/train_5.npz,27,344,435,0.4331005811691284,0.15061986446380615
4,/home/featurize/work/USCT_repro/USCT_download/c5_wavefield_data/smoke64src_train20_val5/train/train_5.npz,28,325,444,0.42825356125831604,0.13840104639530182
4,/home/featurize/work/USCT_repro/USCT_download/c5_wavefield_data/smoke64src_train20_val5/train/train_5.npz,29,305,451,0.4319630563259125,0.14620374143123627
4,/home/featurize/work/USCT_repro/USCT_download/c5_wavefield_data/smoke64src_train20_val5/train/train_5.npz,30,284,457,0.4425509572029114,0.14236821234226227
4,/home/featurize/work/USCT_repro/USCT_download/c5_wavefield_data/smoke64src_train20_val5/train/train_5.npz,31,263,460,0.43049827218055725,0.13382217288017273
4,/home/featurize/work/USCT_repro/USCT_download/c5_wavefield_data/smoke64src_train20_val5/train/train_5.npz,32,235,461,0.38661864399909973,0.12181300669908524
4,/home/featurize/work/USCT_repro/USCT_download/c5_wavefield_data/smoke64src_train20_val5/train/train_5.npz,33,214,460,0.35910752415657043,0.12062045186758041
4,/home/featurize/work/USCT_repro/USCT_download/c5_wavefield_data/smoke64src_train20_val5/train/train_5.npz,34,193,456,0.3539312183856964,0.12141916155815125
4,/home/featurize/work/USCT_repro/USCT_download/c5_wavefield_data/smoke64src_train20_val5/train/train_5.npz,35,173,451,0.3538435697555542,0.1291169971227646
4,/home/featurize/work/USCT_repro/USCT_download/c5_wavefield_data/smoke64src_train20_val5/train/train_5.npz,36,153,443,0.35309404134750366,0.12027984857559204
4,/home/featurize/work/USCT_repro/USCT_download/c5_wavefield_data/smoke64src_train20_val5/train/train_5.npz,37,134,434,0.3515949249267578,0.1293211281299591
4,/home/featurize/work/USCT_repro/USCT_download/c5_wavefield_data/smoke64src_train20_val5/train/train_5.npz,38,115,423,0.3462197780609131,0.12802106142044067
4,/home/featurize/work/USCT_repro/USCT_download/c5_wavefield_data/smoke64src_train20_val5/train/train_5.npz,39,98,410,0.35735270380973816,0.13142608106136322
4,/home/featurize/work/USCT_repro/USCT_download/c5_wavefield_data/smoke64src_train20_val5/train/train_5.npz,40,83,396,0.36900755763053894,0.1292770355939865
4,/home/featurize/work/USCT_repro/USCT_download/c5_wavefield_data/smoke64src_train20_val5/train/train_5.npz,41,69,380,0.4014925956726074,0.1468832790851593
4,/home/featurize/work/USCT_repro/USCT_download/c5_wavefield_data/smoke64src_train20_val5/train/train_5.npz,42,56,363,0.4398151636123657,0.14956554770469666
4,/home/featurize/work/USCT_repro/USCT_download/c5_wavefield_data/smoke64src_train20_val5/train/train_5.npz,43,45,344,0.4599266052246094,0.16487236320972443
4,/home/featurize/work/USCT_repro/USCT_download/c5_wavefield_data/smoke64src_train20_val5/train/train_5.npz,44,36,325,0.4712695777416229,0.16387879848480225
4,/home/featurize/work/USCT_repro/USCT_download/c5_wavefield_data/smoke64src_train20_val5/train/train_5.npz,45,29,305,0.4749380350112915,0.16551484167575836
4,/home/featurize/work/USCT_repro/USCT_download/c5_wavefield_data/smoke64src_train20_val5/train/train_5.npz,46,23,285,0.47700560092926025,0.16895540058612823
4,/home/featurize/work/USCT_repro/USCT_download/c5_wavefield_data/smoke64src_train20_val5/train/train_5.npz,47,20,264,0.47738832235336304,0.15844939649105072
4,/home/featurize/work/USCT_repro/USCT_download/c5_wavefield_data/smoke64src_train20_val5/train/train_5.npz,48,19,236,0.5077206492424011,0.16140200197696686
4,/home/featurize/work/USCT_repro/USCT_download/c5_wavefield_data/smoke64src_train20_val5/train/train_5.npz,49,20,215,0.5388535857200623,0.17378833889961243
4,/home/featurize/work/USCT_repro/USCT_download/c5_wavefield_data/smoke64src_train20_val5/train/train_5.npz,50,24,194,0.5570319294929504,0.17069652676582336
4,/home/featurize/work/USCT_repro/USCT_download/c5_wavefield_data/smoke64src_train20_val5/train/train_5.npz,51,29,174,0.5258296728134155,0.16592636704444885
4,/home/featurize/work/USCT_repro/USCT_download/c5_wavefield_data/smoke64src_train20_val5/train/train_5.npz,52,36,154,0.4741118848323822,0.1607142686843872
4,/home/featurize/work/USCT_repro/USCT_download/c5_wavefield_data/smoke64src_train20_val5/train/train_5.npz,53,46,135,0.4426114559173584,0.15048877894878387
4,/home/featurize/work/USCT_repro/USCT_download/c5_wavefield_data/smoke64src_train20_val5/train/train_5.npz,54,57,116,0.4275331497192383,0.14342230558395386
4,/home/featurize/work/USCT_repro/USCT_download/c5_wavefield_data/smoke64src_train20_val5/train/train_5.npz,55,69,99,0.41347745060920715,0.13828924298286438
4,/home/featurize/work/USCT_repro/USCT_download/c5_wavefield_data/smoke64src_train20_val5/train/train_5.npz,56,84,84,0.39043450355529785,0.13783350586891174
4,/home/featurize/work/USCT_repro/USCT_download/c5_wavefield_data/smoke64src_train20_val5/train/train_5.npz,57,99,69,0.3907809853553772,0.1262822151184082
4,/home/featurize/work/USCT_repro/USCT_download/c5_wavefield_data/smoke64src_train20_val5/train/train_5.npz,58,116,57,0.39126595854759216,0.13601650297641754
4,/home/featurize/work/USCT_repro/USCT_download/c5_wavefield_data/smoke64src_train20_val5/train/train_5.npz,59,135,46,0.38262274861335754,0.126194566488266
4,/home/featurize/work/USCT_repro/USCT_download/c5_wavefield_data/smoke64src_train20_val5/train/train_5.npz,60,154,36,0.3857288658618927,0.12563931941986084
4,/home/featurize/work/USCT_repro/USCT_download/c5_wavefield_data/smoke64src_train20_val5/train/train_5.npz,61,174,29,0.380788117647171,0.12612657248973846
4,/home/featurize/work/USCT_repro/USCT_download/c5_wavefield_data/smoke64src_train20_val5/train/train_5.npz,62,194,24,0.38043931126594543,0.1288689821958542
4,/home/featurize/work/USCT_repro/USCT_download/c5_wavefield_data/smoke64src_train20_val5/train/train_5.npz,63,215,20,0.3893686830997467,0.12976676225662231
5,/home/featurize/work/USCT_repro/USCT_download/c5_wavefield_data/smoke64src_train20_val5/train/train_6.npz,0,246,19,0.3980693519115448,0.12317518889904022
5,/home/featurize/work/USCT_repro/USCT_download/c5_wavefield_data/smoke64src_train20_val5/train/train_6.npz,1,267,20,0.3961600661277771,0.12073089927434921
5,/home/featurize/work/USCT_repro/USCT_download/c5_wavefield_data/smoke64src_train20_val5/train/train_6.npz,2,288,24,0.36684754490852356,0.10704381763935089
5,/home/featurize/work/USCT_repro/USCT_download/c5_wavefield_data/smoke64src_train20_val5/train/train_6.npz,3,309,30,0.3356107771396637,0.10227245092391968
5,/home/featurize/work/USCT_repro/USCT_download/c5_wavefield_data/smoke64src_train20_val5/train/train_6.npz,4,329,37,0.32366079092025757,0.09575292468070984
5,/home/featurize/work/USCT_repro/USCT_download/c5_wavefield_data/smoke64src_train20_val5/train/train_6.npz,5,348,47,0.30984389781951904,0.10244244337081909
5,/home/featurize/work/USCT_repro/USCT_download/c5_wavefield_data/smoke64src_train20_val5/train/train_6.npz,6,366,58,0.3013075292110443,0.10082241892814636
5,/home/featurize/work/USCT_repro/USCT_download/c5_wavefield_data/smoke64src_train20_val5/train/train_6.npz,7,383,71,0.2830232083797455,0.09771659970283508
5,/home/featurize/work/USCT_repro/USCT_download/c5_wavefield_data/smoke64src_train20_val5/train/train_6.npz,8,398,85,0.2770634591579437,0.0989222377538681
5,/home/featurize/work/USCT_repro/USCT_download/c5_wavefield_data/smoke64src_train20_val5/train/train_6.npz,9,412,101,0.29030314087867737,0.10413332283496857
5,/home/featurize/work/USCT_repro/USCT_download/c5_wavefield_data/smoke64src_train20_val5/train/train_6.npz,10,425,119,0.29568666219711304,0.10792697221040726
5,/home/featurize/work/USCT_repro/USCT_download/c5_wavefield_data/smoke64src_train20_val5/train/train_6.npz,11,436,137,0.3124479055404663,0.11026355624198914
5,/home/featurize/work/USCT_repro/USCT_download/c5_wavefield_data/smoke64src_train20_val5/train/train_6.npz,12,445,156,0.32145383954048157,0.10904227942228317
5,/home/featurize/work/USCT_repro/USCT_download/c5_wavefield_data/smoke64src_train20_val5/train/train_6.npz,13,452,176,0.32425761222839355,0.10867486149072647
5,/home/featurize/work/USCT_repro/USCT_download/c5_wavefield_data/smoke64src_train20_val5/train/train_6.npz,14,457,197,0.32958734035491943,0.11182486265897751
5,/home/featurize/work/USCT_repro/USCT_download/c5_wavefield_data/smoke64src_train20_val5/train/train_6.npz,15,460,218,0.33496201038360596,0.11525332182645798
5,/home/featurize/work/USCT_repro/USCT_download/c5_wavefield_data/smoke64src_train20_val5/train/train_6.npz,16,461,245,0.34190261363983154,0.11827822029590607
5,/home/featurize/work/USCT_repro/USCT_download/c5_wavefield_data/smoke64src_train20_val5/train/train_6.npz,17,460,266,0.34544235467910767,0.12156874686479568
5,/home/featurize/work/USCT_repro/USCT_download/c5_wavefield_data/smoke64src_train20_val5/train/train_6.npz,18,456,287,0.34313932061195374,0.1174657940864563
5,/home/featurize/work/USCT_repro/USCT_download/c5_wavefield_data/smoke64src_train20_val5/train/train_6.npz,19,451,308,0.32776162028312683,0.11098244786262512
5,/home/featurize/work/USCT_repro/USCT_download/c5_wavefield_data/smoke64src_train20_val5/train/train_6.npz,20,443,328,0.3148980438709259,0.10694776475429535
5,/home/featurize/work/USCT_repro/USCT_download/c5_wavefield_data/smoke64src_train20_val5/train/train_6.npz,21,434,347,0.30084189772605896,0.10761060565710068
5,/home/featurize/work/USCT_repro/USCT_download/c5_wavefield_data/smoke64src_train20_val5/train/train_6.npz,22,423,365,0.30563199520111084,0.0999806821346283
5,/home/featurize/work/USCT_repro/USCT_download/c5_wavefield_data/smoke64src_train20_val5/train/train_6.npz,23,410,382,0.3058314323425293,0.09979414194822311
5,/home/featurize/work/USCT_repro/USCT_download/c5_wavefield_data/smoke64src_train20_val5/train/train_6.npz,24,395,397,0.31880101561546326,0.10515981167554855
5,/home/featurize/work/USCT_repro/USCT_download/c5_wavefield_data/smoke64src_train20_val5/train/train_6.npz,25,380,412,0.32236671447753906,0.10716412216424942
5,/home/featurize/work/USCT_repro/USCT_download/c5_wavefield_data/smoke64src_train20_val5/train/train_6.npz,26,362,424,0.3234393000602722,0.10125716030597687
5,/home/featurize/work/USCT_repro/USCT_download/c5_wavefield_data/smoke64src_train20_val5/train/train_6.npz,27,344,435,0.33335423469543457,0.11146482825279236
5,/home/featurize/work/USCT_repro/USCT_download/c5_wavefield_data/smoke64src_train20_val5/train/train_6.npz,28,325,444,0.3398081064224243,0.11781033128499985
5,/home/featurize/work/USCT_repro/USCT_download/c5_wavefield_data/smoke64src_train20_val5/train/train_6.npz,29,305,451,0.3467945456504822,0.10962416976690292
5,/home/featurize/work/USCT_repro/USCT_download/c5_wavefield_data/smoke64src_train20_val5/train/train_6.npz,30,284,457,0.35702404379844666,0.1153818815946579
5,/home/featurize/work/USCT_repro/USCT_download/c5_wavefield_data/smoke64src_train20_val5/train/train_6.npz,31,263,460,0.3588106334209442,0.11334311962127686
5,/home/featurize/work/USCT_repro/USCT_download/c5_wavefield_data/smoke64src_train20_val5/train/train_6.npz,32,235,461,0.3518376052379608,0.11679230630397797
5,/home/featurize/work/USCT_repro/USCT_download/c5_wavefield_data/smoke64src_train20_val5/train/train_6.npz,33,214,460,0.34742966294288635,0.11368215829133987
5,/home/featurize/work/USCT_repro/USCT_download/c5_wavefield_data/smoke64src_train20_val5/train/train_6.npz,34,193,456,0.3307802677154541,0.11250144988298416
5,/home/featurize/work/USCT_repro/USCT_download/c5_wavefield_data/smoke64src_train20_val5/train/train_6.npz,35,173,451,0.32477590441703796,0.11855164915323257
5,/home/featurize/work/USCT_repro/USCT_download/c5_wavefield_data/smoke64src_train20_val5/train/train_6.npz,36,153,443,0.329135000705719,0.11135940998792648
5,/home/featurize/work/USCT_repro/USCT_download/c5_wavefield_data/smoke64src_train20_val5/train/train_6.npz,37,134,434,0.3201618194580078,0.11656560748815536
5,/home/featurize/work/USCT_repro/USCT_download/c5_wavefield_data/smoke64src_train20_val5/train/train_6.npz,38,115,423,0.3086525797843933,0.10648839175701141
5,/home/featurize/work/USCT_repro/USCT_download/c5_wavefield_data/smoke64src_train20_val5/train/train_6.npz,39,98,410,0.30363929271698,0.10692998766899109
5,/home/featurize/work/USCT_repro/USCT_download/c5_wavefield_data/smoke64src_train20_val5/train/train_6.npz,40,83,396,0.29528987407684326,0.09962863475084305
5,/home/featurize/work/USCT_repro/USCT_download/c5_wavefield_data/smoke64src_train20_val5/train/train_6.npz,41,69,380,0.29128241539001465,0.0996989905834198
5,/home/featurize/work/USCT_repro/USCT_download/c5_wavefield_data/smoke64src_train20_val5/train/train_6.npz,42,56,363,0.29344460368156433,0.0953652560710907
5,/home/featurize/work/USCT_repro/USCT_download/c5_wavefield_data/smoke64src_train20_val5/train/train_6.npz,43,45,344,0.2930493950843811,0.09705060720443726
5,/home/featurize/work/USCT_repro/USCT_download/c5_wavefield_data/smoke64src_train20_val5/train/train_6.npz,44,36,325,0.2946600615978241,0.09797144681215286
5,/home/featurize/work/USCT_repro/USCT_download/c5_wavefield_data/smoke64src_train20_val5/train/train_6.npz,45,29,305,0.3069504499435425,0.09885639697313309
5,/home/featurize/work/USCT_repro/USCT_download/c5_wavefield_data/smoke64src_train20_val5/train/train_6.npz,46,23,285,0.32166892290115356,0.1047137975692749
5,/home/featurize/work/USCT_repro/USCT_download/c5_wavefield_data/smoke64src_train20_val5/train/train_6.npz,47,20,264,0.3286212086677551,0.10325843840837479
5,/home/featurize/work/USCT_repro/USCT_download/c5_wavefield_data/smoke64src_train20_val5/train/train_6.npz,48,19,236,0.3437971770763397,0.11828039586544037
5,/home/featurize/work/USCT_repro/USCT_download/c5_wavefield_data/smoke64src_train20_val5/train/train_6.npz,49,20,215,0.343858540058136,0.10337043553590775
5,/home/featurize/work/USCT_repro/USCT_download/c5_wavefield_data/smoke64src_train20_val5/train/train_6.npz,50,24,194,0.34763675928115845,0.11293136328458786
5,/home/featurize/work/USCT_repro/USCT_download/c5_wavefield_data/smoke64src_train20_val5/train/train_6.npz,51,29,174,0.3407924771308899,0.11283600330352783
5,/home/featurize/work/USCT_repro/USCT_download/c5_wavefield_data/smoke64src_train20_val5/train/train_6.npz,52,36,154,0.32581496238708496,0.1066620796918869
5,/home/featurize/work/USCT_repro/USCT_download/c5_wavefield_data/smoke64src_train20_val5/train/train_6.npz,53,46,135,0.3060338497161865,0.10725294798612595
5,/home/featurize/work/USCT_repro/USCT_download/c5_wavefield_data/smoke64src_train20_val5/train/train_6.npz,54,57,116,0.2898370027542114,0.09991267323493958
5,/home/featurize/work/USCT_repro/USCT_download/c5_wavefield_data/smoke64src_train20_val5/train/train_6.npz,55,69,99,0.2812352180480957,0.0998644009232521
5,/home/featurize/work/USCT_repro/USCT_download/c5_wavefield_data/smoke64src_train20_val5/train/train_6.npz,56,84,84,0.28356653451919556,0.10233472287654877
5,/home/featurize/work/USCT_repro/USCT_download/c5_wavefield_data/smoke64src_train20_val5/train/train_6.npz,57,99,69,0.28480735421180725,0.09687831252813339
5,/home/featurize/work/USCT_repro/USCT_download/c5_wavefield_data/smoke64src_train20_val5/train/train_6.npz,58,116,57,0.2960555851459503,0.10353748500347137
5,/home/featurize/work/USCT_repro/USCT_download/c5_wavefield_data/smoke64src_train20_val5/train/train_6.npz,59,135,46,0.31600692868232727,0.10257022082805634
5,/home/featurize/work/USCT_repro/USCT_download/c5_wavefield_data/smoke64src_train20_val5/train/train_6.npz,60,154,36,0.34022000432014465,0.1118742823600769
5,/home/featurize/work/USCT_repro/USCT_download/c5_wavefield_data/smoke64src_train20_val5/train/train_6.npz,61,174,29,0.36522626876831055,0.10653196275234222
5,/home/featurize/work/USCT_repro/USCT_download/c5_wavefield_data/smoke64src_train20_val5/train/train_6.npz,62,194,24,0.37727928161621094,0.11362946033477783
5,/home/featurize/work/USCT_repro/USCT_download/c5_wavefield_data/smoke64src_train20_val5/train/train_6.npz,63,215,20,0.3852212429046631,0.12162058800458908
6,/home/featurize/work/USCT_repro/USCT_download/c5_wavefield_data/smoke64src_train20_val5/train/train_7.npz,0,246,19,0.3313019871711731,0.10528535395860672
6,/home/featurize/work/USCT_repro/USCT_download/c5_wavefield_data/smoke64src_train20_val5/train/train_7.npz,1,267,20,0.33740100264549255,0.11496458202600479
6,/home/featurize/work/USCT_repro/USCT_download/c5_wavefield_data/smoke64src_train20_val5/train/train_7.npz,2,288,24,0.34626325964927673,0.1195032000541687
6,/home/featurize/work/USCT_repro/USCT_download/c5_wavefield_data/smoke64src_train20_val5/train/train_7.npz,3,309,30,0.35429689288139343,0.1214018166065216
6,/home/featurize/work/USCT_repro/USCT_download/c5_wavefield_data/smoke64src_train20_val5/train/train_7.npz,4,329,37,0.34240972995758057,0.12113083899021149
6,/home/featurize/work/USCT_repro/USCT_download/c5_wavefield_data/smoke64src_train20_val5/train/train_7.npz,5,348,47,0.33969271183013916,0.11750171333551407
6,/home/featurize/work/USCT_repro/USCT_download/c5_wavefield_data/smoke64src_train20_val5/train/train_7.npz,6,366,58,0.33574873208999634,0.11250961571931839
6,/home/featurize/work/USCT_repro/USCT_download/c5_wavefield_data/smoke64src_train20_val5/train/train_7.npz,7,383,71,0.33881711959838867,0.12232955545186996
6,/home/featurize/work/USCT_repro/USCT_download/c5_wavefield_data/smoke64src_train20_val5/train/train_7.npz,8,398,85,0.3368397355079651,0.12174206972122192
6,/home/featurize/work/USCT_repro/USCT_download/c5_wavefield_data/smoke64src_train20_val5/train/train_7.npz,9,412,101,0.3500248193740845,0.12195049971342087
6,/home/featurize/work/USCT_repro/USCT_download/c5_wavefield_data/smoke64src_train20_val5/train/train_7.npz,10,425,119,0.36040014028549194,0.12233472615480423
6,/home/featurize/work/USCT_repro/USCT_download/c5_wavefield_data/smoke64src_train20_val5/train/train_7.npz,11,436,137,0.38050103187561035,0.13099001348018646
6,/home/featurize/work/USCT_repro/USCT_download/c5_wavefield_data/smoke64src_train20_val5/train/train_7.npz,12,445,156,0.38897016644477844,0.12624657154083252
6,/home/featurize/work/USCT_repro/USCT_download/c5_wavefield_data/smoke64src_train20_val5/train/train_7.npz,13,452,176,0.38323286175727844,0.12887802720069885
6,/home/featurize/work/USCT_repro/USCT_download/c5_wavefield_data/smoke64src_train20_val5/train/train_7.npz,14,457,197,0.37822937965393066,0.12256978452205658
6,/home/featurize/work/USCT_repro/USCT_download/c5_wavefield_data/smoke64src_train20_val5/train/train_7.npz,15,460,218,0.3831888437271118,0.1258416622877121
6,/home/featurize/work/USCT_repro/USCT_download/c5_wavefield_data/smoke64src_train20_val5/train/train_7.npz,16,461,245,0.4089403748512268,0.12998482584953308
6,/home/featurize/work/USCT_repro/USCT_download/c5_wavefield_data/smoke64src_train20_val5/train/train_7.npz,17,460,266,0.43062251806259155,0.13323193788528442
6,/home/featurize/work/USCT_repro/USCT_download/c5_wavefield_data/smoke64src_train20_val5/train/train_7.npz,18,456,287,0.4372858703136444,0.13584163784980774
6,/home/featurize/work/USCT_repro/USCT_download/c5_wavefield_data/smoke64src_train20_val5/train/train_7.npz,19,451,308,0.4187931716442108,0.12295354902744293
6,/home/featurize/work/USCT_repro/USCT_download/c5_wavefield_data/smoke64src_train20_val5/train/train_7.npz,20,443,328,0.38480162620544434,0.12132828682661057
6,/home/featurize/work/USCT_repro/USCT_download/c5_wavefield_data/smoke64src_train20_val5/train/train_7.npz,21,434,347,0.3532359302043915,0.11532555520534515
6,/home/featurize/work/USCT_repro/USCT_download/c5_wavefield_data/smoke64src_train20_val5/train/train_7.npz,22,423,365,0.3410812318325043,0.1114010438323021
6,/home/featurize/work/USCT_repro/USCT_download/c5_wavefield_data/smoke64src_train20_val5/train/train_7.npz,23,410,382,0.3269041180610657,0.10487771779298782
6,/home/featurize/work/USCT_repro/USCT_download/c5_wavefield_data/smoke64src_train20_val5/train/train_7.npz,24,395,397,0.31944510340690613,0.10826964676380157
6,/home/featurize/work/USCT_repro/USCT_download/c5_wavefield_data/smoke64src_train20_val5/train/train_7.npz,25,380,412,0.33037474751472473,0.10678780823945999
6,/home/featurize/work/USCT_repro/USCT_download/c5_wavefield_data/smoke64src_train20_val5/train/train_7.npz,26,362,424,0.34174951910972595,0.10549747198820114
6,/home/featurize/work/USCT_repro/USCT_download/c5_wavefield_data/smoke64src_train20_val5/train/train_7.npz,27,344,435,0.3613608777523041,0.11557123064994812
6,/home/featurize/work/USCT_repro/USCT_download/c5_wavefield_data/smoke64src_train20_val5/train/train_7.npz,28,325,444,0.36823126673698425,0.11260642111301422
6,/home/featurize/work/USCT_repro/USCT_download/c5_wavefield_data/smoke64src_train20_val5/train/train_7.npz,29,305,451,0.3647294044494629,0.11539788544178009
6,/home/featurize/work/USCT_repro/USCT_download/c5_wavefield_data/smoke64src_train20_val5/train/train_7.npz,30,284,457,0.3675144910812378,0.11497849225997925
6,/home/featurize/work/USCT_repro/USCT_download/c5_wavefield_data/smoke64src_train20_val5/train/train_7.npz,31,263,460,0.36583560705184937,0.1109004095196724
6,/home/featurize/work/USCT_repro/USCT_download/c5_wavefield_data/smoke64src_train20_val5/train/train_7.npz,32,235,461,0.36382463574409485,0.11116831004619598
6,/home/featurize/work/USCT_repro/USCT_download/c5_wavefield_data/smoke64src_train20_val5/train/train_7.npz,33,214,460,0.36848124861717224,0.11416786164045334
6,/home/featurize/work/USCT_repro/USCT_download/c5_wavefield_data/smoke64src_train20_val5/train/train_7.npz,34,193,456,0.37039390206336975,0.11036624014377594
6,/home/featurize/work/USCT_repro/USCT_download/c5_wavefield_data/smoke64src_train20_val5/train/train_7.npz,35,173,451,0.3647642731666565,0.11059369146823883
6,/home/featurize/work/USCT_repro/USCT_download/c5_wavefield_data/smoke64src_train20_val5/train/train_7.npz,36,153,443,0.3445356488227844,0.11980745196342468
6,/home/featurize/work/USCT_repro/USCT_download/c5_wavefield_data/smoke64src_train20_val5/train/train_7.npz,37,134,434,0.3329974412918091,0.10322611778974533
6,/home/featurize/work/USCT_repro/USCT_download/c5_wavefield_data/smoke64src_train20_val5/train/train_7.npz,38,115,423,0.35243451595306396,0.0982043519616127
6,/home/featurize/work/USCT_repro/USCT_download/c5_wavefield_data/smoke64src_train20_val5/train/train_7.npz,39,98,410,0.36532747745513916,0.12080412358045578
6,/home/featurize/work/USCT_repro/USCT_download/c5_wavefield_data/smoke64src_train20_val5/train/train_7.npz,40,83,396,0.3739296495914459,0.1205362007021904
6,/home/featurize/work/USCT_repro/USCT_download/c5_wavefield_data/smoke64src_train20_val5/train/train_7.npz,41,69,380,0.37865057587623596,0.11807207018136978
6,/home/featurize/work/USCT_repro/USCT_download/c5_wavefield_data/smoke64src_train20_val5/train/train_7.npz,42,56,363,0.38708287477493286,0.11681072413921356
6,/home/featurize/work/USCT_repro/USCT_download/c5_wavefield_data/smoke64src_train20_val5/train/train_7.npz,43,45,344,0.3674983084201813,0.11307715624570847
6,/home/featurize/work/USCT_repro/USCT_download/c5_wavefield_data/smoke64src_train20_val5/train/train_7.npz,44,36,325,0.3667351305484772,0.11796577274799347
6,/home/featurize/work/USCT_repro/USCT_download/c5_wavefield_data/smoke64src_train20_val5/train/train_7.npz,45,29,305,0.38121625781059265,0.12092462927103043
6,/home/featurize/work/USCT_repro/USCT_download/c5_wavefield_data/smoke64src_train20_val5/train/train_7.npz,46,23,285,0.38590699434280396,0.12908123433589935
6,/home/featurize/work/USCT_repro/USCT_download/c5_wavefield_data/smoke64src_train20_val5/train/train_7.npz,47,20,264,0.3833135664463043,0.12861105799674988
6,/home/featurize/work/USCT_repro/USCT_download/c5_wavefield_data/smoke64src_train20_val5/train/train_7.npz,48,19,236,0.38586944341659546,0.1244911402463913
6,/home/featurize/work/USCT_repro/USCT_download/c5_wavefield_data/smoke64src_train20_val5/train/train_7.npz,49,20,215,0.3978674113750458,0.12559844553470612
6,/home/featurize/work/USCT_repro/USCT_download/c5_wavefield_data/smoke64src_train20_val5/train/train_7.npz,50,24,194,0.4015040993690491,0.1208692118525505
6,/home/featurize/work/USCT_repro/USCT_download/c5_wavefield_data/smoke64src_train20_val5/train/train_7.npz,51,29,174,0.3785567879676819,0.12010128051042557
6,/home/featurize/work/USCT_repro/USCT_download/c5_wavefield_data/smoke64src_train20_val5/train/train_7.npz,52,36,154,0.35956287384033203,0.11306069791316986
6,/home/featurize/work/USCT_repro/USCT_download/c5_wavefield_data/smoke64src_train20_val5/train/train_7.npz,53,46,135,0.3588024973869324,0.11691605299711227
6,/home/featurize/work/USCT_repro/USCT_download/c5_wavefield_data/smoke64src_train20_val5/train/train_7.npz,54,57,116,0.36502692103385925,0.11806423962116241
6,/home/featurize/work/USCT_repro/USCT_download/c5_wavefield_data/smoke64src_train20_val5/train/train_7.npz,55,69,99,0.36478590965270996,0.11998651921749115
6,/home/featurize/work/USCT_repro/USCT_download/c5_wavefield_data/smoke64src_train20_val5/train/train_7.npz,56,84,84,0.35248711705207825,0.10588066279888153
6,/home/featurize/work/USCT_repro/USCT_download/c5_wavefield_data/smoke64src_train20_val5/train/train_7.npz,57,99,69,0.33790692687034607,0.10709398984909058
6,/home/featurize/work/USCT_repro/USCT_download/c5_wavefield_data/smoke64src_train20_val5/train/train_7.npz,58,116,57,0.32311978936195374,0.10550559312105179
6,/home/featurize/work/USCT_repro/USCT_download/c5_wavefield_data/smoke64src_train20_val5/train/train_7.npz,59,135,46,0.3112267255783081,0.10181932151317596
6,/home/featurize/work/USCT_repro/USCT_download/c5_wavefield_data/smoke64src_train20_val5/train/train_7.npz,60,154,36,0.3211257755756378,0.1074572503566742
6,/home/featurize/work/USCT_repro/USCT_download/c5_wavefield_data/smoke64src_train20_val5/train/train_7.npz,61,174,29,0.3317136764526367,0.10347091406583786
6,/home/featurize/work/USCT_repro/USCT_download/c5_wavefield_data/smoke64src_train20_val5/train/train_7.npz,62,194,24,0.32822802662849426,0.10040915012359619
6,/home/featurize/work/USCT_repro/USCT_download/c5_wavefield_data/smoke64src_train20_val5/train/train_7.npz,63,215,20,0.33452698588371277,0.10342114418745041
7,/home/featurize/work/USCT_repro/USCT_download/c5_wavefield_data/smoke64src_train20_val5/train/train_8.npz,0,246,19,0.6233667135238647,0.19061797857284546
7,/home/featurize/work/USCT_repro/USCT_download/c5_wavefield_data/smoke64src_train20_val5/train/train_8.npz,1,267,20,0.6009464859962463,0.19199679791927338
7,/home/featurize/work/USCT_repro/USCT_download/c5_wavefield_data/smoke64src_train20_val5/train/train_8.npz,2,288,24,0.5885892510414124,0.19501186907291412
7,/home/featurize/work/USCT_repro/USCT_download/c5_wavefield_data/smoke64src_train20_val5/train/train_8.npz,3,309,30,0.5775084495544434,0.18598495423793793
7,/home/featurize/work/USCT_repro/USCT_download/c5_wavefield_data/smoke64src_train20_val5/train/train_8.npz,4,329,37,0.5597939491271973,0.19293445348739624
7,/home/featurize/work/USCT_repro/USCT_download/c5_wavefield_data/smoke64src_train20_val5/train/train_8.npz,5,348,47,0.5557618737220764,0.1751609891653061
7,/home/featurize/work/USCT_repro/USCT_download/c5_wavefield_data/smoke64src_train20_val5/train/train_8.npz,6,366,58,0.5491215586662292,0.17313267290592194
7,/home/featurize/work/USCT_repro/USCT_download/c5_wavefield_data/smoke64src_train20_val5/train/train_8.npz,7,383,71,0.5474638938903809,0.2015601396560669
7,/home/featurize/work/USCT_repro/USCT_download/c5_wavefield_data/smoke64src_train20_val5/train/train_8.npz,8,398,85,0.5453507304191589,0.18163739144802094
7,/home/featurize/work/USCT_repro/USCT_download/c5_wavefield_data/smoke64src_train20_val5/train/train_8.npz,9,412,101,0.5465238690376282,0.1721983253955841
7,/home/featurize/work/USCT_repro/USCT_download/c5_wavefield_data/smoke64src_train20_val5/train/train_8.npz,10,425,119,0.552032470703125,0.1768541932106018
7,/home/featurize/work/USCT_repro/USCT_download/c5_wavefield_data/smoke64src_train20_val5/train/train_8.npz,11,436,137,0.535098135471344,0.16539138555526733
7,/home/featurize/work/USCT_repro/USCT_download/c5_wavefield_data/smoke64src_train20_val5/train/train_8.npz,12,445,156,0.5371430516242981,0.1647353172302246
7,/home/featurize/work/USCT_repro/USCT_download/c5_wavefield_data/smoke64src_train20_val5/train/train_8.npz,13,452,176,0.5555264949798584,0.15570150315761566
7,/home/featurize/work/USCT_repro/USCT_download/c5_wavefield_data/smoke64src_train20_val5/train/train_8.npz,14,457,197,0.5967475771903992,0.17869532108306885
7,/home/featurize/work/USCT_repro/USCT_download/c5_wavefield_data/smoke64src_train20_val5/train/train_8.npz,15,460,218,0.6219385266304016,0.18177762627601624
7,/home/featurize/work/USCT_repro/USCT_download/c5_wavefield_data/smoke64src_train20_val5/train/train_8.npz,16,461,245,0.6254847645759583,0.1684405505657196
7,/home/featurize/work/USCT_repro/USCT_download/c5_wavefield_data/smoke64src_train20_val5/train/train_8.npz,17,460,266,0.621312141418457,0.17147186398506165
7,/home/featurize/work/USCT_repro/USCT_download/c5_wavefield_data/smoke64src_train20_val5/train/train_8.npz,18,456,287,0.6170138716697693,0.17731548845767975
7,/home/featurize/work/USCT_repro/USCT_download/c5_wavefield_data/smoke64src_train20_val5/train/train_8.npz,19,451,308,0.6364092230796814,0.1953183114528656
7,/home/featurize/work/USCT_repro/USCT_download/c5_wavefield_data/smoke64src_train20_val5/train/train_8.npz,20,443,328,0.6445491909980774,0.18024766445159912
7,/home/featurize/work/USCT_repro/USCT_download/c5_wavefield_data/smoke64src_train20_val5/train/train_8.npz,21,434,347,0.6366395354270935,0.18470318615436554
7,/home/featurize/work/USCT_repro/USCT_download/c5_wavefield_data/smoke64src_train20_val5/train/train_8.npz,22,423,365,0.627481997013092,0.18069972097873688
7,/home/featurize/work/USCT_repro/USCT_download/c5_wavefield_data/smoke64src_train20_val5/train/train_8.npz,23,410,382,0.6268293857574463,0.19207747280597687
7,/home/featurize/work/USCT_repro/USCT_download/c5_wavefield_data/smoke64src_train20_val5/train/train_8.npz,24,395,397,0.614446222782135,0.18516568839550018
7,/home/featurize/work/USCT_repro/USCT_download/c5_wavefield_data/smoke64src_train20_val5/train/train_8.npz,25,380,412,0.5962773561477661,0.19041889905929565
7,/home/featurize/work/USCT_repro/USCT_download/c5_wavefield_data/smoke64src_train20_val5/train/train_8.npz,26,362,424,0.5761644244194031,0.19945737719535828
7,/home/featurize/work/USCT_repro/USCT_download/c5_wavefield_data/smoke64src_train20_val5/train/train_8.npz,27,344,435,0.5574793219566345,0.186666339635849
7,/home/featurize/work/USCT_repro/USCT_download/c5_wavefield_data/smoke64src_train20_val5/train/train_8.npz,28,325,444,0.5479550957679749,0.18197406828403473
7,/home/featurize/work/USCT_repro/USCT_download/c5_wavefield_data/smoke64src_train20_val5/train/train_8.npz,29,305,451,0.5457554459571838,0.17535023391246796
7,/home/featurize/work/USCT_repro/USCT_download/c5_wavefield_data/smoke64src_train20_val5/train/train_8.npz,30,284,457,0.5517269968986511,0.18213288486003876
7,/home/featurize/work/USCT_repro/USCT_download/c5_wavefield_data/smoke64src_train20_val5/train/train_8.npz,31,263,460,0.5563184022903442,0.16836774349212646
7,/home/featurize/work/USCT_repro/USCT_download/c5_wavefield_data/smoke64src_train20_val5/train/train_8.npz,32,235,461,0.5720817446708679,0.17669102549552917
7,/home/featurize/work/USCT_repro/USCT_download/c5_wavefield_data/smoke64src_train20_val5/train/train_8.npz,33,214,460,0.5772886872291565,0.18719740211963654
7,/home/featurize/work/USCT_repro/USCT_download/c5_wavefield_data/smoke64src_train20_val5/train/train_8.npz,34,193,456,0.573708176612854,0.1650913655757904
7,/home/featurize/work/USCT_repro/USCT_download/c5_wavefield_data/smoke64src_train20_val5/train/train_8.npz,35,173,451,0.5616090297698975,0.14705394208431244
7,/home/featurize/work/USCT_repro/USCT_download/c5_wavefield_data/smoke64src_train20_val5/train/train_8.npz,36,153,443,0.5613718032836914,0.16039668023586273
7,/home/featurize/work/USCT_repro/USCT_download/c5_wavefield_data/smoke64src_train20_val5/train/train_8.npz,37,134,434,0.5802933573722839,0.16053380072116852
7,/home/featurize/work/USCT_repro/USCT_download/c5_wavefield_data/smoke64src_train20_val5/train/train_8.npz,38,115,423,0.589225709438324,0.1850867122411728
7,/home/featurize/work/USCT_repro/USCT_download/c5_wavefield_data/smoke64src_train20_val5/train/train_8.npz,39,98,410,0.6089113354682922,0.1807173639535904
7,/home/featurize/work/USCT_repro/USCT_download/c5_wavefield_data/smoke64src_train20_val5/train/train_8.npz,40,83,396,0.6343278288841248,0.20933730900287628
7,/home/featurize/work/USCT_repro/USCT_download/c5_wavefield_data/smoke64src_train20_val5/train/train_8.npz,41,69,380,0.6468459963798523,0.19102178514003754
7,/home/featurize/work/USCT_repro/USCT_download/c5_wavefield_data/smoke64src_train20_val5/train/train_8.npz,42,56,363,0.6590197086334229,0.20516596734523773
7,/home/featurize/work/USCT_repro/USCT_download/c5_wavefield_data/smoke64src_train20_val5/train/train_8.npz,43,45,344,0.649238646030426,0.19485820829868317
7,/home/featurize/work/USCT_repro/USCT_download/c5_wavefield_data/smoke64src_train20_val5/train/train_8.npz,44,36,325,0.6441400051116943,0.2353253811597824
7,/home/featurize/work/USCT_repro/USCT_download/c5_wavefield_data/smoke64src_train20_val5/train/train_8.npz,45,29,305,0.6534095406532288,0.19250912964344025
7,/home/featurize/work/USCT_repro/USCT_download/c5_wavefield_data/smoke64src_train20_val5/train/train_8.npz,46,23,285,0.6485551595687866,0.2081005722284317
7,/home/featurize/work/USCT_repro/USCT_download/c5_wavefield_data/smoke64src_train20_val5/train/train_8.npz,47,20,264,0.6585512757301331,0.18953357636928558
7,/home/featurize/work/USCT_repro/USCT_download/c5_wavefield_data/smoke64src_train20_val5/train/train_8.npz,48,19,236,0.6590912938117981,0.1946483999490738
7,/home/featurize/work/USCT_repro/USCT_download/c5_wavefield_data/smoke64src_train20_val5/train/train_8.npz,49,20,215,0.6508007645606995,0.19638825953006744
7,/home/featurize/work/USCT_repro/USCT_download/c5_wavefield_data/smoke64src_train20_val5/train/train_8.npz,50,24,194,0.6472373008728027,0.19274134933948517
7,/home/featurize/work/USCT_repro/USCT_download/c5_wavefield_data/smoke64src_train20_val5/train/train_8.npz,51,29,174,0.642329216003418,0.18778203427791595
7,/home/featurize/work/USCT_repro/USCT_download/c5_wavefield_data/smoke64src_train20_val5/train/train_8.npz,52,36,154,0.6468846797943115,0.19523540139198303
7,/home/featurize/work/USCT_repro/USCT_download/c5_wavefield_data/smoke64src_train20_val5/train/train_8.npz,53,46,135,0.6220535635948181,0.18547801673412323
7,/home/featurize/work/USCT_repro/USCT_download/c5_wavefield_data/smoke64src_train20_val5/train/train_8.npz,54,57,116,0.6191850304603577,0.1940542757511139
7,/home/featurize/work/USCT_repro/USCT_download/c5_wavefield_data/smoke64src_train20_val5/train/train_8.npz,55,69,99,0.6097274422645569,0.17790883779525757
7,/home/featurize/work/USCT_repro/USCT_download/c5_wavefield_data/smoke64src_train20_val5/train/train_8.npz,56,84,84,0.6267555356025696,0.18705198168754578
7,/home/featurize/work/USCT_repro/USCT_download/c5_wavefield_data/smoke64src_train20_val5/train/train_8.npz,57,99,69,0.6066153049468994,0.1771613359451294
7,/home/featurize/work/USCT_repro/USCT_download/c5_wavefield_data/smoke64src_train20_val5/train/train_8.npz,58,116,57,0.6099666357040405,0.19701513648033142
7,/home/featurize/work/USCT_repro/USCT_download/c5_wavefield_data/smoke64src_train20_val5/train/train_8.npz,59,135,46,0.6147459745407104,0.1878400593996048
7,/home/featurize/work/USCT_repro/USCT_download/c5_wavefield_data/smoke64src_train20_val5/train/train_8.npz,60,154,36,0.6145405769348145,0.2126287817955017
7,/home/featurize/work/USCT_repro/USCT_download/c5_wavefield_data/smoke64src_train20_val5/train/train_8.npz,61,174,29,0.6140546798706055,0.18673646450042725
7,/home/featurize/work/USCT_repro/USCT_download/c5_wavefield_data/smoke64src_train20_val5/train/train_8.npz,62,194,24,0.6171337962150574,0.16982869803905487
7,/home/featurize/work/USCT_repro/USCT_download/c5_wavefield_data/smoke64src_train20_val5/train/train_8.npz,63,215,20,0.6179312467575073,0.18243658542633057
8,/home/featurize/work/USCT_repro/USCT_download/c5_wavefield_data/smoke64src_train20_val5/train/train_9.npz,0,246,19,0.3869205713272095,0.12152862548828125
8,/home/featurize/work/USCT_repro/USCT_download/c5_wavefield_data/smoke64src_train20_val5/train/train_9.npz,1,267,20,0.39779284596443176,0.131607785820961
8,/home/featurize/work/USCT_repro/USCT_download/c5_wavefield_data/smoke64src_train20_val5/train/train_9.npz,2,288,24,0.42668429017066956,0.13570691645145416
8,/home/featurize/work/USCT_repro/USCT_download/c5_wavefield_data/smoke64src_train20_val5/train/train_9.npz,3,309,30,0.44215306639671326,0.1445409506559372
8,/home/featurize/work/USCT_repro/USCT_download/c5_wavefield_data/smoke64src_train20_val5/train/train_9.npz,4,329,37,0.4401276409626007,0.1334252506494522
8,/home/featurize/work/USCT_repro/USCT_download/c5_wavefield_data/smoke64src_train20_val5/train/train_9.npz,5,348,47,0.4321168065071106,0.13140623271465302
8,/home/featurize/work/USCT_repro/USCT_download/c5_wavefield_data/smoke64src_train20_val5/train/train_9.npz,6,366,58,0.4338186979293823,0.13715696334838867
8,/home/featurize/work/USCT_repro/USCT_download/c5_wavefield_data/smoke64src_train20_val5/train/train_9.npz,7,383,71,0.46004578471183777,0.14638268947601318
8,/home/featurize/work/USCT_repro/USCT_download/c5_wavefield_data/smoke64src_train20_val5/train/train_9.npz,8,398,85,0.4463348090648651,0.14440599083900452
8,/home/featurize/work/USCT_repro/USCT_download/c5_wavefield_data/smoke64src_train20_val5/train/train_9.npz,9,412,101,0.4232998192310333,0.13098594546318054
8,/home/featurize/work/USCT_repro/USCT_download/c5_wavefield_data/smoke64src_train20_val5/train/train_9.npz,10,425,119,0.4221613109111786,0.14791208505630493
8,/home/featurize/work/USCT_repro/USCT_download/c5_wavefield_data/smoke64src_train20_val5/train/train_9.npz,11,436,137,0.46498116850852966,0.14912332594394684
8,/home/featurize/work/USCT_repro/USCT_download/c5_wavefield_data/smoke64src_train20_val5/train/train_9.npz,12,445,156,0.48340484499931335,0.1617371290922165
8,/home/featurize/work/USCT_repro/USCT_download/c5_wavefield_data/smoke64src_train20_val5/train/train_9.npz,13,452,176,0.5042175054550171,0.16694499552249908
8,/home/featurize/work/USCT_repro/USCT_download/c5_wavefield_data/smoke64src_train20_val5/train/train_9.npz,14,457,197,0.5023893117904663,0.17124846577644348
8,/home/featurize/work/USCT_repro/USCT_download/c5_wavefield_data/smoke64src_train20_val5/train/train_9.npz,15,460,218,0.5103241205215454,0.1746980845928192
8,/home/featurize/work/USCT_repro/USCT_download/c5_wavefield_data/smoke64src_train20_val5/train/train_9.npz,16,461,245,0.48543545603752136,0.1661577820777893
8,/home/featurize/work/USCT_repro/USCT_download/c5_wavefield_data/smoke64src_train20_val5/train/train_9.npz,17,460,266,0.4725775718688965,0.1708206832408905
8,/home/featurize/work/USCT_repro/USCT_download/c5_wavefield_data/smoke64src_train20_val5/train/train_9.npz,18,456,287,0.4559193253517151,0.16663457453250885
8,/home/featurize/work/USCT_repro/USCT_download/c5_wavefield_data/smoke64src_train20_val5/train/train_9.npz,19,451,308,0.4383498430252075,0.1555917114019394
8,/home/featurize/work/USCT_repro/USCT_download/c5_wavefield_data/smoke64src_train20_val5/train/train_9.npz,20,443,328,0.4453355371952057,0.14799530804157257
8,/home/featurize/work/USCT_repro/USCT_download/c5_wavefield_data/smoke64src_train20_val5/train/train_9.npz,21,434,347,0.4351250231266022,0.15037600696086884
8,/home/featurize/work/USCT_repro/USCT_download/c5_wavefield_data/smoke64src_train20_val5/train/train_9.npz,22,423,365,0.453775018453598,0.15674076974391937
8,/home/featurize/work/USCT_repro/USCT_download/c5_wavefield_data/smoke64src_train20_val5/train/train_9.npz,23,410,382,0.46391934156417847,0.1557733416557312
8,/home/featurize/work/USCT_repro/USCT_download/c5_wavefield_data/smoke64src_train20_val5/train/train_9.npz,24,395,397,0.4554090201854706,0.1534307450056076
8,/home/featurize/work/USCT_repro/USCT_download/c5_wavefield_data/smoke64src_train20_val5/train/train_9.npz,25,380,412,0.43330296874046326,0.14495646953582764
8,/home/featurize/work/USCT_repro/USCT_download/c5_wavefield_data/smoke64src_train20_val5/train/train_9.npz,26,362,424,0.41197213530540466,0.13869673013687134
8,/home/featurize/work/USCT_repro/USCT_download/c5_wavefield_data/smoke64src_train20_val5/train/train_9.npz,27,344,435,0.3853706419467926,0.14055345952510834
8,/home/featurize/work/USCT_repro/USCT_download/c5_wavefield_data/smoke64src_train20_val5/train/train_9.npz,28,325,444,0.38993754982948303,0.13486336171627045
8,/home/featurize/work/USCT_repro/USCT_download/c5_wavefield_data/smoke64src_train20_val5/train/train_9.npz,29,305,451,0.39117997884750366,0.1352040022611618
8,/home/featurize/work/USCT_repro/USCT_download/c5_wavefield_data/smoke64src_train20_val5/train/train_9.npz,30,284,457,0.38181376457214355,0.12658613920211792
8,/home/featurize/work/USCT_repro/USCT_download/c5_wavefield_data/smoke64src_train20_val5/train/train_9.npz,31,263,460,0.3660914897918701,0.1207609698176384
8,/home/featurize/work/USCT_repro/USCT_download/c5_wavefield_data/smoke64src_train20_val5/train/train_9.npz,32,235,461,0.3669047951698303,0.11677132546901703
8,/home/featurize/work/USCT_repro/USCT_download/c5_wavefield_data/smoke64src_train20_val5/train/train_9.npz,33,214,460,0.3616529703140259,0.11843458563089371
8,/home/featurize/work/USCT_repro/USCT_download/c5_wavefield_data/smoke64src_train20_val5/train/train_9.npz,34,193,456,0.3721252381801605,0.12325243651866913
8,/home/featurize/work/USCT_repro/USCT_download/c5_wavefield_data/smoke64src_train20_val5/train/train_9.npz,35,173,451,0.38867008686065674,0.13523966073989868
8,/home/featurize/work/USCT_repro/USCT_download/c5_wavefield_data/smoke64src_train20_val5/train/train_9.npz,36,153,443,0.39487355947494507,0.13694341480731964
8,/home/featurize/work/USCT_repro/USCT_download/c5_wavefield_data/smoke64src_train20_val5/train/train_9.npz,37,134,434,0.40229588747024536,0.14232569932937622
8,/home/featurize/work/USCT_repro/USCT_download/c5_wavefield_data/smoke64src_train20_val5/train/train_9.npz,38,115,423,0.4059273600578308,0.14461953938007355
8,/home/featurize/work/USCT_repro/USCT_download/c5_wavefield_data/smoke64src_train20_val5/train/train_9.npz,39,98,410,0.40680718421936035,0.1562523990869522
8,/home/featurize/work/USCT_repro/USCT_download/c5_wavefield_data/smoke64src_train20_val5/train/train_9.npz,40,83,396,0.40944570302963257,0.14884091913700104
8,/home/featurize/work/USCT_repro/USCT_download/c5_wavefield_data/smoke64src_train20_val5/train/train_9.npz,41,69,380,0.4263744056224823,0.15315377712249756
8,/home/featurize/work/USCT_repro/USCT_download/c5_wavefield_data/smoke64src_train20_val5/train/train_9.npz,42,56,363,0.4508107602596283,0.16244061291217804
8,/home/featurize/work/USCT_repro/USCT_download/c5_wavefield_data/smoke64src_train20_val5/train/train_9.npz,43,45,344,0.46737349033355713,0.16125355660915375
8,/home/featurize/work/USCT_repro/USCT_download/c5_wavefield_data/smoke64src_train20_val5/train/train_9.npz,44,36,325,0.4611365795135498,0.1661151945590973
8,/home/featurize/work/USCT_repro/USCT_download/c5_wavefield_data/smoke64src_train20_val5/train/train_9.npz,45,29,305,0.485221803188324,0.16618716716766357
8,/home/featurize/work/USCT_repro/USCT_download/c5_wavefield_data/smoke64src_train20_val5/train/train_9.npz,46,23,285,0.4951421320438385,0.16780072450637817
8,/home/featurize/work/USCT_repro/USCT_download/c5_wavefield_data/smoke64src_train20_val5/train/train_9.npz,47,20,264,0.49951985478401184,0.16746605932712555
8,/home/featurize/work/USCT_repro/USCT_download/c5_wavefield_data/smoke64src_train20_val5/train/train_9.npz,48,19,236,0.5291460752487183,0.17260122299194336
8,/home/featurize/work/USCT_repro/USCT_download/c5_wavefield_data/smoke64src_train20_val5/train/train_9.npz,49,20,215,0.5470501780509949,0.17533135414123535
8,/home/featurize/work/USCT_repro/USCT_download/c5_wavefield_data/smoke64src_train20_val5/train/train_9.npz,50,24,194,0.5425571799278259,0.15521608293056488
8,/home/featurize/work/USCT_repro/USCT_download/c5_wavefield_data/smoke64src_train20_val5/train/train_9.npz,51,29,174,0.5110810995101929,0.1757555454969406
8,/home/featurize/work/USCT_repro/USCT_download/c5_wavefield_data/smoke64src_train20_val5/train/train_9.npz,52,36,154,0.4431662857532501,0.14706383645534515
8,/home/featurize/work/USCT_repro/USCT_download/c5_wavefield_data/smoke64src_train20_val5/train/train_9.npz,53,46,135,0.4081573188304901,0.14638932049274445
8,/home/featurize/work/USCT_repro/USCT_download/c5_wavefield_data/smoke64src_train20_val5/train/train_9.npz,54,57,116,0.40247347950935364,0.1431351751089096
8,/home/featurize/work/USCT_repro/USCT_download/c5_wavefield_data/smoke64src_train20_val5/train/train_9.npz,55,69,99,0.3927099108695984,0.13842090964317322
8,/home/featurize/work/USCT_repro/USCT_download/c5_wavefield_data/smoke64src_train20_val5/train/train_9.npz,56,84,84,0.40722599625587463,0.13402986526489258
8,/home/featurize/work/USCT_repro/USCT_download/c5_wavefield_data/smoke64src_train20_val5/train/train_9.npz,57,99,69,0.40911614894866943,0.13101203739643097
8,/home/featurize/work/USCT_repro/USCT_download/c5_wavefield_data/smoke64src_train20_val5/train/train_9.npz,58,116,57,0.40519770979881287,0.140560120344162
8,/home/featurize/work/USCT_repro/USCT_download/c5_wavefield_data/smoke64src_train20_val5/train/train_9.npz,59,135,46,0.38894644379615784,0.13198848068714142
8,/home/featurize/work/USCT_repro/USCT_download/c5_wavefield_data/smoke64src_train20_val5/train/train_9.npz,60,154,36,0.38121145963668823,0.13232773542404175
8,/home/featurize/work/USCT_repro/USCT_download/c5_wavefield_data/smoke64src_train20_val5/train/train_9.npz,61,174,29,0.3717944025993347,0.12441316246986389
8,/home/featurize/work/USCT_repro/USCT_download/c5_wavefield_data/smoke64src_train20_val5/train/train_9.npz,62,194,24,0.36840343475341797,0.11850718408823013
8,/home/featurize/work/USCT_repro/USCT_download/c5_wavefield_data/smoke64src_train20_val5/train/train_9.npz,63,215,20,0.3762642741203308,0.11756209284067154
9,/home/featurize/work/USCT_repro/USCT_download/c5_wavefield_data/smoke64src_train20_val5/train/train_10.npz,0,246,19,0.37842655181884766,0.10761568695306778
9,/home/featurize/work/USCT_repro/USCT_download/c5_wavefield_data/smoke64src_train20_val5/train/train_10.npz,1,267,20,0.3883204460144043,0.10759542137384415
9,/home/featurize/work/USCT_repro/USCT_download/c5_wavefield_data/smoke64src_train20_val5/train/train_10.npz,2,288,24,0.3760814964771271,0.10531499981880188
9,/home/featurize/work/USCT_repro/USCT_download/c5_wavefield_data/smoke64src_train20_val5/train/train_10.npz,3,309,30,0.3561946749687195,0.11002178490161896
9,/home/featurize/work/USCT_repro/USCT_download/c5_wavefield_data/smoke64src_train20_val5/train/train_10.npz,4,329,37,0.32128414511680603,0.09649936854839325
9,/home/featurize/work/USCT_repro/USCT_download/c5_wavefield_data/smoke64src_train20_val5/train/train_10.npz,5,348,47,0.30101528763771057,0.09775659441947937
9,/home/featurize/work/USCT_repro/USCT_download/c5_wavefield_data/smoke64src_train20_val5/train/train_10.npz,6,366,58,0.2900514602661133,0.09243559837341309
9,/home/featurize/work/USCT_repro/USCT_download/c5_wavefield_data/smoke64src_train20_val5/train/train_10.npz,7,383,71,0.2876023054122925,0.09872938692569733
9,/home/featurize/work/USCT_repro/USCT_download/c5_wavefield_data/smoke64src_train20_val5/train/train_10.npz,8,398,85,0.29093819856643677,0.10525929182767868
9,/home/featurize/work/USCT_repro/USCT_download/c5_wavefield_data/smoke64src_train20_val5/train/train_10.npz,9,412,101,0.2946910262107849,0.11030163615942001
9,/home/featurize/work/USCT_repro/USCT_download/c5_wavefield_data/smoke64src_train20_val5/train/train_10.npz,10,425,119,0.2960260212421417,0.10196291655302048
9,/home/featurize/work/USCT_repro/USCT_download/c5_wavefield_data/smoke64src_train20_val5/train/train_10.npz,11,436,137,0.3078951835632324,0.1122937798500061
9,/home/featurize/work/USCT_repro/USCT_download/c5_wavefield_data/smoke64src_train20_val5/train/train_10.npz,12,445,156,0.3191143572330475,0.10815095156431198
9,/home/featurize/work/USCT_repro/USCT_download/c5_wavefield_data/smoke64src_train20_val5/train/train_10.npz,13,452,176,0.3270103931427002,0.11369059234857559
9,/home/featurize/work/USCT_repro/USCT_download/c5_wavefield_data/smoke64src_train20_val5/train/train_10.npz,14,457,197,0.33687615394592285,0.11283077299594879
9,/home/featurize/work/USCT_repro/USCT_download/c5_wavefield_data/smoke64src_train20_val5/train/train_10.npz,15,460,218,0.3474922180175781,0.11699673533439636
9,/home/featurize/work/USCT_repro/USCT_download/c5_wavefield_data/smoke64src_train20_val5/train/train_10.npz,16,461,245,0.3553363084793091,0.11303641647100449
9,/home/featurize/work/USCT_repro/USCT_download/c5_wavefield_data/smoke64src_train20_val5/train/train_10.npz,17,460,266,0.36104723811149597,0.11979401111602783
9,/home/featurize/work/USCT_repro/USCT_download/c5_wavefield_data/smoke64src_train20_val5/train/train_10.npz,18,456,287,0.36117279529571533,0.1189609095454216
9,/home/featurize/work/USCT_repro/USCT_download/c5_wavefield_data/smoke64src_train20_val5/train/train_10.npz,19,451,308,0.35457029938697815,0.10827510803937912
9,/home/featurize/work/USCT_repro/USCT_download/c5_wavefield_data/smoke64src_train20_val5/train/train_10.npz,20,443,328,0.3462059497833252,0.11126025766134262
9,/home/featurize/work/USCT_repro/USCT_download/c5_wavefield_data/smoke64src_train20_val5/train/train_10.npz,21,434,347,0.34632837772369385,0.11335685104131699
9,/home/featurize/work/USCT_repro/USCT_download/c5_wavefield_data/smoke64src_train20_val5/train/train_10.npz,22,423,365,0.3426589071750641,0.1124393492937088
9,/home/featurize/work/USCT_repro/USCT_download/c5_wavefield_data/smoke64src_train20_val5/train/train_10.npz,23,410,382,0.34536996483802795,0.10624848306179047
9,/home/featurize/work/USCT_repro/USCT_download/c5_wavefield_data/smoke64src_train20_val5/train/train_10.npz,24,395,397,0.3550094962120056,0.11406728625297546
9,/home/featurize/work/USCT_repro/USCT_download/c5_wavefield_data/smoke64src_train20_val5/train/train_10.npz,25,380,412,0.34880584478378296,0.11421410739421844
9,/home/featurize/work/USCT_repro/USCT_download/c5_wavefield_data/smoke64src_train20_val5/train/train_10.npz,26,362,424,0.35315459966659546,0.11185657232999802
9,/home/featurize/work/USCT_repro/USCT_download/c5_wavefield_data/smoke64src_train20_val5/train/train_10.npz,27,344,435,0.34426745772361755,0.11460889130830765
9,/home/featurize/work/USCT_repro/USCT_download/c5_wavefield_data/smoke64src_train20_val5/train/train_10.npz,28,325,444,0.3484709560871124,0.10635224729776382
9,/home/featurize/work/USCT_repro/USCT_download/c5_wavefield_data/smoke64src_train20_val5/train/train_10.npz,29,305,451,0.35580959916114807,0.11414405703544617
9,/home/featurize/work/USCT_repro/USCT_download/c5_wavefield_data/smoke64src_train20_val5/train/train_10.npz,30,284,457,0.35766035318374634,0.10322615504264832
9,/home/featurize/work/USCT_repro/USCT_download/c5_wavefield_data/smoke64src_train20_val5/train/train_10.npz,31,263,460,0.3457794189453125,0.10605105012655258
9,/home/featurize/work/USCT_repro/USCT_download/c5_wavefield_data/smoke64src_train20_val5/train/train_10.npz,32,235,461,0.33446383476257324,0.1071997880935669
9,/home/featurize/work/USCT_repro/USCT_download/c5_wavefield_data/smoke64src_train20_val5/train/train_10.npz,33,214,460,0.34401124715805054,0.11241651326417923
9,/home/featurize/work/USCT_repro/USCT_download/c5_wavefield_data/smoke64src_train20_val5/train/train_10.npz,34,193,456,0.3538602888584137,0.11916901171207428
9,/home/featurize/work/USCT_repro/USCT_download/c5_wavefield_data/smoke64src_train20_val5/train/train_10.npz,35,173,451,0.35293975472450256,0.11844634264707565
9,/home/featurize/work/USCT_repro/USCT_download/c5_wavefield_data/smoke64src_train20_val5/train/train_10.npz,36,153,443,0.3471139967441559,0.12085461616516113
9,/home/featurize/work/USCT_repro/USCT_download/c5_wavefield_data/smoke64src_train20_val5/train/train_10.npz,37,134,434,0.3355737328529358,0.12143932282924652
9,/home/featurize/work/USCT_repro/USCT_download/c5_wavefield_data/smoke64src_train20_val5/train/train_10.npz,38,115,423,0.3218270540237427,0.11093228310346603
9,/home/featurize/work/USCT_repro/USCT_download/c5_wavefield_data/smoke64src_train20_val5/train/train_10.npz,39,98,410,0.3097330629825592,0.1061173751950264
9,/home/featurize/work/USCT_repro/USCT_download/c5_wavefield_data/smoke64src_train20_val5/train/train_10.npz,40,83,396,0.2945854067802429,0.10266651958227158
9,/home/featurize/work/USCT_repro/USCT_download/c5_wavefield_data/smoke64src_train20_val5/train/train_10.npz,41,69,380,0.2894687354564667,0.10018661618232727
9,/home/featurize/work/USCT_repro/USCT_download/c5_wavefield_data/smoke64src_train20_val5/train/train_10.npz,42,56,363,0.28939056396484375,0.09153259545564651
9,/home/featurize/work/USCT_repro/USCT_download/c5_wavefield_data/smoke64src_train20_val5/train/train_10.npz,43,45,344,0.29690444469451904,0.10056386888027191
9,/home/featurize/work/USCT_repro/USCT_download/c5_wavefield_data/smoke64src_train20_val5/train/train_10.npz,44,36,325,0.3047444224357605,0.10492376983165741
9,/home/featurize/work/USCT_repro/USCT_download/c5_wavefield_data/smoke64src_train20_val5/train/train_10.npz,45,29,305,0.314712256193161,0.10153991729021072
9,/home/featurize/work/USCT_repro/USCT_download/c5_wavefield_data/smoke64src_train20_val5/train/train_10.npz,46,23,285,0.32281020283699036,0.10432395339012146
9,/home/featurize/work/USCT_repro/USCT_download/c5_wavefield_data/smoke64src_train20_val5/train/train_10.npz,47,20,264,0.33317333459854126,0.10444334894418716
9,/home/featurize/work/USCT_repro/USCT_download/c5_wavefield_data/smoke64src_train20_val5/train/train_10.npz,48,19,236,0.35005900263786316,0.11113565415143967
9,/home/featurize/work/USCT_repro/USCT_download/c5_wavefield_data/smoke64src_train20_val5/train/train_10.npz,49,20,215,0.35376831889152527,0.11326923966407776
9,/home/featurize/work/USCT_repro/USCT_download/c5_wavefield_data/smoke64src_train20_val5/train/train_10.npz,50,24,194,0.3489806354045868,0.11431282758712769
9,/home/featurize/work/USCT_repro/USCT_download/c5_wavefield_data/smoke64src_train20_val5/train/train_10.npz,51,29,174,0.35073181986808777,0.11262287944555283
9,/home/featurize/work/USCT_repro/USCT_download/c5_wavefield_data/smoke64src_train20_val5/train/train_10.npz,52,36,154,0.3526385724544525,0.1150209829211235
9,/home/featurize/work/USCT_repro/USCT_download/c5_wavefield_data/smoke64src_train20_val5/train/train_10.npz,53,46,135,0.35433268547058105,0.11793801933526993
9,/home/featurize/work/USCT_repro/USCT_download/c5_wavefield_data/smoke64src_train20_val5/train/train_10.npz,54,57,116,0.34061309695243835,0.1140403226017952
9,/home/featurize/work/USCT_repro/USCT_download/c5_wavefield_data/smoke64src_train20_val5/train/train_10.npz,55,69,99,0.327492892742157,0.11203771829605103
9,/home/featurize/work/USCT_repro/USCT_download/c5_wavefield_data/smoke64src_train20_val5/train/train_10.npz,56,84,84,0.3152492642402649,0.11232782155275345
9,/home/featurize/work/USCT_repro/USCT_download/c5_wavefield_data/smoke64src_train20_val5/train/train_10.npz,57,99,69,0.32580581307411194,0.10790909826755524
9,/home/featurize/work/USCT_repro/USCT_download/c5_wavefield_data/smoke64src_train20_val5/train/train_10.npz,58,116,57,0.3347875773906708,0.11752201616764069
9,/home/featurize/work/USCT_repro/USCT_download/c5_wavefield_data/smoke64src_train20_val5/train/train_10.npz,59,135,46,0.33879512548446655,0.1116015687584877
9,/home/featurize/work/USCT_repro/USCT_download/c5_wavefield_data/smoke64src_train20_val5/train/train_10.npz,60,154,36,0.34644022583961487,0.11348682641983032
9,/home/featurize/work/USCT_repro/USCT_download/c5_wavefield_data/smoke64src_train20_val5/train/train_10.npz,61,174,29,0.35474589467048645,0.11340702325105667
9,/home/featurize/work/USCT_repro/USCT_download/c5_wavefield_data/smoke64src_train20_val5/train/train_10.npz,62,194,24,0.3545742928981781,0.10631803423166275
9,/home/featurize/work/USCT_repro/USCT_download/c5_wavefield_data/smoke64src_train20_val5/train/train_10.npz,63,215,20,0.36294111609458923,0.10375221818685532
10,/home/featurize/work/USCT_repro/USCT_download/c5_wavefield_data/smoke64src_train20_val5/train/train_11.npz,0,246,19,0.538230836391449,0.14558649063110352
10,/home/featurize/work/USCT_repro/USCT_download/c5_wavefield_data/smoke64src_train20_val5/train/train_11.npz,1,267,20,0.5595585703849792,0.13559378683567047
10,/home/featurize/work/USCT_repro/USCT_download/c5_wavefield_data/smoke64src_train20_val5/train/train_11.npz,2,288,24,0.5713527798652649,0.1431005895137787
10,/home/featurize/work/USCT_repro/USCT_download/c5_wavefield_data/smoke64src_train20_val5/train/train_11.npz,3,309,30,0.5268598198890686,0.13561159372329712
10,/home/featurize/work/USCT_repro/USCT_download/c5_wavefield_data/smoke64src_train20_val5/train/train_11.npz,4,329,37,0.48963820934295654,0.14430417120456696
10,/home/featurize/work/USCT_repro/USCT_download/c5_wavefield_data/smoke64src_train20_val5/train/train_11.npz,5,348,47,0.4916760325431824,0.14794856309890747
10,/home/featurize/work/USCT_repro/USCT_download/c5_wavefield_data/smoke64src_train20_val5/train/train_11.npz,6,366,58,0.503452718257904,0.16499650478363037
10,/home/featurize/work/USCT_repro/USCT_download/c5_wavefield_data/smoke64src_train20_val5/train/train_11.npz,7,383,71,0.5111083388328552,0.14939738810062408
10,/home/featurize/work/USCT_repro/USCT_download/c5_wavefield_data/smoke64src_train20_val5/train/train_11.npz,8,398,85,0.5206032395362854,0.15515653789043427
10,/home/featurize/work/USCT_repro/USCT_download/c5_wavefield_data/smoke64src_train20_val5/train/train_11.npz,9,412,101,0.5482858419418335,0.1649273931980133
10,/home/featurize/work/USCT_repro/USCT_download/c5_wavefield_data/smoke64src_train20_val5/train/train_11.npz,10,425,119,0.5199260115623474,0.16451396048069
10,/home/featurize/work/USCT_repro/USCT_download/c5_wavefield_data/smoke64src_train20_val5/train/train_11.npz,11,436,137,0.5136274099349976,0.15608075261116028
10,/home/featurize/work/USCT_repro/USCT_download/c5_wavefield_data/smoke64src_train20_val5/train/train_11.npz,12,445,156,0.5131711959838867,0.16499565541744232
10,/home/featurize/work/USCT_repro/USCT_download/c5_wavefield_data/smoke64src_train20_val5/train/train_11.npz,13,452,176,0.5174780488014221,0.15334470570087433
10,/home/featurize/work/USCT_repro/USCT_download/c5_wavefield_data/smoke64src_train20_val5/train/train_11.npz,14,457,197,0.5346259474754333,0.16663046181201935
10,/home/featurize/work/USCT_repro/USCT_download/c5_wavefield_data/smoke64src_train20_val5/train/train_11.npz,15,460,218,0.5374873876571655,0.1626594364643097
10,/home/featurize/work/USCT_repro/USCT_download/c5_wavefield_data/smoke64src_train20_val5/train/train_11.npz,16,461,245,0.5541586875915527,0.1561114490032196
10,/home/featurize/work/USCT_repro/USCT_download/c5_wavefield_data/smoke64src_train20_val5/train/train_11.npz,17,460,266,0.5422167778015137,0.18346130847930908
10,/home/featurize/work/USCT_repro/USCT_download/c5_wavefield_data/smoke64src_train20_val5/train/train_11.npz,18,456,287,0.5583614706993103,0.17531824111938477
10,/home/featurize/work/USCT_repro/USCT_download/c5_wavefield_data/smoke64src_train20_val5/train/train_11.npz,19,451,308,0.557184100151062,0.1831112951040268
10,/home/featurize/work/USCT_repro/USCT_download/c5_wavefield_data/smoke64src_train20_val5/train/train_11.npz,20,443,328,0.5448614954948425,0.14894971251487732
10,/home/featurize/work/USCT_repro/USCT_download/c5_wavefield_data/smoke64src_train20_val5/train/train_11.npz,21,434,347,0.5418047308921814,0.1604701280593872
10,/home/featurize/work/USCT_repro/USCT_download/c5_wavefield_data/smoke64src_train20_val5/train/train_11.npz,22,423,365,0.521409273147583,0.15699169039726257
10,/home/featurize/work/USCT_repro/USCT_download/c5_wavefield_data/smoke64src_train20_val5/train/train_11.npz,23,410,382,0.5363075137138367,0.14608798921108246
10,/home/featurize/work/USCT_repro/USCT_download/c5_wavefield_data/smoke64src_train20_val5/train/train_11.npz,24,395,397,0.5490100979804993,0.15726475417613983
10,/home/featurize/work/USCT_repro/USCT_download/c5_wavefield_data/smoke64src_train20_val5/train/train_11.npz,25,380,412,0.5658392906188965,0.1638442426919937
10,/home/featurize/work/USCT_repro/USCT_download/c5_wavefield_data/smoke64src_train20_val5/train/train_11.npz,26,362,424,0.5658563375473022,0.16191957890987396
10,/home/featurize/work/USCT_repro/USCT_download/c5_wavefield_data/smoke64src_train20_val5/train/train_11.npz,27,344,435,0.564603865146637,0.16978676617145538
10,/home/featurize/work/USCT_repro/USCT_download/c5_wavefield_data/smoke64src_train20_val5/train/train_11.npz,28,325,444,0.5502617955207825,0.1624889373779297
10,/home/featurize/work/USCT_repro/USCT_download/c5_wavefield_data/smoke64src_train20_val5/train/train_11.npz,29,305,451,0.5364874601364136,0.156658336520195
10,/home/featurize/work/USCT_repro/USCT_download/c5_wavefield_data/smoke64src_train20_val5/train/train_11.npz,30,284,457,0.5347070097923279,0.14604665338993073
10,/home/featurize/work/USCT_repro/USCT_download/c5_wavefield_data/smoke64src_train20_val5/train/train_11.npz,31,263,460,0.5431575179100037,0.15881817042827606
10,/home/featurize/work/USCT_repro/USCT_download/c5_wavefield_data/smoke64src_train20_val5/train/train_11.npz,32,235,461,0.5678058862686157,0.15530772507190704
10,/home/featurize/work/USCT_repro/USCT_download/c5_wavefield_data/smoke64src_train20_val5/train/train_11.npz,33,214,460,0.536037802696228,0.14888525009155273
10,/home/featurize/work/USCT_repro/USCT_download/c5_wavefield_data/smoke64src_train20_val5/train/train_11.npz,34,193,456,0.5435793399810791,0.14763541519641876
10,/home/featurize/work/USCT_repro/USCT_download/c5_wavefield_data/smoke64src_train20_val5/train/train_11.npz,35,173,451,0.5395714640617371,0.14641472697257996
10,/home/featurize/work/USCT_repro/USCT_download/c5_wavefield_data/smoke64src_train20_val5/train/train_11.npz,36,153,443,0.5440985560417175,0.15078139305114746
10,/home/featurize/work/USCT_repro/USCT_download/c5_wavefield_data/smoke64src_train20_val5/train/train_11.npz,37,134,434,0.5318475961685181,0.1584199070930481
10,/home/featurize/work/USCT_repro/USCT_download/c5_wavefield_data/smoke64src_train20_val5/train/train_11.npz,38,115,423,0.5208554267883301,0.1521477997303009
10,/home/featurize/work/USCT_repro/USCT_download/c5_wavefield_data/smoke64src_train20_val5/train/train_11.npz,39,98,410,0.5184329152107239,0.15574274957180023
10,/home/featurize/work/USCT_repro/USCT_download/c5_wavefield_data/smoke64src_train20_val5/train/train_11.npz,40,83,396,0.5160022974014282,0.15885111689567566
10,/home/featurize/work/USCT_repro/USCT_download/c5_wavefield_data/smoke64src_train20_val5/train/train_11.npz,41,69,380,0.5040406584739685,0.15797467529773712
10,/home/featurize/work/USCT_repro/USCT_download/c5_wavefield_data/smoke64src_train20_val5/train/train_11.npz,42,56,363,0.509665846824646,0.14873525500297546
10,/home/featurize/work/USCT_repro/USCT_download/c5_wavefield_data/smoke64src_train20_val5/train/train_11.npz,43,45,344,0.5007346868515015,0.14884428679943085
10,/home/featurize/work/USCT_repro/USCT_download/c5_wavefield_data/smoke64src_train20_val5/train/train_11.npz,44,36,325,0.5241842269897461,0.17544138431549072
10,/home/featurize/work/USCT_repro/USCT_download/c5_wavefield_data/smoke64src_train20_val5/train/train_11.npz,45,29,305,0.5216715931892395,0.14680129289627075
10,/home/featurize/work/USCT_repro/USCT_download/c5_wavefield_data/smoke64src_train20_val5/train/train_11.npz,46,23,285,0.5347779393196106,0.14729757606983185
10,/home/featurize/work/USCT_repro/USCT_download/c5_wavefield_data/smoke64src_train20_val5/train/train_11.npz,47,20,264,0.5519387125968933,0.1620446890592575
10,/home/featurize/work/USCT_repro/USCT_download/c5_wavefield_data/smoke64src_train20_val5/train/train_11.npz,48,19,236,0.5555184483528137,0.1680251657962799
10,/home/featurize/work/USCT_repro/USCT_download/c5_wavefield_data/smoke64src_train20_val5/train/train_11.npz,49,20,215,0.5554598569869995,0.16074828803539276
10,/home/featurize/work/USCT_repro/USCT_download/c5_wavefield_data/smoke64src_train20_val5/train/train_11.npz,50,24,194,0.55013507604599,0.15943510830402374
10,/home/featurize/work/USCT_repro/USCT_download/c5_wavefield_data/smoke64src_train20_val5/train/train_11.npz,51,29,174,0.5432522296905518,0.14947088062763214
10,/home/featurize/work/USCT_repro/USCT_download/c5_wavefield_data/smoke64src_train20_val5/train/train_11.npz,52,36,154,0.5415360331535339,0.14565762877464294
10,/home/featurize/work/USCT_repro/USCT_download/c5_wavefield_data/smoke64src_train20_val5/train/train_11.npz,53,46,135,0.541064441204071,0.16058515012264252
10,/home/featurize/work/USCT_repro/USCT_download/c5_wavefield_data/smoke64src_train20_val5/train/train_11.npz,54,57,116,0.520679235458374,0.157844677567482
10,/home/featurize/work/USCT_repro/USCT_download/c5_wavefield_data/smoke64src_train20_val5/train/train_11.npz,55,69,99,0.5067596435546875,0.16452227532863617
10,/home/featurize/work/USCT_repro/USCT_download/c5_wavefield_data/smoke64src_train20_val5/train/train_11.npz,56,84,84,0.49230068922042847,0.1535695344209671
10,/home/featurize/work/USCT_repro/USCT_download/c5_wavefield_data/smoke64src_train20_val5/train/train_11.npz,57,99,69,0.5052728652954102,0.15219730138778687
10,/home/featurize/work/USCT_repro/USCT_download/c5_wavefield_data/smoke64src_train20_val5/train/train_11.npz,58,116,57,0.5123053193092346,0.14837583899497986
10,/home/featurize/work/USCT_repro/USCT_download/c5_wavefield_data/smoke64src_train20_val5/train/train_11.npz,59,135,46,0.522824227809906,0.16434615850448608
10,/home/featurize/work/USCT_repro/USCT_download/c5_wavefield_data/smoke64src_train20_val5/train/train_11.npz,60,154,36,0.5207875967025757,0.15046744048595428
10,/home/featurize/work/USCT_repro/USCT_download/c5_wavefield_data/smoke64src_train20_val5/train/train_11.npz,61,174,29,0.542356550693512,0.1409333348274231
10,/home/featurize/work/USCT_repro/USCT_download/c5_wavefield_data/smoke64src_train20_val5/train/train_11.npz,62,194,24,0.516670823097229,0.13957618176937103
10,/home/featurize/work/USCT_repro/USCT_download/c5_wavefield_data/smoke64src_train20_val5/train/train_11.npz,63,215,20,0.5073481202125549,0.14462685585021973
11,/home/featurize/work/USCT_repro/USCT_download/c5_wavefield_data/smoke64src_train20_val5/train/train_12.npz,0,246,19,0.5202722549438477,0.14123128354549408
11,/home/featurize/work/USCT_repro/USCT_download/c5_wavefield_data/smoke64src_train20_val5/train/train_12.npz,1,267,20,0.5306760668754578,0.1614459753036499
11,/home/featurize/work/USCT_repro/USCT_download/c5_wavefield_data/smoke64src_train20_val5/train/train_12.npz,2,288,24,0.5200514793395996,0.15665774047374725
11,/home/featurize/work/USCT_repro/USCT_download/c5_wavefield_data/smoke64src_train20_val5/train/train_12.npz,3,309,30,0.5356698632240295,0.1720123291015625
11,/home/featurize/work/USCT_repro/USCT_download/c5_wavefield_data/smoke64src_train20_val5/train/train_12.npz,4,329,37,0.5652282238006592,0.16937437653541565
11,/home/featurize/work/USCT_repro/USCT_download/c5_wavefield_data/smoke64src_train20_val5/train/train_12.npz,5,348,47,0.5411023497581482,0.1641160100698471
11,/home/featurize/work/USCT_repro/USCT_download/c5_wavefield_data/smoke64src_train20_val5/train/train_12.npz,6,366,58,0.5262022614479065,0.16531430184841156
11,/home/featurize/work/USCT_repro/USCT_download/c5_wavefield_data/smoke64src_train20_val5/train/train_12.npz,7,383,71,0.539850115776062,0.16303692758083344
11,/home/featurize/work/USCT_repro/USCT_download/c5_wavefield_data/smoke64src_train20_val5/train/train_12.npz,8,398,85,0.5350890755653381,0.1749701052904129
11,/home/featurize/work/USCT_repro/USCT_download/c5_wavefield_data/smoke64src_train20_val5/train/train_12.npz,9,412,101,0.524962842464447,0.14855048060417175
11,/home/featurize/work/USCT_repro/USCT_download/c5_wavefield_data/smoke64src_train20_val5/train/train_12.npz,10,425,119,0.5319645404815674,0.1642628163099289
11,/home/featurize/work/USCT_repro/USCT_download/c5_wavefield_data/smoke64src_train20_val5/train/train_12.npz,11,436,137,0.518360435962677,0.15340659022331238
11,/home/featurize/work/USCT_repro/USCT_download/c5_wavefield_data/smoke64src_train20_val5/train/train_12.npz,12,445,156,0.5252878665924072,0.12222011387348175
11,/home/featurize/work/USCT_repro/USCT_download/c5_wavefield_data/smoke64src_train20_val5/train/train_12.npz,13,452,176,0.5428479909896851,0.16431526839733124
11,/home/featurize/work/USCT_repro/USCT_download/c5_wavefield_data/smoke64src_train20_val5/train/train_12.npz,14,457,197,0.5384255051612854,0.12482244521379471
11,/home/featurize/work/USCT_repro/USCT_download/c5_wavefield_data/smoke64src_train20_val5/train/train_12.npz,15,460,218,0.5414813160896301,0.1493494212627411
11,/home/featurize/work/USCT_repro/USCT_download/c5_wavefield_data/smoke64src_train20_val5/train/train_12.npz,16,461,245,0.5549094676971436,0.14979960024356842
11,/home/featurize/work/USCT_repro/USCT_download/c5_wavefield_data/smoke64src_train20_val5/train/train_12.npz,17,460,266,0.5386227369308472,0.13666851818561554
11,/home/featurize/work/USCT_repro/USCT_download/c5_wavefield_data/smoke64src_train20_val5/train/train_12.npz,18,456,287,0.5443180799484253,0.15434837341308594
11,/home/featurize/work/USCT_repro/USCT_download/c5_wavefield_data/smoke64src_train20_val5/train/train_12.npz,19,451,308,0.5424774885177612,0.16181877255439758
11,/home/featurize/work/USCT_repro/USCT_download/c5_wavefield_data/smoke64src_train20_val5/train/train_12.npz,20,443,328,0.5556813478469849,0.16387835144996643
11,/home/featurize/work/USCT_repro/USCT_download/c5_wavefield_data/smoke64src_train20_val5/train/train_12.npz,21,434,347,0.5612943172454834,0.16221152245998383
11,/home/featurize/work/USCT_repro/USCT_download/c5_wavefield_data/smoke64src_train20_val5/train/train_12.npz,22,423,365,0.5433102250099182,0.15284164249897003
11,/home/featurize/work/USCT_repro/USCT_download/c5_wavefield_data/smoke64src_train20_val5/train/train_12.npz,23,410,382,0.5212349891662598,0.14373092353343964
11,/home/featurize/work/USCT_repro/USCT_download/c5_wavefield_data/smoke64src_train20_val5/train/train_12.npz,24,395,397,0.5060504078865051,0.15423919260501862
11,/home/featurize/work/USCT_repro/USCT_download/c5_wavefield_data/smoke64src_train20_val5/train/train_12.npz,25,380,412,0.49293282628059387,0.11170508712530136
11,/home/featurize/work/USCT_repro/USCT_download/c5_wavefield_data/smoke64src_train20_val5/train/train_12.npz,26,362,424,0.5204986333847046,0.14035847783088684
11,/home/featurize/work/USCT_repro/USCT_download/c5_wavefield_data/smoke64src_train20_val5/train/train_12.npz,27,344,435,0.5226264595985413,0.15301455557346344
11,/home/featurize/work/USCT_repro/USCT_download/c5_wavefield_data/smoke64src_train20_val5/train/train_12.npz,28,325,444,0.5281239151954651,0.1538875550031662
11,/home/featurize/work/USCT_repro/USCT_download/c5_wavefield_data/smoke64src_train20_val5/train/train_12.npz,29,305,451,0.5267020463943481,0.13251268863677979
11,/home/featurize/work/USCT_repro/USCT_download/c5_wavefield_data/smoke64src_train20_val5/train/train_12.npz,30,284,457,0.5214443802833557,0.15174970030784607
11,/home/featurize/work/USCT_repro/USCT_download/c5_wavefield_data/smoke64src_train20_val5/train/train_12.npz,31,263,460,0.5070578455924988,0.1474253088235855
11,/home/featurize/work/USCT_repro/USCT_download/c5_wavefield_data/smoke64src_train20_val5/train/train_12.npz,32,235,461,0.48238471150398254,0.14356236159801483
11,/home/featurize/work/USCT_repro/USCT_download/c5_wavefield_data/smoke64src_train20_val5/train/train_12.npz,33,214,460,0.4818306267261505,0.14420263469219208
11,/home/featurize/work/USCT_repro/USCT_download/c5_wavefield_data/smoke64src_train20_val5/train/train_12.npz,34,193,456,0.4809574782848358,0.1408780962228775
11,/home/featurize/work/USCT_repro/USCT_download/c5_wavefield_data/smoke64src_train20_val5/train/train_12.npz,35,173,451,0.49148592352867126,0.15748804807662964
11,/home/featurize/work/USCT_repro/USCT_download/c5_wavefield_data/smoke64src_train20_val5/train/train_12.npz,36,153,443,0.5089921951293945,0.16296420991420746
11,/home/featurize/work/USCT_repro/USCT_download/c5_wavefield_data/smoke64src_train20_val5/train/train_12.npz,37,134,434,0.4883316159248352,0.13629525899887085
11,/home/featurize/work/USCT_repro/USCT_download/c5_wavefield_data/smoke64src_train20_val5/train/train_12.npz,38,115,423,0.4711756408214569,0.1624254286289215
11,/home/featurize/work/USCT_repro/USCT_download/c5_wavefield_data/smoke64src_train20_val5/train/train_12.npz,39,98,410,0.4678153097629547,0.15670040249824524
11,/home/featurize/work/USCT_repro/USCT_download/c5_wavefield_data/smoke64src_train20_val5/train/train_12.npz,40,83,396,0.4568743407726288,0.16456514596939087
11,/home/featurize/work/USCT_repro/USCT_download/c5_wavefield_data/smoke64src_train20_val5/train/train_12.npz,41,69,380,0.48629090189933777,0.15431174635887146
11,/home/featurize/work/USCT_repro/USCT_download/c5_wavefield_data/smoke64src_train20_val5/train/train_12.npz,42,56,363,0.4977721571922302,0.149610698223114
11,/home/featurize/work/USCT_repro/USCT_download/c5_wavefield_data/smoke64src_train20_val5/train/train_12.npz,43,45,344,0.4804348647594452,0.15682236850261688
11,/home/featurize/work/USCT_repro/USCT_download/c5_wavefield_data/smoke64src_train20_val5/train/train_12.npz,44,36,325,0.4691414535045624,0.1264367252588272
11,/home/featurize/work/USCT_repro/USCT_download/c5_wavefield_data/smoke64src_train20_val5/train/train_12.npz,45,29,305,0.46863025426864624,0.15280097723007202
11,/home/featurize/work/USCT_repro/USCT_download/c5_wavefield_data/smoke64src_train20_val5/train/train_12.npz,46,23,285,0.4819682240486145,0.11521261185407639
11,/home/featurize/work/USCT_repro/USCT_download/c5_wavefield_data/smoke64src_train20_val5/train/train_12.npz,47,20,264,0.5005927681922913,0.1418638825416565
11,/home/featurize/work/USCT_repro/USCT_download/c5_wavefield_data/smoke64src_train20_val5/train/train_12.npz,48,19,236,0.5262846946716309,0.13605837523937225
11,/home/featurize/work/USCT_repro/USCT_download/c5_wavefield_data/smoke64src_train20_val5/train/train_12.npz,49,20,215,0.5496852993965149,0.14071281254291534
11,/home/featurize/work/USCT_repro/USCT_download/c5_wavefield_data/smoke64src_train20_val5/train/train_12.npz,50,24,194,0.553756594657898,0.14604681730270386
11,/home/featurize/work/USCT_repro/USCT_download/c5_wavefield_data/smoke64src_train20_val5/train/train_12.npz,51,29,174,0.5802208781242371,0.15657715499401093
11,/home/featurize/work/USCT_repro/USCT_download/c5_wavefield_data/smoke64src_train20_val5/train/train_12.npz,52,36,154,0.5709801912307739,0.15661878883838654
11,/home/featurize/work/USCT_repro/USCT_download/c5_wavefield_data/smoke64src_train20_val5/train/train_12.npz,53,46,135,0.5459334254264832,0.15994921326637268
11,/home/featurize/work/USCT_repro/USCT_download/c5_wavefield_data/smoke64src_train20_val5/train/train_12.npz,54,57,116,0.5203495621681213,0.15034158527851105
11,/home/featurize/work/USCT_repro/USCT_download/c5_wavefield_data/smoke64src_train20_val5/train/train_12.npz,55,69,99,0.5027535557746887,0.15010756254196167
11,/home/featurize/work/USCT_repro/USCT_download/c5_wavefield_data/smoke64src_train20_val5/train/train_12.npz,56,84,84,0.4900517463684082,0.14259058237075806
11,/home/featurize/work/USCT_repro/USCT_download/c5_wavefield_data/smoke64src_train20_val5/train/train_12.npz,57,99,69,0.49354344606399536,0.13816671073436737
11,/home/featurize/work/USCT_repro/USCT_download/c5_wavefield_data/smoke64src_train20_val5/train/train_12.npz,58,116,57,0.5121076107025146,0.13660277426242828
11,/home/featurize/work/USCT_repro/USCT_download/c5_wavefield_data/smoke64src_train20_val5/train/train_12.npz,59,135,46,0.5247571468353271,0.161337748169899
11,/home/featurize/work/USCT_repro/USCT_download/c5_wavefield_data/smoke64src_train20_val5/train/train_12.npz,60,154,36,0.5301806926727295,0.1535041630268097
11,/home/featurize/work/USCT_repro/USCT_download/c5_wavefield_data/smoke64src_train20_val5/train/train_12.npz,61,174,29,0.5310412049293518,0.16898681223392487
11,/home/featurize/work/USCT_repro/USCT_download/c5_wavefield_data/smoke64src_train20_val5/train/train_12.npz,62,194,24,0.5358389019966125,0.1622851938009262
11,/home/featurize/work/USCT_repro/USCT_download/c5_wavefield_data/smoke64src_train20_val5/train/train_12.npz,63,215,20,0.5247848629951477,0.15020695328712463
12,/home/featurize/work/USCT_repro/USCT_download/c5_wavefield_data/smoke64src_train20_val5/train/train_13.npz,0,246,19,0.5221413373947144,0.1499493569135666
12,/home/featurize/work/USCT_repro/USCT_download/c5_wavefield_data/smoke64src_train20_val5/train/train_13.npz,1,267,20,0.5086238384246826,0.15468943119049072
12,/home/featurize/work/USCT_repro/USCT_download/c5_wavefield_data/smoke64src_train20_val5/train/train_13.npz,2,288,24,0.5001624226570129,0.15336927771568298
12,/home/featurize/work/USCT_repro/USCT_download/c5_wavefield_data/smoke64src_train20_val5/train/train_13.npz,3,309,30,0.48791804909706116,0.14647632837295532
12,/home/featurize/work/USCT_repro/USCT_download/c5_wavefield_data/smoke64src_train20_val5/train/train_13.npz,4,329,37,0.4804215133190155,0.15054059028625488
12,/home/featurize/work/USCT_repro/USCT_download/c5_wavefield_data/smoke64src_train20_val5/train/train_13.npz,5,348,47,0.4908364713191986,0.1576130986213684
12,/home/featurize/work/USCT_repro/USCT_download/c5_wavefield_data/smoke64src_train20_val5/train/train_13.npz,6,366,58,0.48315751552581787,0.14951801300048828
12,/home/featurize/work/USCT_repro/USCT_download/c5_wavefield_data/smoke64src_train20_val5/train/train_13.npz,7,383,71,0.4846181869506836,0.1456224024295807
12,/home/featurize/work/USCT_repro/USCT_download/c5_wavefield_data/smoke64src_train20_val5/train/train_13.npz,8,398,85,0.470999151468277,0.1468961387872696
12,/home/featurize/work/USCT_repro/USCT_download/c5_wavefield_data/smoke64src_train20_val5/train/train_13.npz,9,412,101,0.4792104959487915,0.1524256467819214
12,/home/featurize/work/USCT_repro/USCT_download/c5_wavefield_data/smoke64src_train20_val5/train/train_13.npz,10,425,119,0.4735940098762512,0.14645127952098846
12,/home/featurize/work/USCT_repro/USCT_download/c5_wavefield_data/smoke64src_train20_val5/train/train_13.npz,11,436,137,0.48061490058898926,0.14537206292152405
12,/home/featurize/work/USCT_repro/USCT_download/c5_wavefield_data/smoke64src_train20_val5/train/train_13.npz,12,445,156,0.4843142330646515,0.1428031623363495
12,/home/featurize/work/USCT_repro/USCT_download/c5_wavefield_data/smoke64src_train20_val5/train/train_13.npz,13,452,176,0.4892424941062927,0.136684387922287
12,/home/featurize/work/USCT_repro/USCT_download/c5_wavefield_data/smoke64src_train20_val5/train/train_13.npz,14,457,197,0.5207626223564148,0.15098324418067932
12,/home/featurize/work/USCT_repro/USCT_download/c5_wavefield_data/smoke64src_train20_val5/train/train_13.npz,15,460,218,0.5419740676879883,0.1404099315404892
12,/home/featurize/work/USCT_repro/USCT_download/c5_wavefield_data/smoke64src_train20_val5/train/train_13.npz,16,461,245,0.5616213083267212,0.15511517226696014
12,/home/featurize/work/USCT_repro/USCT_download/c5_wavefield_data/smoke64src_train20_val5/train/train_13.npz,17,460,266,0.5535365343093872,0.1543695479631424
12,/home/featurize/work/USCT_repro/USCT_download/c5_wavefield_data/smoke64src_train20_val5/train/train_13.npz,18,456,287,0.557476282119751,0.14784198999404907
12,/home/featurize/work/USCT_repro/USCT_download/c5_wavefield_data/smoke64src_train20_val5/train/train_13.npz,19,451,308,0.5579031705856323,0.14643064141273499
12,/home/featurize/work/USCT_repro/USCT_download/c5_wavefield_data/smoke64src_train20_val5/train/train_13.npz,20,443,328,0.555696427822113,0.14428086578845978
12,/home/featurize/work/USCT_repro/USCT_download/c5_wavefield_data/smoke64src_train20_val5/train/train_13.npz,21,434,347,0.5510010123252869,0.16759076714515686
12,/home/featurize/work/USCT_repro/USCT_download/c5_wavefield_data/smoke64src_train20_val5/train/train_13.npz,22,423,365,0.5303186178207397,0.15840594470500946
12,/home/featurize/work/USCT_repro/USCT_download/c5_wavefield_data/smoke64src_train20_val5/train/train_13.npz,23,410,382,0.5058380365371704,0.13645175099372864
12,/home/featurize/work/USCT_repro/USCT_download/c5_wavefield_data/smoke64src_train20_val5/train/train_13.npz,24,395,397,0.4727579355239868,0.13248014450073242
12,/home/featurize/work/USCT_repro/USCT_download/c5_wavefield_data/smoke64src_train20_val5/train/train_13.npz,25,380,412,0.46972960233688354,0.15095824003219604
12,/home/featurize/work/USCT_repro/USCT_download/c5_wavefield_data/smoke64src_train20_val5/train/train_13.npz,26,362,424,0.477142333984375,0.14369221031665802
12,/home/featurize/work/USCT_repro/USCT_download/c5_wavefield_data/smoke64src_train20_val5/train/train_13.npz,27,344,435,0.4892791509628296,0.14809948205947876
12,/home/featurize/work/USCT_repro/USCT_download/c5_wavefield_data/smoke64src_train20_val5/train/train_13.npz,28,325,444,0.48827064037323,0.15729624032974243
12,/home/featurize/work/USCT_repro/USCT_download/c5_wavefield_data/smoke64src_train20_val5/train/train_13.npz,29,305,451,0.4996057152748108,0.13653311133384705
12,/home/featurize/work/USCT_repro/USCT_download/c5_wavefield_data/smoke64src_train20_val5/train/train_13.npz,30,284,457,0.5198675394058228,0.15418019890785217
12,/home/featurize/work/USCT_repro/USCT_download/c5_wavefield_data/smoke64src_train20_val5/train/train_13.npz,31,263,460,0.5200135707855225,0.14577527344226837
12,/home/featurize/work/USCT_repro/USCT_download/c5_wavefield_data/smoke64src_train20_val5/train/train_13.npz,32,235,461,0.5106438398361206,0.14752909541130066
12,/home/featurize/work/USCT_repro/USCT_download/c5_wavefield_data/smoke64src_train20_val5/train/train_13.npz,33,214,460,0.5159221887588501,0.14443093538284302
12,/home/featurize/work/USCT_repro/USCT_download/c5_wavefield_data/smoke64src_train20_val5/train/train_13.npz,34,193,456,0.5060701966285706,0.15074361860752106
12,/home/featurize/work/USCT_repro/USCT_download/c5_wavefield_data/smoke64src_train20_val5/train/train_13.npz,35,173,451,0.5021214485168457,0.1443866342306137
12,/home/featurize/work/USCT_repro/USCT_download/c5_wavefield_data/smoke64src_train20_val5/train/train_13.npz,36,153,443,0.5294533967971802,0.15940681099891663
12,/home/featurize/work/USCT_repro/USCT_download/c5_wavefield_data/smoke64src_train20_val5/train/train_13.npz,37,134,434,0.5385997891426086,0.16712479293346405
12,/home/featurize/work/USCT_repro/USCT_download/c5_wavefield_data/smoke64src_train20_val5/train/train_13.npz,38,115,423,0.5412861704826355,0.15793050825595856
12,/home/featurize/work/USCT_repro/USCT_download/c5_wavefield_data/smoke64src_train20_val5/train/train_13.npz,39,98,410,0.5420059561729431,0.16246095299720764
12,/home/featurize/work/USCT_repro/USCT_download/c5_wavefield_data/smoke64src_train20_val5/train/train_13.npz,40,83,396,0.5223562121391296,0.15865904092788696
12,/home/featurize/work/USCT_repro/USCT_download/c5_wavefield_data/smoke64src_train20_val5/train/train_13.npz,41,69,380,0.5427058339118958,0.1558852195739746
12,/home/featurize/work/USCT_repro/USCT_download/c5_wavefield_data/smoke64src_train20_val5/train/train_13.npz,42,56,363,0.529757022857666,0.16308434307575226
12,/home/featurize/work/USCT_repro/USCT_download/c5_wavefield_data/smoke64src_train20_val5/train/train_13.npz,43,45,344,0.5268098711967468,0.15458495914936066
12,/home/featurize/work/USCT_repro/USCT_download/c5_wavefield_data/smoke64src_train20_val5/train/train_13.npz,44,36,325,0.5384007096290588,0.16742673516273499
12,/home/featurize/work/USCT_repro/USCT_download/c5_wavefield_data/smoke64src_train20_val5/train/train_13.npz,45,29,305,0.54643315076828,0.15780502557754517
12,/home/featurize/work/USCT_repro/USCT_download/c5_wavefield_data/smoke64src_train20_val5/train/train_13.npz,46,23,285,0.5461524724960327,0.1575830578804016
12,/home/featurize/work/USCT_repro/USCT_download/c5_wavefield_data/smoke64src_train20_val5/train/train_13.npz,47,20,264,0.5472400784492493,0.14750544726848602
12,/home/featurize/work/USCT_repro/USCT_download/c5_wavefield_data/smoke64src_train20_val5/train/train_13.npz,48,19,236,0.508339524269104,0.14317190647125244
12,/home/featurize/work/USCT_repro/USCT_download/c5_wavefield_data/smoke64src_train20_val5/train/train_13.npz,49,20,215,0.4960130453109741,0.1332847774028778
12,/home/featurize/work/USCT_repro/USCT_download/c5_wavefield_data/smoke64src_train20_val5/train/train_13.npz,50,24,194,0.5159749984741211,0.15027369558811188
12,/home/featurize/work/USCT_repro/USCT_download/c5_wavefield_data/smoke64src_train20_val5/train/train_13.npz,51,29,174,0.5343313813209534,0.15389032661914825
12,/home/featurize/work/USCT_repro/USCT_download/c5_wavefield_data/smoke64src_train20_val5/train/train_13.npz,52,36,154,0.5294845700263977,0.16746611893177032
12,/home/featurize/work/USCT_repro/USCT_download/c5_wavefield_data/smoke64src_train20_val5/train/train_13.npz,53,46,135,0.5098788142204285,0.15809118747711182
12,/home/featurize/work/USCT_repro/USCT_download/c5_wavefield_data/smoke64src_train20_val5/train/train_13.npz,54,57,116,0.4833371341228485,0.14900751411914825
12,/home/featurize/work/USCT_repro/USCT_download/c5_wavefield_data/smoke64src_train20_val5/train/train_13.npz,55,69,99,0.4749229848384857,0.14141686260700226
12,/home/featurize/work/USCT_repro/USCT_download/c5_wavefield_data/smoke64src_train20_val5/train/train_13.npz,56,84,84,0.4823943078517914,0.14410880208015442
12,/home/featurize/work/USCT_repro/USCT_download/c5_wavefield_data/smoke64src_train20_val5/train/train_13.npz,57,99,69,0.5370997190475464,0.16408170759677887
12,/home/featurize/work/USCT_repro/USCT_download/c5_wavefield_data/smoke64src_train20_val5/train/train_13.npz,58,116,57,0.5353949666023254,0.15143397450447083
12,/home/featurize/work/USCT_repro/USCT_download/c5_wavefield_data/smoke64src_train20_val5/train/train_13.npz,59,135,46,0.5562558174133301,0.14994807541370392
12,/home/featurize/work/USCT_repro/USCT_download/c5_wavefield_data/smoke64src_train20_val5/train/train_13.npz,60,154,36,0.530296802520752,0.15881481766700745
12,/home/featurize/work/USCT_repro/USCT_download/c5_wavefield_data/smoke64src_train20_val5/train/train_13.npz,61,174,29,0.5330117344856262,0.1427811086177826
12,/home/featurize/work/USCT_repro/USCT_download/c5_wavefield_data/smoke64src_train20_val5/train/train_13.npz,62,194,24,0.5229266285896301,0.1551731824874878
12,/home/featurize/work/USCT_repro/USCT_download/c5_wavefield_data/smoke64src_train20_val5/train/train_13.npz,63,215,20,0.5123986005783081,0.16343382000923157
13,/home/featurize/work/USCT_repro/USCT_download/c5_wavefield_data/smoke64src_train20_val5/train/train_14.npz,0,246,19,0.623164176940918,0.15796783566474915
13,/home/featurize/work/USCT_repro/USCT_download/c5_wavefield_data/smoke64src_train20_val5/train/train_14.npz,1,267,20,0.6293458938598633,0.15217915177345276
13,/home/featurize/work/USCT_repro/USCT_download/c5_wavefield_data/smoke64src_train20_val5/train/train_14.npz,2,288,24,0.6239231824874878,0.15877193212509155
13,/home/featurize/work/USCT_repro/USCT_download/c5_wavefield_data/smoke64src_train20_val5/train/train_14.npz,3,309,30,0.6249818801879883,0.15090696513652802
13,/home/featurize/work/USCT_repro/USCT_download/c5_wavefield_data/smoke64src_train20_val5/train/train_14.npz,4,329,37,0.6052545309066772,0.1653566062450409
13,/home/featurize/work/USCT_repro/USCT_download/c5_wavefield_data/smoke64src_train20_val5/train/train_14.npz,5,348,47,0.5973024964332581,0.16056948900222778
13,/home/featurize/work/USCT_repro/USCT_download/c5_wavefield_data/smoke64src_train20_val5/train/train_14.npz,6,366,58,0.5448838472366333,0.1458531767129898
13,/home/featurize/work/USCT_repro/USCT_download/c5_wavefield_data/smoke64src_train20_val5/train/train_14.npz,7,383,71,0.5184279084205627,0.1464456021785736
13,/home/featurize/work/USCT_repro/USCT_download/c5_wavefield_data/smoke64src_train20_val5/train/train_14.npz,8,398,85,0.5093308687210083,0.1333688497543335
13,/home/featurize/work/USCT_repro/USCT_download/c5_wavefield_data/smoke64src_train20_val5/train/train_14.npz,9,412,101,0.5103908777236938,0.14422421157360077
13,/home/featurize/work/USCT_repro/USCT_download/c5_wavefield_data/smoke64src_train20_val5/train/train_14.npz,10,425,119,0.5211837291717529,0.15045231580734253
13,/home/featurize/work/USCT_repro/USCT_download/c5_wavefield_data/smoke64src_train20_val5/train/train_14.npz,11,436,137,0.5160273909568787,0.1453111618757248
13,/home/featurize/work/USCT_repro/USCT_download/c5_wavefield_data/smoke64src_train20_val5/train/train_14.npz,12,445,156,0.5106313824653625,0.15687641501426697
13,/home/featurize/work/USCT_repro/USCT_download/c5_wavefield_data/smoke64src_train20_val5/train/train_14.npz,13,452,176,0.5257482528686523,0.15564295649528503
13,/home/featurize/work/USCT_repro/USCT_download/c5_wavefield_data/smoke64src_train20_val5/train/train_14.npz,14,457,197,0.5441372990608215,0.15646423399448395
13,/home/featurize/work/USCT_repro/USCT_download/c5_wavefield_data/smoke64src_train20_val5/train/train_14.npz,15,460,218,0.5442582368850708,0.1661963313817978
13,/home/featurize/work/USCT_repro/USCT_download/c5_wavefield_data/smoke64src_train20_val5/train/train_14.npz,16,461,245,0.5466770529747009,0.15794804692268372
13,/home/featurize/work/USCT_repro/USCT_download/c5_wavefield_data/smoke64src_train20_val5/train/train_14.npz,17,460,266,0.522529661655426,0.15454556047916412
13,/home/featurize/work/USCT_repro/USCT_download/c5_wavefield_data/smoke64src_train20_val5/train/train_14.npz,18,456,287,0.5248690843582153,0.15099811553955078
13,/home/featurize/work/USCT_repro/USCT_download/c5_wavefield_data/smoke64src_train20_val5/train/train_14.npz,19,451,308,0.5210903882980347,0.15592080354690552
13,/home/featurize/work/USCT_repro/USCT_download/c5_wavefield_data/smoke64src_train20_val5/train/train_14.npz,20,443,328,0.503476083278656,0.16641318798065186
13,/home/featurize/work/USCT_repro/USCT_download/c5_wavefield_data/smoke64src_train20_val5/train/train_14.npz,21,434,347,0.49710357189178467,0.1570425033569336
13,/home/featurize/work/USCT_repro/USCT_download/c5_wavefield_data/smoke64src_train20_val5/train/train_14.npz,22,423,365,0.498216837644577,0.1458737850189209
13,/home/featurize/work/USCT_repro/USCT_download/c5_wavefield_data/smoke64src_train20_val5/train/train_14.npz,23,410,382,0.516299307346344,0.15347078442573547
13,/home/featurize/work/USCT_repro/USCT_download/c5_wavefield_data/smoke64src_train20_val5/train/train_14.npz,24,395,397,0.5334773659706116,0.15158744156360626
13,/home/featurize/work/USCT_repro/USCT_download/c5_wavefield_data/smoke64src_train20_val5/train/train_14.npz,25,380,412,0.5514864325523376,0.16752861440181732
13,/home/featurize/work/USCT_repro/USCT_download/c5_wavefield_data/smoke64src_train20_val5/train/train_14.npz,26,362,424,0.5396068692207336,0.15675795078277588
13,/home/featurize/work/USCT_repro/USCT_download/c5_wavefield_data/smoke64src_train20_val5/train/train_14.npz,27,344,435,0.5650506019592285,0.13029250502586365
13,/home/featurize/work/USCT_repro/USCT_download/c5_wavefield_data/smoke64src_train20_val5/train/train_14.npz,28,325,444,0.5574092268943787,0.147458016872406
13,/home/featurize/work/USCT_repro/USCT_download/c5_wavefield_data/smoke64src_train20_val5/train/train_14.npz,29,305,451,0.5654739737510681,0.1555589884519577
13,/home/featurize/work/USCT_repro/USCT_download/c5_wavefield_data/smoke64src_train20_val5/train/train_14.npz,30,284,457,0.56673663854599,0.16342809796333313
13,/home/featurize/work/USCT_repro/USCT_download/c5_wavefield_data/smoke64src_train20_val5/train/train_14.npz,31,263,460,0.5593040585517883,0.15889576077461243
13,/home/featurize/work/USCT_repro/USCT_download/c5_wavefield_data/smoke64src_train20_val5/train/train_14.npz,32,235,461,0.5448094010353088,0.15379242599010468
13,/home/featurize/work/USCT_repro/USCT_download/c5_wavefield_data/smoke64src_train20_val5/train/train_14.npz,33,214,460,0.5583990812301636,0.15706394612789154
13,/home/featurize/work/USCT_repro/USCT_download/c5_wavefield_data/smoke64src_train20_val5/train/train_14.npz,34,193,456,0.5513657331466675,0.16076184809207916
13,/home/featurize/work/USCT_repro/USCT_download/c5_wavefield_data/smoke64src_train20_val5/train/train_14.npz,35,173,451,0.5548620820045471,0.15497717261314392
13,/home/featurize/work/USCT_repro/USCT_download/c5_wavefield_data/smoke64src_train20_val5/train/train_14.npz,36,153,443,0.5456176400184631,0.15727709233760834
13,/home/featurize/work/USCT_repro/USCT_download/c5_wavefield_data/smoke64src_train20_val5/train/train_14.npz,37,134,434,0.5534449219703674,0.16357488930225372
13,/home/featurize/work/USCT_repro/USCT_download/c5_wavefield_data/smoke64src_train20_val5/train/train_14.npz,38,115,423,0.5297060608863831,0.1263970285654068
13,/home/featurize/work/USCT_repro/USCT_download/c5_wavefield_data/smoke64src_train20_val5/train/train_14.npz,39,98,410,0.5045348405838013,0.13493835926055908
13,/home/featurize/work/USCT_repro/USCT_download/c5_wavefield_data/smoke64src_train20_val5/train/train_14.npz,40,83,396,0.4895636737346649,0.14086583256721497
13,/home/featurize/work/USCT_repro/USCT_download/c5_wavefield_data/smoke64src_train20_val5/train/train_14.npz,41,69,380,0.500185489654541,0.16189205646514893
13,/home/featurize/work/USCT_repro/USCT_download/c5_wavefield_data/smoke64src_train20_val5/train/train_14.npz,42,56,363,0.5121960043907166,0.14775025844573975
13,/home/featurize/work/USCT_repro/USCT_download/c5_wavefield_data/smoke64src_train20_val5/train/train_14.npz,43,45,344,0.4956478178501129,0.13709935545921326
13,/home/featurize/work/USCT_repro/USCT_download/c5_wavefield_data/smoke64src_train20_val5/train/train_14.npz,44,36,325,0.49547043442726135,0.1477610021829605
13,/home/featurize/work/USCT_repro/USCT_download/c5_wavefield_data/smoke64src_train20_val5/train/train_14.npz,45,29,305,0.5322954654693604,0.16278879344463348
13,/home/featurize/work/USCT_repro/USCT_download/c5_wavefield_data/smoke64src_train20_val5/train/train_14.npz,46,23,285,0.5386831164360046,0.14541752636432648
13,/home/featurize/work/USCT_repro/USCT_download/c5_wavefield_data/smoke64src_train20_val5/train/train_14.npz,47,20,264,0.5484271049499512,0.14646315574645996
13,/home/featurize/work/USCT_repro/USCT_download/c5_wavefield_data/smoke64src_train20_val5/train/train_14.npz,48,19,236,0.5310534238815308,0.14106810092926025
13,/home/featurize/work/USCT_repro/USCT_download/c5_wavefield_data/smoke64src_train20_val5/train/train_14.npz,49,20,215,0.5284796953201294,0.1525518149137497
13,/home/featurize/work/USCT_repro/USCT_download/c5_wavefield_data/smoke64src_train20_val5/train/train_14.npz,50,24,194,0.511119544506073,0.1445334106683731
13,/home/featurize/work/USCT_repro/USCT_download/c5_wavefield_data/smoke64src_train20_val5/train/train_14.npz,51,29,174,0.510884702205658,0.14281584322452545
13,/home/featurize/work/USCT_repro/USCT_download/c5_wavefield_data/smoke64src_train20_val5/train/train_14.npz,52,36,154,0.5085386037826538,0.14461055397987366
13,/home/featurize/work/USCT_repro/USCT_download/c5_wavefield_data/smoke64src_train20_val5/train/train_14.npz,53,46,135,0.5024431943893433,0.1700439751148224
13,/home/featurize/work/USCT_repro/USCT_download/c5_wavefield_data/smoke64src_train20_val5/train/train_14.npz,54,57,116,0.4820759892463684,0.1525392085313797
13,/home/featurize/work/USCT_repro/USCT_download/c5_wavefield_data/smoke64src_train20_val5/train/train_14.npz,55,69,99,0.48931747674942017,0.16628743708133698
13,/home/featurize/work/USCT_repro/USCT_download/c5_wavefield_data/smoke64src_train20_val5/train/train_14.npz,56,84,84,0.5000333189964294,0.15224705636501312
13,/home/featurize/work/USCT_repro/USCT_download/c5_wavefield_data/smoke64src_train20_val5/train/train_14.npz,57,99,69,0.5029769539833069,0.14942725002765656
13,/home/featurize/work/USCT_repro/USCT_download/c5_wavefield_data/smoke64src_train20_val5/train/train_14.npz,58,116,57,0.48246437311172485,0.145745187997818
13,/home/featurize/work/USCT_repro/USCT_download/c5_wavefield_data/smoke64src_train20_val5/train/train_14.npz,59,135,46,0.4822646677494049,0.1438625454902649
13,/home/featurize/work/USCT_repro/USCT_download/c5_wavefield_data/smoke64src_train20_val5/train/train_14.npz,60,154,36,0.48660653829574585,0.1449669599533081
13,/home/featurize/work/USCT_repro/USCT_download/c5_wavefield_data/smoke64src_train20_val5/train/train_14.npz,61,174,29,0.502079963684082,0.14961089193820953
13,/home/featurize/work/USCT_repro/USCT_download/c5_wavefield_data/smoke64src_train20_val5/train/train_14.npz,62,194,24,0.5196588039398193,0.15226809680461884
13,/home/featurize/work/USCT_repro/USCT_download/c5_wavefield_data/smoke64src_train20_val5/train/train_14.npz,63,215,20,0.5567392706871033,0.16527387499809265
14,/home/featurize/work/USCT_repro/USCT_download/c5_wavefield_data/smoke64src_train20_val5/train/train_15.npz,0,246,19,0.5359820127487183,0.14946241676807404
14,/home/featurize/work/USCT_repro/USCT_download/c5_wavefield_data/smoke64src_train20_val5/train/train_15.npz,1,267,20,0.5293796062469482,0.13677577674388885
14,/home/featurize/work/USCT_repro/USCT_download/c5_wavefield_data/smoke64src_train20_val5/train/train_15.npz,2,288,24,0.5097145438194275,0.133994922041893
14,/home/featurize/work/USCT_repro/USCT_download/c5_wavefield_data/smoke64src_train20_val5/train/train_15.npz,3,309,30,0.4873914420604706,0.141156405210495
14,/home/featurize/work/USCT_repro/USCT_download/c5_wavefield_data/smoke64src_train20_val5/train/train_15.npz,4,329,37,0.4896424114704132,0.1401861160993576
14,/home/featurize/work/USCT_repro/USCT_download/c5_wavefield_data/smoke64src_train20_val5/train/train_15.npz,5,348,47,0.5093271732330322,0.1616121381521225
14,/home/featurize/work/USCT_repro/USCT_download/c5_wavefield_data/smoke64src_train20_val5/train/train_15.npz,6,366,58,0.5101796388626099,0.16440095007419586
14,/home/featurize/work/USCT_repro/USCT_download/c5_wavefield_data/smoke64src_train20_val5/train/train_15.npz,7,383,71,0.5035766363143921,0.1592177003622055
14,/home/featurize/work/USCT_repro/USCT_download/c5_wavefield_data/smoke64src_train20_val5/train/train_15.npz,8,398,85,0.4989892244338989,0.15224258601665497
14,/home/featurize/work/USCT_repro/USCT_download/c5_wavefield_data/smoke64src_train20_val5/train/train_15.npz,9,412,101,0.5037347674369812,0.15132643282413483
14,/home/featurize/work/USCT_repro/USCT_download/c5_wavefield_data/smoke64src_train20_val5/train/train_15.npz,10,425,119,0.5182414054870605,0.17177800834178925
14,/home/featurize/work/USCT_repro/USCT_download/c5_wavefield_data/smoke64src_train20_val5/train/train_15.npz,11,436,137,0.5366403460502625,0.16023428738117218
14,/home/featurize/work/USCT_repro/USCT_download/c5_wavefield_data/smoke64src_train20_val5/train/train_15.npz,12,445,156,0.541662335395813,0.1565677672624588
14,/home/featurize/work/USCT_repro/USCT_download/c5_wavefield_data/smoke64src_train20_val5/train/train_15.npz,13,452,176,0.5494007468223572,0.15653124451637268
14,/home/featurize/work/USCT_repro/USCT_download/c5_wavefield_data/smoke64src_train20_val5/train/train_15.npz,14,457,197,0.5603460669517517,0.19017139077186584
14,/home/featurize/work/USCT_repro/USCT_download/c5_wavefield_data/smoke64src_train20_val5/train/train_15.npz,15,460,218,0.5460909008979797,0.17661939561367035
14,/home/featurize/work/USCT_repro/USCT_download/c5_wavefield_data/smoke64src_train20_val5/train/train_15.npz,16,461,245,0.5542955994606018,0.15869173407554626
14,/home/featurize/work/USCT_repro/USCT_download/c5_wavefield_data/smoke64src_train20_val5/train/train_15.npz,17,460,266,0.5623598694801331,0.16538465023040771
14,/home/featurize/work/USCT_repro/USCT_download/c5_wavefield_data/smoke64src_train20_val5/train/train_15.npz,18,456,287,0.5711058974266052,0.1760011464357376
14,/home/featurize/work/USCT_repro/USCT_download/c5_wavefield_data/smoke64src_train20_val5/train/train_15.npz,19,451,308,0.5812642574310303,0.18345488607883453
14,/home/featurize/work/USCT_repro/USCT_download/c5_wavefield_data/smoke64src_train20_val5/train/train_15.npz,20,443,328,0.5617690682411194,0.16993442177772522
14,/home/featurize/work/USCT_repro/USCT_download/c5_wavefield_data/smoke64src_train20_val5/train/train_15.npz,21,434,347,0.5756832361221313,0.16592851281166077
14,/home/featurize/work/USCT_repro/USCT_download/c5_wavefield_data/smoke64src_train20_val5/train/train_15.npz,22,423,365,0.5833545327186584,0.1791992038488388
14,/home/featurize/work/USCT_repro/USCT_download/c5_wavefield_data/smoke64src_train20_val5/train/train_15.npz,23,410,382,0.5982128381729126,0.1678633987903595
14,/home/featurize/work/USCT_repro/USCT_download/c5_wavefield_data/smoke64src_train20_val5/train/train_15.npz,24,395,397,0.567166268825531,0.16323091089725494
14,/home/featurize/work/USCT_repro/USCT_download/c5_wavefield_data/smoke64src_train20_val5/train/train_15.npz,25,380,412,0.5593653917312622,0.17974068224430084
14,/home/featurize/work/USCT_repro/USCT_download/c5_wavefield_data/smoke64src_train20_val5/train/train_15.npz,26,362,424,0.5493744611740112,0.18072673678398132
14,/home/featurize/work/USCT_repro/USCT_download/c5_wavefield_data/smoke64src_train20_val5/train/train_15.npz,27,344,435,0.5242562294006348,0.14498072862625122
14,/home/featurize/work/USCT_repro/USCT_download/c5_wavefield_data/smoke64src_train20_val5/train/train_15.npz,28,325,444,0.5387848019599915,0.15233804285526276
14,/home/featurize/work/USCT_repro/USCT_download/c5_wavefield_data/smoke64src_train20_val5/train/train_15.npz,29,305,451,0.5449870228767395,0.1574554294347763
14,/home/featurize/work/USCT_repro/USCT_download/c5_wavefield_data/smoke64src_train20_val5/train/train_15.npz,30,284,457,0.5614078640937805,0.16867396235466003
14,/home/featurize/work/USCT_repro/USCT_download/c5_wavefield_data/smoke64src_train20_val5/train/train_15.npz,31,263,460,0.553846001625061,0.15237490832805634
14,/home/featurize/work/USCT_repro/USCT_download/c5_wavefield_data/smoke64src_train20_val5/train/train_15.npz,32,235,461,0.5409156084060669,0.15660391747951508
14,/home/featurize/work/USCT_repro/USCT_download/c5_wavefield_data/smoke64src_train20_val5/train/train_15.npz,33,214,460,0.5420364141464233,0.1595078557729721
14,/home/featurize/work/USCT_repro/USCT_download/c5_wavefield_data/smoke64src_train20_val5/train/train_15.npz,34,193,456,0.5632582306861877,0.1539342701435089
14,/home/featurize/work/USCT_repro/USCT_download/c5_wavefield_data/smoke64src_train20_val5/train/train_15.npz,35,173,451,0.5749949812889099,0.1627543717622757
14,/home/featurize/work/USCT_repro/USCT_download/c5_wavefield_data/smoke64src_train20_val5/train/train_15.npz,36,153,443,0.5629451870918274,0.15522488951683044
14,/home/featurize/work/USCT_repro/USCT_download/c5_wavefield_data/smoke64src_train20_val5/train/train_15.npz,37,134,434,0.5739497542381287,0.16608132421970367
14,/home/featurize/work/USCT_repro/USCT_download/c5_wavefield_data/smoke64src_train20_val5/train/train_15.npz,38,115,423,0.5304557681083679,0.15207591652870178
14,/home/featurize/work/USCT_repro/USCT_download/c5_wavefield_data/smoke64src_train20_val5/train/train_15.npz,39,98,410,0.5296419262886047,0.15677426755428314
14,/home/featurize/work/USCT_repro/USCT_download/c5_wavefield_data/smoke64src_train20_val5/train/train_15.npz,40,83,396,0.5130965113639832,0.15927369892597198
14,/home/featurize/work/USCT_repro/USCT_download/c5_wavefield_data/smoke64src_train20_val5/train/train_15.npz,41,69,380,0.5387845635414124,0.14873194694519043
14,/home/featurize/work/USCT_repro/USCT_download/c5_wavefield_data/smoke64src_train20_val5/train/train_15.npz,42,56,363,0.5724780559539795,0.16765667498111725
14,/home/featurize/work/USCT_repro/USCT_download/c5_wavefield_data/smoke64src_train20_val5/train/train_15.npz,43,45,344,0.5837321877479553,0.15269505977630615
14,/home/featurize/work/USCT_repro/USCT_download/c5_wavefield_data/smoke64src_train20_val5/train/train_15.npz,44,36,325,0.5922539830207825,0.1580013781785965
14,/home/featurize/work/USCT_repro/USCT_download/c5_wavefield_data/smoke64src_train20_val5/train/train_15.npz,45,29,305,0.5646448135375977,0.1643979549407959
14,/home/featurize/work/USCT_repro/USCT_download/c5_wavefield_data/smoke64src_train20_val5/train/train_15.npz,46,23,285,0.54323810338974,0.16412734985351562
14,/home/featurize/work/USCT_repro/USCT_download/c5_wavefield_data/smoke64src_train20_val5/train/train_15.npz,47,20,264,0.5379230380058289,0.17221373319625854
14,/home/featurize/work/USCT_repro/USCT_download/c5_wavefield_data/smoke64src_train20_val5/train/train_15.npz,48,19,236,0.517204761505127,0.151204913854599
14,/home/featurize/work/USCT_repro/USCT_download/c5_wavefield_data/smoke64src_train20_val5/train/train_15.npz,49,20,215,0.5356855988502502,0.16187258064746857
14,/home/featurize/work/USCT_repro/USCT_download/c5_wavefield_data/smoke64src_train20_val5/train/train_15.npz,50,24,194,0.5396029353141785,0.1605144441127777
14,/home/featurize/work/USCT_repro/USCT_download/c5_wavefield_data/smoke64src_train20_val5/train/train_15.npz,51,29,174,0.5635330677032471,0.17283232510089874
14,/home/featurize/work/USCT_repro/USCT_download/c5_wavefield_data/smoke64src_train20_val5/train/train_15.npz,52,36,154,0.5609907507896423,0.1694289594888687
14,/home/featurize/work/USCT_repro/USCT_download/c5_wavefield_data/smoke64src_train20_val5/train/train_15.npz,53,46,135,0.5524563193321228,0.16664397716522217
14,/home/featurize/work/USCT_repro/USCT_download/c5_wavefield_data/smoke64src_train20_val5/train/train_15.npz,54,57,116,0.5448801517486572,0.16534088551998138
14,/home/featurize/work/USCT_repro/USCT_download/c5_wavefield_data/smoke64src_train20_val5/train/train_15.npz,55,69,99,0.550062358379364,0.16514244675636292
14,/home/featurize/work/USCT_repro/USCT_download/c5_wavefield_data/smoke64src_train20_val5/train/train_15.npz,56,84,84,0.5379713177680969,0.15354236960411072
14,/home/featurize/work/USCT_repro/USCT_download/c5_wavefield_data/smoke64src_train20_val5/train/train_15.npz,57,99,69,0.5434728860855103,0.1586257666349411
14,/home/featurize/work/USCT_repro/USCT_download/c5_wavefield_data/smoke64src_train20_val5/train/train_15.npz,58,116,57,0.5462537407875061,0.16449686884880066
14,/home/featurize/work/USCT_repro/USCT_download/c5_wavefield_data/smoke64src_train20_val5/train/train_15.npz,59,135,46,0.556664228439331,0.16918323934078217
14,/home/featurize/work/USCT_repro/USCT_download/c5_wavefield_data/smoke64src_train20_val5/train/train_15.npz,60,154,36,0.5706976056098938,0.16865232586860657
14,/home/featurize/work/USCT_repro/USCT_download/c5_wavefield_data/smoke64src_train20_val5/train/train_15.npz,61,174,29,0.5595252513885498,0.15910594165325165
14,/home/featurize/work/USCT_repro/USCT_download/c5_wavefield_data/smoke64src_train20_val5/train/train_15.npz,62,194,24,0.5483346581459045,0.15240894258022308
14,/home/featurize/work/USCT_repro/USCT_download/c5_wavefield_data/smoke64src_train20_val5/train/train_15.npz,63,215,20,0.5355210304260254,0.1434919834136963
15,/home/featurize/work/USCT_repro/USCT_download/c5_wavefield_data/smoke64src_train20_val5/train/train_16.npz,0,246,19,0.5755648016929626,0.16258083283901215
15,/home/featurize/work/USCT_repro/USCT_download/c5_wavefield_data/smoke64src_train20_val5/train/train_16.npz,1,267,20,0.5867120623588562,0.16729120910167694
15,/home/featurize/work/USCT_repro/USCT_download/c5_wavefield_data/smoke64src_train20_val5/train/train_16.npz,2,288,24,0.5895185470581055,0.14931049942970276
15,/home/featurize/work/USCT_repro/USCT_download/c5_wavefield_data/smoke64src_train20_val5/train/train_16.npz,3,309,30,0.5788332223892212,0.16200928390026093
15,/home/featurize/work/USCT_repro/USCT_download/c5_wavefield_data/smoke64src_train20_val5/train/train_16.npz,4,329,37,0.5759963989257812,0.18951067328453064
15,/home/featurize/work/USCT_repro/USCT_download/c5_wavefield_data/smoke64src_train20_val5/train/train_16.npz,5,348,47,0.5583965182304382,0.18083526194095612
15,/home/featurize/work/USCT_repro/USCT_download/c5_wavefield_data/smoke64src_train20_val5/train/train_16.npz,6,366,58,0.5566169619560242,0.18022096157073975
15,/home/featurize/work/USCT_repro/USCT_download/c5_wavefield_data/smoke64src_train20_val5/train/train_16.npz,7,383,71,0.5519744753837585,0.1659810096025467
15,/home/featurize/work/USCT_repro/USCT_download/c5_wavefield_data/smoke64src_train20_val5/train/train_16.npz,8,398,85,0.5591520667076111,0.16032591462135315
15,/home/featurize/work/USCT_repro/USCT_download/c5_wavefield_data/smoke64src_train20_val5/train/train_16.npz,9,412,101,0.5826655030250549,0.18879994750022888
15,/home/featurize/work/USCT_repro/USCT_download/c5_wavefield_data/smoke64src_train20_val5/train/train_16.npz,10,425,119,0.5882629156112671,0.18216478824615479
15,/home/featurize/work/USCT_repro/USCT_download/c5_wavefield_data/smoke64src_train20_val5/train/train_16.npz,11,436,137,0.5923495292663574,0.18513251841068268
15,/home/featurize/work/USCT_repro/USCT_download/c5_wavefield_data/smoke64src_train20_val5/train/train_16.npz,12,445,156,0.5975936651229858,0.17098680138587952
15,/home/featurize/work/USCT_repro/USCT_download/c5_wavefield_data/smoke64src_train20_val5/train/train_16.npz,13,452,176,0.5761784315109253,0.16495470702648163
15,/home/featurize/work/USCT_repro/USCT_download/c5_wavefield_data/smoke64src_train20_val5/train/train_16.npz,14,457,197,0.5828394889831543,0.17187874019145966
15,/home/featurize/work/USCT_repro/USCT_download/c5_wavefield_data/smoke64src_train20_val5/train/train_16.npz,15,460,218,0.5798276662826538,0.18550710380077362
15,/home/featurize/work/USCT_repro/USCT_download/c5_wavefield_data/smoke64src_train20_val5/train/train_16.npz,16,461,245,0.6059038639068604,0.1618211716413498
15,/home/featurize/work/USCT_repro/USCT_download/c5_wavefield_data/smoke64src_train20_val5/train/train_16.npz,17,460,266,0.6130308508872986,0.1709638237953186
15,/home/featurize/work/USCT_repro/USCT_download/c5_wavefield_data/smoke64src_train20_val5/train/train_16.npz,18,456,287,0.6211627721786499,0.16467535495758057
15,/home/featurize/work/USCT_repro/USCT_download/c5_wavefield_data/smoke64src_train20_val5/train/train_16.npz,19,451,308,0.58613520860672,0.17119327187538147
15,/home/featurize/work/USCT_repro/USCT_download/c5_wavefield_data/smoke64src_train20_val5/train/train_16.npz,20,443,328,0.5573091506958008,0.18462641537189484
15,/home/featurize/work/USCT_repro/USCT_download/c5_wavefield_data/smoke64src_train20_val5/train/train_16.npz,21,434,347,0.5631924271583557,0.18805500864982605
15,/home/featurize/work/USCT_repro/USCT_download/c5_wavefield_data/smoke64src_train20_val5/train/train_16.npz,22,423,365,0.573506772518158,0.16558371484279633
15,/home/featurize/work/USCT_repro/USCT_download/c5_wavefield_data/smoke64src_train20_val5/train/train_16.npz,23,410,382,0.5963959693908691,0.17752449214458466
15,/home/featurize/work/USCT_repro/USCT_download/c5_wavefield_data/smoke64src_train20_val5/train/train_16.npz,24,395,397,0.6101154685020447,0.18975144624710083
15,/home/featurize/work/USCT_repro/USCT_download/c5_wavefield_data/smoke64src_train20_val5/train/train_16.npz,25,380,412,0.6062012314796448,0.18130162358283997
15,/home/featurize/work/USCT_repro/USCT_download/c5_wavefield_data/smoke64src_train20_val5/train/train_16.npz,26,362,424,0.5788758993148804,0.17236727476119995
15,/home/featurize/work/USCT_repro/USCT_download/c5_wavefield_data/smoke64src_train20_val5/train/train_16.npz,27,344,435,0.5757012963294983,0.17508114874362946
15,/home/featurize/work/USCT_repro/USCT_download/c5_wavefield_data/smoke64src_train20_val5/train/train_16.npz,28,325,444,0.595219612121582,0.17541098594665527
15,/home/featurize/work/USCT_repro/USCT_download/c5_wavefield_data/smoke64src_train20_val5/train/train_16.npz,29,305,451,0.5924056172370911,0.16443870961666107
15,/home/featurize/work/USCT_repro/USCT_download/c5_wavefield_data/smoke64src_train20_val5/train/train_16.npz,30,284,457,0.5994076132774353,0.20339195430278778
15,/home/featurize/work/USCT_repro/USCT_download/c5_wavefield_data/smoke64src_train20_val5/train/train_16.npz,31,263,460,0.5865715146064758,0.17366760969161987
15,/home/featurize/work/USCT_repro/USCT_download/c5_wavefield_data/smoke64src_train20_val5/train/train_16.npz,32,235,461,0.5826905965805054,0.17163851857185364
15,/home/featurize/work/USCT_repro/USCT_download/c5_wavefield_data/smoke64src_train20_val5/train/train_16.npz,33,214,460,0.606661319732666,0.18828873336315155
15,/home/featurize/work/USCT_repro/USCT_download/c5_wavefield_data/smoke64src_train20_val5/train/train_16.npz,34,193,456,0.628568708896637,0.1904200315475464
15,/home/featurize/work/USCT_repro/USCT_download/c5_wavefield_data/smoke64src_train20_val5/train/train_16.npz,35,173,451,0.6419538259506226,0.20388919115066528
15,/home/featurize/work/USCT_repro/USCT_download/c5_wavefield_data/smoke64src_train20_val5/train/train_16.npz,36,153,443,0.6334723830223083,0.18732543289661407
15,/home/featurize/work/USCT_repro/USCT_download/c5_wavefield_data/smoke64src_train20_val5/train/train_16.npz,37,134,434,0.6228266954421997,0.19561253488063812
15,/home/featurize/work/USCT_repro/USCT_download/c5_wavefield_data/smoke64src_train20_val5/train/train_16.npz,38,115,423,0.5982708930969238,0.17747126519680023
15,/home/featurize/work/USCT_repro/USCT_download/c5_wavefield_data/smoke64src_train20_val5/train/train_16.npz,39,98,410,0.6476993560791016,0.18068289756774902
15,/home/featurize/work/USCT_repro/USCT_download/c5_wavefield_data/smoke64src_train20_val5/train/train_16.npz,40,83,396,0.648747980594635,0.2094545215368271
15,/home/featurize/work/USCT_repro/USCT_download/c5_wavefield_data/smoke64src_train20_val5/train/train_16.npz,41,69,380,0.6137636303901672,0.17620396614074707
15,/home/featurize/work/USCT_repro/USCT_download/c5_wavefield_data/smoke64src_train20_val5/train/train_16.npz,42,56,363,0.5891607403755188,0.1753089427947998
15,/home/featurize/work/USCT_repro/USCT_download/c5_wavefield_data/smoke64src_train20_val5/train/train_16.npz,43,45,344,0.5737109184265137,0.18382789194583893
15,/home/featurize/work/USCT_repro/USCT_download/c5_wavefield_data/smoke64src_train20_val5/train/train_16.npz,44,36,325,0.6020457744598389,0.2072267234325409
15,/home/featurize/work/USCT_repro/USCT_download/c5_wavefield_data/smoke64src_train20_val5/train/train_16.npz,45,29,305,0.614502489566803,0.20263685286045074
15,/home/featurize/work/USCT_repro/USCT_download/c5_wavefield_data/smoke64src_train20_val5/train/train_16.npz,46,23,285,0.6407808065414429,0.19459708034992218
15,/home/featurize/work/USCT_repro/USCT_download/c5_wavefield_data/smoke64src_train20_val5/train/train_16.npz,47,20,264,0.6300088763237,0.1915082484483719
15,/home/featurize/work/USCT_repro/USCT_download/c5_wavefield_data/smoke64src_train20_val5/train/train_16.npz,48,19,236,0.6326930522918701,0.19603699445724487
15,/home/featurize/work/USCT_repro/USCT_download/c5_wavefield_data/smoke64src_train20_val5/train/train_16.npz,49,20,215,0.6234775185585022,0.1918714940547943
15,/home/featurize/work/USCT_repro/USCT_download/c5_wavefield_data/smoke64src_train20_val5/train/train_16.npz,50,24,194,0.6050883531570435,0.17843346297740936
15,/home/featurize/work/USCT_repro/USCT_download/c5_wavefield_data/smoke64src_train20_val5/train/train_16.npz,51,29,174,0.5943313241004944,0.1876363456249237
15,/home/featurize/work/USCT_repro/USCT_download/c5_wavefield_data/smoke64src_train20_val5/train/train_16.npz,52,36,154,0.6023581027984619,0.19150659441947937
15,/home/featurize/work/USCT_repro/USCT_download/c5_wavefield_data/smoke64src_train20_val5/train/train_16.npz,53,46,135,0.599721372127533,0.18282896280288696
15,/home/featurize/work/USCT_repro/USCT_download/c5_wavefield_data/smoke64src_train20_val5/train/train_16.npz,54,57,116,0.5575379729270935,0.17680898308753967
15,/home/featurize/work/USCT_repro/USCT_download/c5_wavefield_data/smoke64src_train20_val5/train/train_16.npz,55,69,99,0.5582413673400879,0.16084858775138855
15,/home/featurize/work/USCT_repro/USCT_download/c5_wavefield_data/smoke64src_train20_val5/train/train_16.npz,56,84,84,0.5541181564331055,0.16225773096084595
15,/home/featurize/work/USCT_repro/USCT_download/c5_wavefield_data/smoke64src_train20_val5/train/train_16.npz,57,99,69,0.5955541133880615,0.17347116768360138
15,/home/featurize/work/USCT_repro/USCT_download/c5_wavefield_data/smoke64src_train20_val5/train/train_16.npz,58,116,57,0.6086870431900024,0.19260884821414948
15,/home/featurize/work/USCT_repro/USCT_download/c5_wavefield_data/smoke64src_train20_val5/train/train_16.npz,59,135,46,0.6025934815406799,0.16485467553138733
15,/home/featurize/work/USCT_repro/USCT_download/c5_wavefield_data/smoke64src_train20_val5/train/train_16.npz,60,154,36,0.5910147428512573,0.16382671892642975
15,/home/featurize/work/USCT_repro/USCT_download/c5_wavefield_data/smoke64src_train20_val5/train/train_16.npz,61,174,29,0.5683718323707581,0.16914214193820953
15,/home/featurize/work/USCT_repro/USCT_download/c5_wavefield_data/smoke64src_train20_val5/train/train_16.npz,62,194,24,0.5593765377998352,0.16205424070358276
15,/home/featurize/work/USCT_repro/USCT_download/c5_wavefield_data/smoke64src_train20_val5/train/train_16.npz,63,215,20,0.574230968952179,0.1855677217245102
16,/home/featurize/work/USCT_repro/USCT_download/c5_wavefield_data/smoke64src_train20_val5/train/train_17.npz,0,246,19,0.6355162262916565,0.18560092151165009
16,/home/featurize/work/USCT_repro/USCT_download/c5_wavefield_data/smoke64src_train20_val5/train/train_17.npz,1,267,20,0.6612235903739929,0.18510118126869202
16,/home/featurize/work/USCT_repro/USCT_download/c5_wavefield_data/smoke64src_train20_val5/train/train_17.npz,2,288,24,0.6860259175300598,0.17539192736148834
16,/home/featurize/work/USCT_repro/USCT_download/c5_wavefield_data/smoke64src_train20_val5/train/train_17.npz,3,309,30,0.6670621633529663,0.1750633269548416
16,/home/featurize/work/USCT_repro/USCT_download/c5_wavefield_data/smoke64src_train20_val5/train/train_17.npz,4,329,37,0.6361274123191833,0.1748526692390442
16,/home/featurize/work/USCT_repro/USCT_download/c5_wavefield_data/smoke64src_train20_val5/train/train_17.npz,5,348,47,0.59159255027771,0.1851697862148285
16,/home/featurize/work/USCT_repro/USCT_download/c5_wavefield_data/smoke64src_train20_val5/train/train_17.npz,6,366,58,0.5714026689529419,0.1696292757987976
16,/home/featurize/work/USCT_repro/USCT_download/c5_wavefield_data/smoke64src_train20_val5/train/train_17.npz,7,383,71,0.5631784200668335,0.1612926721572876
16,/home/featurize/work/USCT_repro/USCT_download/c5_wavefield_data/smoke64src_train20_val5/train/train_17.npz,8,398,85,0.5610001683235168,0.14666856825351715
16,/home/featurize/work/USCT_repro/USCT_download/c5_wavefield_data/smoke64src_train20_val5/train/train_17.npz,9,412,101,0.5896130800247192,0.1780194789171219
16,/home/featurize/work/USCT_repro/USCT_download/c5_wavefield_data/smoke64src_train20_val5/train/train_17.npz,10,425,119,0.5686184763908386,0.15981601178646088
16,/home/featurize/work/USCT_repro/USCT_download/c5_wavefield_data/smoke64src_train20_val5/train/train_17.npz,11,436,137,0.5644863843917847,0.16521048545837402
16,/home/featurize/work/USCT_repro/USCT_download/c5_wavefield_data/smoke64src_train20_val5/train/train_17.npz,12,445,156,0.5897843241691589,0.1811748594045639
16,/home/featurize/work/USCT_repro/USCT_download/c5_wavefield_data/smoke64src_train20_val5/train/train_17.npz,13,452,176,0.5914449691772461,0.17899645864963531
16,/home/featurize/work/USCT_repro/USCT_download/c5_wavefield_data/smoke64src_train20_val5/train/train_17.npz,14,457,197,0.6076485514640808,0.18105939030647278
16,/home/featurize/work/USCT_repro/USCT_download/c5_wavefield_data/smoke64src_train20_val5/train/train_17.npz,15,460,218,0.6035036444664001,0.17715606093406677
16,/home/featurize/work/USCT_repro/USCT_download/c5_wavefield_data/smoke64src_train20_val5/train/train_17.npz,16,461,245,0.5983124375343323,0.17999817430973053
16,/home/featurize/work/USCT_repro/USCT_download/c5_wavefield_data/smoke64src_train20_val5/train/train_17.npz,17,460,266,0.5820204615592957,0.1847711056470871
16,/home/featurize/work/USCT_repro/USCT_download/c5_wavefield_data/smoke64src_train20_val5/train/train_17.npz,18,456,287,0.5747773051261902,0.18720600008964539
16,/home/featurize/work/USCT_repro/USCT_download/c5_wavefield_data/smoke64src_train20_val5/train/train_17.npz,19,451,308,0.5772233009338379,0.17553140223026276
16,/home/featurize/work/USCT_repro/USCT_download/c5_wavefield_data/smoke64src_train20_val5/train/train_17.npz,20,443,328,0.5751442909240723,0.1802084892988205
16,/home/featurize/work/USCT_repro/USCT_download/c5_wavefield_data/smoke64src_train20_val5/train/train_17.npz,21,434,347,0.5678519010543823,0.15787091851234436
16,/home/featurize/work/USCT_repro/USCT_download/c5_wavefield_data/smoke64src_train20_val5/train/train_17.npz,22,423,365,0.5677761435508728,0.16222558915615082
16,/home/featurize/work/USCT_repro/USCT_download/c5_wavefield_data/smoke64src_train20_val5/train/train_17.npz,23,410,382,0.5550758242607117,0.16541296243667603
16,/home/featurize/work/USCT_repro/USCT_download/c5_wavefield_data/smoke64src_train20_val5/train/train_17.npz,24,395,397,0.568336009979248,0.15811772644519806
16,/home/featurize/work/USCT_repro/USCT_download/c5_wavefield_data/smoke64src_train20_val5/train/train_17.npz,25,380,412,0.6036224365234375,0.18569347262382507
16,/home/featurize/work/USCT_repro/USCT_download/c5_wavefield_data/smoke64src_train20_val5/train/train_17.npz,26,362,424,0.6303761005401611,0.19937370717525482
16,/home/featurize/work/USCT_repro/USCT_download/c5_wavefield_data/smoke64src_train20_val5/train/train_17.npz,27,344,435,0.6172268986701965,0.15509143471717834
16,/home/featurize/work/USCT_repro/USCT_download/c5_wavefield_data/smoke64src_train20_val5/train/train_17.npz,28,325,444,0.6342400908470154,0.18449564278125763
16,/home/featurize/work/USCT_repro/USCT_download/c5_wavefield_data/smoke64src_train20_val5/train/train_17.npz,29,305,451,0.6380451917648315,0.1838231235742569
16,/home/featurize/work/USCT_repro/USCT_download/c5_wavefield_data/smoke64src_train20_val5/train/train_17.npz,30,284,457,0.6487119197845459,0.19251491129398346
16,/home/featurize/work/USCT_repro/USCT_download/c5_wavefield_data/smoke64src_train20_val5/train/train_17.npz,31,263,460,0.6199686527252197,0.18710505962371826
16,/home/featurize/work/USCT_repro/USCT_download/c5_wavefield_data/smoke64src_train20_val5/train/train_17.npz,32,235,461,0.5969569087028503,0.1829005479812622
16,/home/featurize/work/USCT_repro/USCT_download/c5_wavefield_data/smoke64src_train20_val5/train/train_17.npz,33,214,460,0.616097092628479,0.17471039295196533
16,/home/featurize/work/USCT_repro/USCT_download/c5_wavefield_data/smoke64src_train20_val5/train/train_17.npz,34,193,456,0.6172859072685242,0.17130745947360992
16,/home/featurize/work/USCT_repro/USCT_download/c5_wavefield_data/smoke64src_train20_val5/train/train_17.npz,35,173,451,0.6091873645782471,0.16320663690567017
16,/home/featurize/work/USCT_repro/USCT_download/c5_wavefield_data/smoke64src_train20_val5/train/train_17.npz,36,153,443,0.614600419998169,0.15583550930023193
16,/home/featurize/work/USCT_repro/USCT_download/c5_wavefield_data/smoke64src_train20_val5/train/train_17.npz,37,134,434,0.5848037600517273,0.17819744348526
16,/home/featurize/work/USCT_repro/USCT_download/c5_wavefield_data/smoke64src_train20_val5/train/train_17.npz,38,115,423,0.5892284512519836,0.15433935821056366
16,/home/featurize/work/USCT_repro/USCT_download/c5_wavefield_data/smoke64src_train20_val5/train/train_17.npz,39,98,410,0.5747281908988953,0.16410529613494873
16,/home/featurize/work/USCT_repro/USCT_download/c5_wavefield_data/smoke64src_train20_val5/train/train_17.npz,40,83,396,0.5443708300590515,0.16471537947654724
16,/home/featurize/work/USCT_repro/USCT_download/c5_wavefield_data/smoke64src_train20_val5/train/train_17.npz,41,69,380,0.5467410087585449,0.16874904930591583
16,/home/featurize/work/USCT_repro/USCT_download/c5_wavefield_data/smoke64src_train20_val5/train/train_17.npz,42,56,363,0.5439202189445496,0.16628026962280273
16,/home/featurize/work/USCT_repro/USCT_download/c5_wavefield_data/smoke64src_train20_val5/train/train_17.npz,43,45,344,0.5346740484237671,0.16903947293758392
16,/home/featurize/work/USCT_repro/USCT_download/c5_wavefield_data/smoke64src_train20_val5/train/train_17.npz,44,36,325,0.5532326698303223,0.1729259341955185
16,/home/featurize/work/USCT_repro/USCT_download/c5_wavefield_data/smoke64src_train20_val5/train/train_17.npz,45,29,305,0.5560430884361267,0.15286946296691895
16,/home/featurize/work/USCT_repro/USCT_download/c5_wavefield_data/smoke64src_train20_val5/train/train_17.npz,46,23,285,0.5815976858139038,0.1702822744846344
16,/home/featurize/work/USCT_repro/USCT_download/c5_wavefield_data/smoke64src_train20_val5/train/train_17.npz,47,20,264,0.5939140319824219,0.1593867838382721
16,/home/featurize/work/USCT_repro/USCT_download/c5_wavefield_data/smoke64src_train20_val5/train/train_17.npz,48,19,236,0.5738250017166138,0.15838511288166046
16,/home/featurize/work/USCT_repro/USCT_download/c5_wavefield_data/smoke64src_train20_val5/train/train_17.npz,49,20,215,0.5826802849769592,0.1662922203540802
16,/home/featurize/work/USCT_repro/USCT_download/c5_wavefield_data/smoke64src_train20_val5/train/train_17.npz,50,24,194,0.5685022473335266,0.15149329602718353
16,/home/featurize/work/USCT_repro/USCT_download/c5_wavefield_data/smoke64src_train20_val5/train/train_17.npz,51,29,174,0.556117594242096,0.1653008759021759
16,/home/featurize/work/USCT_repro/USCT_download/c5_wavefield_data/smoke64src_train20_val5/train/train_17.npz,52,36,154,0.5568181276321411,0.1886855959892273
16,/home/featurize/work/USCT_repro/USCT_download/c5_wavefield_data/smoke64src_train20_val5/train/train_17.npz,53,46,135,0.5579570531845093,0.1655755192041397
16,/home/featurize/work/USCT_repro/USCT_download/c5_wavefield_data/smoke64src_train20_val5/train/train_17.npz,54,57,116,0.5515780448913574,0.16900032758712769
16,/home/featurize/work/USCT_repro/USCT_download/c5_wavefield_data/smoke64src_train20_val5/train/train_17.npz,55,69,99,0.5543817281723022,0.1812908947467804
16,/home/featurize/work/USCT_repro/USCT_download/c5_wavefield_data/smoke64src_train20_val5/train/train_17.npz,56,84,84,0.5606986880302429,0.17997613549232483
16,/home/featurize/work/USCT_repro/USCT_download/c5_wavefield_data/smoke64src_train20_val5/train/train_17.npz,57,99,69,0.5616761445999146,0.1830136626958847
16,/home/featurize/work/USCT_repro/USCT_download/c5_wavefield_data/smoke64src_train20_val5/train/train_17.npz,58,116,57,0.5435662269592285,0.17998066544532776
16,/home/featurize/work/USCT_repro/USCT_download/c5_wavefield_data/smoke64src_train20_val5/train/train_17.npz,59,135,46,0.5523661375045776,0.17296764254570007
16,/home/featurize/work/USCT_repro/USCT_download/c5_wavefield_data/smoke64src_train20_val5/train/train_17.npz,60,154,36,0.5565887689590454,0.1750362664461136
16,/home/featurize/work/USCT_repro/USCT_download/c5_wavefield_data/smoke64src_train20_val5/train/train_17.npz,61,174,29,0.5453484058380127,0.17141267657279968
16,/home/featurize/work/USCT_repro/USCT_download/c5_wavefield_data/smoke64src_train20_val5/train/train_17.npz,62,194,24,0.5373377799987793,0.1576990783214569
16,/home/featurize/work/USCT_repro/USCT_download/c5_wavefield_data/smoke64src_train20_val5/train/train_17.npz,63,215,20,0.5638923048973083,0.16185753047466278
17,/home/featurize/work/USCT_repro/USCT_download/c5_wavefield_data/smoke64src_train20_val5/train/train_18.npz,0,246,19,0.5117029547691345,0.1400260627269745
17,/home/featurize/work/USCT_repro/USCT_download/c5_wavefield_data/smoke64src_train20_val5/train/train_18.npz,1,267,20,0.5177257061004639,0.14236676692962646
17,/home/featurize/work/USCT_repro/USCT_download/c5_wavefield_data/smoke64src_train20_val5/train/train_18.npz,2,288,24,0.5297464728355408,0.14917916059494019
17,/home/featurize/work/USCT_repro/USCT_download/c5_wavefield_data/smoke64src_train20_val5/train/train_18.npz,3,309,30,0.5278375148773193,0.15590983629226685
17,/home/featurize/work/USCT_repro/USCT_download/c5_wavefield_data/smoke64src_train20_val5/train/train_18.npz,4,329,37,0.5110883116722107,0.14602139592170715
17,/home/featurize/work/USCT_repro/USCT_download/c5_wavefield_data/smoke64src_train20_val5/train/train_18.npz,5,348,47,0.48512640595436096,0.14478497207164764
17,/home/featurize/work/USCT_repro/USCT_download/c5_wavefield_data/smoke64src_train20_val5/train/train_18.npz,6,366,58,0.48316991329193115,0.15290610492229462
17,/home/featurize/work/USCT_repro/USCT_download/c5_wavefield_data/smoke64src_train20_val5/train/train_18.npz,7,383,71,0.4630824327468872,0.1445416957139969
17,/home/featurize/work/USCT_repro/USCT_download/c5_wavefield_data/smoke64src_train20_val5/train/train_18.npz,8,398,85,0.46179309487342834,0.1465744525194168
17,/home/featurize/work/USCT_repro/USCT_download/c5_wavefield_data/smoke64src_train20_val5/train/train_18.npz,9,412,101,0.4694919288158417,0.14981184899806976
17,/home/featurize/work/USCT_repro/USCT_download/c5_wavefield_data/smoke64src_train20_val5/train/train_18.npz,10,425,119,0.482074111700058,0.14101645350456238
17,/home/featurize/work/USCT_repro/USCT_download/c5_wavefield_data/smoke64src_train20_val5/train/train_18.npz,11,436,137,0.5113511681556702,0.1576434224843979
17,/home/featurize/work/USCT_repro/USCT_download/c5_wavefield_data/smoke64src_train20_val5/train/train_18.npz,12,445,156,0.5335663557052612,0.1486479490995407
17,/home/featurize/work/USCT_repro/USCT_download/c5_wavefield_data/smoke64src_train20_val5/train/train_18.npz,13,452,176,0.5469512939453125,0.16030538082122803
17,/home/featurize/work/USCT_repro/USCT_download/c5_wavefield_data/smoke64src_train20_val5/train/train_18.npz,14,457,197,0.56492680311203,0.1650824248790741
17,/home/featurize/work/USCT_repro/USCT_download/c5_wavefield_data/smoke64src_train20_val5/train/train_18.npz,15,460,218,0.5783064961433411,0.16466130316257477
17,/home/featurize/work/USCT_repro/USCT_download/c5_wavefield_data/smoke64src_train20_val5/train/train_18.npz,16,461,245,0.5562430620193481,0.16650716960430145
17,/home/featurize/work/USCT_repro/USCT_download/c5_wavefield_data/smoke64src_train20_val5/train/train_18.npz,17,460,266,0.5252807140350342,0.1587062031030655
17,/home/featurize/work/USCT_repro/USCT_download/c5_wavefield_data/smoke64src_train20_val5/train/train_18.npz,18,456,287,0.5297735929489136,0.15630888938903809
17,/home/featurize/work/USCT_repro/USCT_download/c5_wavefield_data/smoke64src_train20_val5/train/train_18.npz,19,451,308,0.5280413627624512,0.15394756197929382
17,/home/featurize/work/USCT_repro/USCT_download/c5_wavefield_data/smoke64src_train20_val5/train/train_18.npz,20,443,328,0.5317254066467285,0.1547563374042511
17,/home/featurize/work/USCT_repro/USCT_download/c5_wavefield_data/smoke64src_train20_val5/train/train_18.npz,21,434,347,0.5133018493652344,0.1655651032924652
17,/home/featurize/work/USCT_repro/USCT_download/c5_wavefield_data/smoke64src_train20_val5/train/train_18.npz,22,423,365,0.5074966549873352,0.13814997673034668
17,/home/featurize/work/USCT_repro/USCT_download/c5_wavefield_data/smoke64src_train20_val5/train/train_18.npz,23,410,382,0.5134556293487549,0.16534407436847687
17,/home/featurize/work/USCT_repro/USCT_download/c5_wavefield_data/smoke64src_train20_val5/train/train_18.npz,24,395,397,0.5318849682807922,0.1680651605129242
17,/home/featurize/work/USCT_repro/USCT_download/c5_wavefield_data/smoke64src_train20_val5/train/train_18.npz,25,380,412,0.5297622084617615,0.15686944127082825
17,/home/featurize/work/USCT_repro/USCT_download/c5_wavefield_data/smoke64src_train20_val5/train/train_18.npz,26,362,424,0.5516356825828552,0.16757801175117493
17,/home/featurize/work/USCT_repro/USCT_download/c5_wavefield_data/smoke64src_train20_val5/train/train_18.npz,27,344,435,0.5291434526443481,0.1511833369731903
17,/home/featurize/work/USCT_repro/USCT_download/c5_wavefield_data/smoke64src_train20_val5/train/train_18.npz,28,325,444,0.5548022985458374,0.14660778641700745
17,/home/featurize/work/USCT_repro/USCT_download/c5_wavefield_data/smoke64src_train20_val5/train/train_18.npz,29,305,451,0.5647309422492981,0.1795956790447235
17,/home/featurize/work/USCT_repro/USCT_download/c5_wavefield_data/smoke64src_train20_val5/train/train_18.npz,30,284,457,0.5771591067314148,0.16588352620601654
17,/home/featurize/work/USCT_repro/USCT_download/c5_wavefield_data/smoke64src_train20_val5/train/train_18.npz,31,263,460,0.5743539333343506,0.15310105681419373
17,/home/featurize/work/USCT_repro/USCT_download/c5_wavefield_data/smoke64src_train20_val5/train/train_18.npz,32,235,461,0.5306246280670166,0.15197531878948212
17,/home/featurize/work/USCT_repro/USCT_download/c5_wavefield_data/smoke64src_train20_val5/train/train_18.npz,33,214,460,0.5496166944503784,0.14664050936698914
17,/home/featurize/work/USCT_repro/USCT_download/c5_wavefield_data/smoke64src_train20_val5/train/train_18.npz,34,193,456,0.520804226398468,0.13294538855552673
17,/home/featurize/work/USCT_repro/USCT_download/c5_wavefield_data/smoke64src_train20_val5/train/train_18.npz,35,173,451,0.5139434933662415,0.1452169418334961
17,/home/featurize/work/USCT_repro/USCT_download/c5_wavefield_data/smoke64src_train20_val5/train/train_18.npz,36,153,443,0.5214635133743286,0.14534932374954224
17,/home/featurize/work/USCT_repro/USCT_download/c5_wavefield_data/smoke64src_train20_val5/train/train_18.npz,37,134,434,0.5014134049415588,0.15406079590320587
17,/home/featurize/work/USCT_repro/USCT_download/c5_wavefield_data/smoke64src_train20_val5/train/train_18.npz,38,115,423,0.48888158798217773,0.1565130203962326
17,/home/featurize/work/USCT_repro/USCT_download/c5_wavefield_data/smoke64src_train20_val5/train/train_18.npz,39,98,410,0.4816538393497467,0.13855430483818054
17,/home/featurize/work/USCT_repro/USCT_download/c5_wavefield_data/smoke64src_train20_val5/train/train_18.npz,40,83,396,0.47761741280555725,0.13616475462913513
17,/home/featurize/work/USCT_repro/USCT_download/c5_wavefield_data/smoke64src_train20_val5/train/train_18.npz,41,69,380,0.4766072928905487,0.1454949826002121
17,/home/featurize/work/USCT_repro/USCT_download/c5_wavefield_data/smoke64src_train20_val5/train/train_18.npz,42,56,363,0.48750394582748413,0.1452498584985733
17,/home/featurize/work/USCT_repro/USCT_download/c5_wavefield_data/smoke64src_train20_val5/train/train_18.npz,43,45,344,0.5079789757728577,0.14664334058761597
17,/home/featurize/work/USCT_repro/USCT_download/c5_wavefield_data/smoke64src_train20_val5/train/train_18.npz,44,36,325,0.5077728629112244,0.14910557866096497
17,/home/featurize/work/USCT_repro/USCT_download/c5_wavefield_data/smoke64src_train20_val5/train/train_18.npz,45,29,305,0.49506086111068726,0.15714305639266968
17,/home/featurize/work/USCT_repro/USCT_download/c5_wavefield_data/smoke64src_train20_val5/train/train_18.npz,46,23,285,0.5095166563987732,0.1603374183177948
17,/home/featurize/work/USCT_repro/USCT_download/c5_wavefield_data/smoke64src_train20_val5/train/train_18.npz,47,20,264,0.5080763101577759,0.15206295251846313
17,/home/featurize/work/USCT_repro/USCT_download/c5_wavefield_data/smoke64src_train20_val5/train/train_18.npz,48,19,236,0.5241594314575195,0.16011404991149902
17,/home/featurize/work/USCT_repro/USCT_download/c5_wavefield_data/smoke64src_train20_val5/train/train_18.npz,49,20,215,0.548412024974823,0.16975989937782288
17,/home/featurize/work/USCT_repro/USCT_download/c5_wavefield_data/smoke64src_train20_val5/train/train_18.npz,50,24,194,0.5286126136779785,0.14667369425296783
17,/home/featurize/work/USCT_repro/USCT_download/c5_wavefield_data/smoke64src_train20_val5/train/train_18.npz,51,29,174,0.5242067575454712,0.14605361223220825
17,/home/featurize/work/USCT_repro/USCT_download/c5_wavefield_data/smoke64src_train20_val5/train/train_18.npz,52,36,154,0.5279291868209839,0.1669125258922577
17,/home/featurize/work/USCT_repro/USCT_download/c5_wavefield_data/smoke64src_train20_val5/train/train_18.npz,53,46,135,0.5246018767356873,0.15224657952785492
17,/home/featurize/work/USCT_repro/USCT_download/c5_wavefield_data/smoke64src_train20_val5/train/train_18.npz,54,57,116,0.5009177923202515,0.1553073525428772
17,/home/featurize/work/USCT_repro/USCT_download/c5_wavefield_data/smoke64src_train20_val5/train/train_18.npz,55,69,99,0.48691385984420776,0.16290700435638428
17,/home/featurize/work/USCT_repro/USCT_download/c5_wavefield_data/smoke64src_train20_val5/train/train_18.npz,56,84,84,0.49445420503616333,0.15843363106250763
17,/home/featurize/work/USCT_repro/USCT_download/c5_wavefield_data/smoke64src_train20_val5/train/train_18.npz,57,99,69,0.5044437050819397,0.16289113461971283
17,/home/featurize/work/USCT_repro/USCT_download/c5_wavefield_data/smoke64src_train20_val5/train/train_18.npz,58,116,57,0.5089606642723083,0.142197847366333
17,/home/featurize/work/USCT_repro/USCT_download/c5_wavefield_data/smoke64src_train20_val5/train/train_18.npz,59,135,46,0.4995248019695282,0.1528308242559433
17,/home/featurize/work/USCT_repro/USCT_download/c5_wavefield_data/smoke64src_train20_val5/train/train_18.npz,60,154,36,0.511695921421051,0.15905579924583435
17,/home/featurize/work/USCT_repro/USCT_download/c5_wavefield_data/smoke64src_train20_val5/train/train_18.npz,61,174,29,0.5164855122566223,0.14543060958385468
17,/home/featurize/work/USCT_repro/USCT_download/c5_wavefield_data/smoke64src_train20_val5/train/train_18.npz,62,194,24,0.508298933506012,0.1373969465494156
17,/home/featurize/work/USCT_repro/USCT_download/c5_wavefield_data/smoke64src_train20_val5/train/train_18.npz,63,215,20,0.4994613528251648,0.12833230197429657
18,/home/featurize/work/USCT_repro/USCT_download/c5_wavefield_data/smoke64src_train20_val5/train/train_19.npz,0,246,19,0.49030226469039917,0.1320839524269104
18,/home/featurize/work/USCT_repro/USCT_download/c5_wavefield_data/smoke64src_train20_val5/train/train_19.npz,1,267,20,0.500182569026947,0.14662156999111176
18,/home/featurize/work/USCT_repro/USCT_download/c5_wavefield_data/smoke64src_train20_val5/train/train_19.npz,2,288,24,0.5132185220718384,0.1481291502714157
18,/home/featurize/work/USCT_repro/USCT_download/c5_wavefield_data/smoke64src_train20_val5/train/train_19.npz,3,309,30,0.5160544514656067,0.14754469692707062
18,/home/featurize/work/USCT_repro/USCT_download/c5_wavefield_data/smoke64src_train20_val5/train/train_19.npz,4,329,37,0.5022615194320679,0.13585500419139862
18,/home/featurize/work/USCT_repro/USCT_download/c5_wavefield_data/smoke64src_train20_val5/train/train_19.npz,5,348,47,0.4997580647468567,0.1577228605747223
18,/home/featurize/work/USCT_repro/USCT_download/c5_wavefield_data/smoke64src_train20_val5/train/train_19.npz,6,366,58,0.47211307287216187,0.14310169219970703
18,/home/featurize/work/USCT_repro/USCT_download/c5_wavefield_data/smoke64src_train20_val5/train/train_19.npz,7,383,71,0.45791512727737427,0.15184059739112854
18,/home/featurize/work/USCT_repro/USCT_download/c5_wavefield_data/smoke64src_train20_val5/train/train_19.npz,8,398,85,0.47755542397499084,0.15479399263858795
18,/home/featurize/work/USCT_repro/USCT_download/c5_wavefield_data/smoke64src_train20_val5/train/train_19.npz,9,412,101,0.4855687618255615,0.14736248552799225
18,/home/featurize/work/USCT_repro/USCT_download/c5_wavefield_data/smoke64src_train20_val5/train/train_19.npz,10,425,119,0.5073361396789551,0.15267762541770935
18,/home/featurize/work/USCT_repro/USCT_download/c5_wavefield_data/smoke64src_train20_val5/train/train_19.npz,11,436,137,0.5100143551826477,0.15461458265781403
18,/home/featurize/work/USCT_repro/USCT_download/c5_wavefield_data/smoke64src_train20_val5/train/train_19.npz,12,445,156,0.5081626772880554,0.14266733825206757
18,/home/featurize/work/USCT_repro/USCT_download/c5_wavefield_data/smoke64src_train20_val5/train/train_19.npz,13,452,176,0.5012422800064087,0.14634908735752106
18,/home/featurize/work/USCT_repro/USCT_download/c5_wavefield_data/smoke64src_train20_val5/train/train_19.npz,14,457,197,0.49002015590667725,0.1329668164253235
18,/home/featurize/work/USCT_repro/USCT_download/c5_wavefield_data/smoke64src_train20_val5/train/train_19.npz,15,460,218,0.4800415635108948,0.13092273473739624
18,/home/featurize/work/USCT_repro/USCT_download/c5_wavefield_data/smoke64src_train20_val5/train/train_19.npz,16,461,245,0.5156330466270447,0.14026616513729095
18,/home/featurize/work/USCT_repro/USCT_download/c5_wavefield_data/smoke64src_train20_val5/train/train_19.npz,17,460,266,0.5200299024581909,0.14694935083389282
18,/home/featurize/work/USCT_repro/USCT_download/c5_wavefield_data/smoke64src_train20_val5/train/train_19.npz,18,456,287,0.5310575366020203,0.15651744604110718
18,/home/featurize/work/USCT_repro/USCT_download/c5_wavefield_data/smoke64src_train20_val5/train/train_19.npz,19,451,308,0.5116059184074402,0.1466621607542038
18,/home/featurize/work/USCT_repro/USCT_download/c5_wavefield_data/smoke64src_train20_val5/train/train_19.npz,20,443,328,0.4767805337905884,0.14727571606636047
18,/home/featurize/work/USCT_repro/USCT_download/c5_wavefield_data/smoke64src_train20_val5/train/train_19.npz,21,434,347,0.46896156668663025,0.13538408279418945
18,/home/featurize/work/USCT_repro/USCT_download/c5_wavefield_data/smoke64src_train20_val5/train/train_19.npz,22,423,365,0.46031859517097473,0.14097854495048523
18,/home/featurize/work/USCT_repro/USCT_download/c5_wavefield_data/smoke64src_train20_val5/train/train_19.npz,23,410,382,0.47005507349967957,0.15172316133975983
18,/home/featurize/work/USCT_repro/USCT_download/c5_wavefield_data/smoke64src_train20_val5/train/train_19.npz,24,395,397,0.49460020661354065,0.14765284955501556
18,/home/featurize/work/USCT_repro/USCT_download/c5_wavefield_data/smoke64src_train20_val5/train/train_19.npz,25,380,412,0.5107183456420898,0.1645837426185608
18,/home/featurize/work/USCT_repro/USCT_download/c5_wavefield_data/smoke64src_train20_val5/train/train_19.npz,26,362,424,0.5082495808601379,0.14411364495754242
18,/home/featurize/work/USCT_repro/USCT_download/c5_wavefield_data/smoke64src_train20_val5/train/train_19.npz,27,344,435,0.518379271030426,0.15034475922584534
18,/home/featurize/work/USCT_repro/USCT_download/c5_wavefield_data/smoke64src_train20_val5/train/train_19.npz,28,325,444,0.5021588206291199,0.1511446088552475
18,/home/featurize/work/USCT_repro/USCT_download/c5_wavefield_data/smoke64src_train20_val5/train/train_19.npz,29,305,451,0.5033299326896667,0.1493692845106125
18,/home/featurize/work/USCT_repro/USCT_download/c5_wavefield_data/smoke64src_train20_val5/train/train_19.npz,30,284,457,0.5241723656654358,0.17541678249835968
18,/home/featurize/work/USCT_repro/USCT_download/c5_wavefield_data/smoke64src_train20_val5/train/train_19.npz,31,263,460,0.5316945314407349,0.15170764923095703
18,/home/featurize/work/USCT_repro/USCT_download/c5_wavefield_data/smoke64src_train20_val5/train/train_19.npz,32,235,461,0.5281440615653992,0.15400300920009613
18,/home/featurize/work/USCT_repro/USCT_download/c5_wavefield_data/smoke64src_train20_val5/train/train_19.npz,33,214,460,0.5290703773498535,0.16301481425762177
18,/home/featurize/work/USCT_repro/USCT_download/c5_wavefield_data/smoke64src_train20_val5/train/train_19.npz,34,193,456,0.5422745943069458,0.1482495665550232
18,/home/featurize/work/USCT_repro/USCT_download/c5_wavefield_data/smoke64src_train20_val5/train/train_19.npz,35,173,451,0.5484047532081604,0.16411569714546204
18,/home/featurize/work/USCT_repro/USCT_download/c5_wavefield_data/smoke64src_train20_val5/train/train_19.npz,36,153,443,0.5341466069221497,0.14161039888858795
18,/home/featurize/work/USCT_repro/USCT_download/c5_wavefield_data/smoke64src_train20_val5/train/train_19.npz,37,134,434,0.5223827958106995,0.14831583201885223
18,/home/featurize/work/USCT_repro/USCT_download/c5_wavefield_data/smoke64src_train20_val5/train/train_19.npz,38,115,423,0.5192131400108337,0.12153324484825134
18,/home/featurize/work/USCT_repro/USCT_download/c5_wavefield_data/smoke64src_train20_val5/train/train_19.npz,39,98,410,0.5225470662117004,0.14879892766475677
18,/home/featurize/work/USCT_repro/USCT_download/c5_wavefield_data/smoke64src_train20_val5/train/train_19.npz,40,83,396,0.5116497874259949,0.14770323038101196
18,/home/featurize/work/USCT_repro/USCT_download/c5_wavefield_data/smoke64src_train20_val5/train/train_19.npz,41,69,380,0.5212026238441467,0.16257351636886597
18,/home/featurize/work/USCT_repro/USCT_download/c5_wavefield_data/smoke64src_train20_val5/train/train_19.npz,42,56,363,0.5244960188865662,0.17206892371177673
18,/home/featurize/work/USCT_repro/USCT_download/c5_wavefield_data/smoke64src_train20_val5/train/train_19.npz,43,45,344,0.5094845294952393,0.15419931709766388
18,/home/featurize/work/USCT_repro/USCT_download/c5_wavefield_data/smoke64src_train20_val5/train/train_19.npz,44,36,325,0.514789342880249,0.1546715497970581
18,/home/featurize/work/USCT_repro/USCT_download/c5_wavefield_data/smoke64src_train20_val5/train/train_19.npz,45,29,305,0.5259882211685181,0.15203671157360077
18,/home/featurize/work/USCT_repro/USCT_download/c5_wavefield_data/smoke64src_train20_val5/train/train_19.npz,46,23,285,0.5385867357254028,0.16791552305221558
18,/home/featurize/work/USCT_repro/USCT_download/c5_wavefield_data/smoke64src_train20_val5/train/train_19.npz,47,20,264,0.5452436208724976,0.14948585629463196
18,/home/featurize/work/USCT_repro/USCT_download/c5_wavefield_data/smoke64src_train20_val5/train/train_19.npz,48,19,236,0.5342810750007629,0.14844420552253723
18,/home/featurize/work/USCT_repro/USCT_download/c5_wavefield_data/smoke64src_train20_val5/train/train_19.npz,49,20,215,0.5140398144721985,0.16123098134994507
18,/home/featurize/work/USCT_repro/USCT_download/c5_wavefield_data/smoke64src_train20_val5/train/train_19.npz,50,24,194,0.5015578866004944,0.15547627210617065
18,/home/featurize/work/USCT_repro/USCT_download/c5_wavefield_data/smoke64src_train20_val5/train/train_19.npz,51,29,174,0.5111319422721863,0.15686097741127014
18,/home/featurize/work/USCT_repro/USCT_download/c5_wavefield_data/smoke64src_train20_val5/train/train_19.npz,52,36,154,0.4937664866447449,0.140846386551857
18,/home/featurize/work/USCT_repro/USCT_download/c5_wavefield_data/smoke64src_train20_val5/train/train_19.npz,53,46,135,0.49732911586761475,0.14602111279964447
18,/home/featurize/work/USCT_repro/USCT_download/c5_wavefield_data/smoke64src_train20_val5/train/train_19.npz,54,57,116,0.49516844749450684,0.1567513644695282
18,/home/featurize/work/USCT_repro/USCT_download/c5_wavefield_data/smoke64src_train20_val5/train/train_19.npz,55,69,99,0.4750187397003174,0.15693044662475586
18,/home/featurize/work/USCT_repro/USCT_download/c5_wavefield_data/smoke64src_train20_val5/train/train_19.npz,56,84,84,0.47714874148368835,0.15417979657649994
18,/home/featurize/work/USCT_repro/USCT_download/c5_wavefield_data/smoke64src_train20_val5/train/train_19.npz,57,99,69,0.4813743829727173,0.13874338567256927
18,/home/featurize/work/USCT_repro/USCT_download/c5_wavefield_data/smoke64src_train20_val5/train/train_19.npz,58,116,57,0.5152032971382141,0.14387615025043488
18,/home/featurize/work/USCT_repro/USCT_download/c5_wavefield_data/smoke64src_train20_val5/train/train_19.npz,59,135,46,0.5163587331771851,0.1567036211490631
18,/home/featurize/work/USCT_repro/USCT_download/c5_wavefield_data/smoke64src_train20_val5/train/train_19.npz,60,154,36,0.5175972580909729,0.14909091591835022
18,/home/featurize/work/USCT_repro/USCT_download/c5_wavefield_data/smoke64src_train20_val5/train/train_19.npz,61,174,29,0.5039268136024475,0.14611591398715973
18,/home/featurize/work/USCT_repro/USCT_download/c5_wavefield_data/smoke64src_train20_val5/train/train_19.npz,62,194,24,0.502231240272522,0.1454031616449356
18,/home/featurize/work/USCT_repro/USCT_download/c5_wavefield_data/smoke64src_train20_val5/train/train_19.npz,63,215,20,0.508635401725769,0.1515607386827469
19,/home/featurize/work/USCT_repro/USCT_download/c5_wavefield_data/smoke64src_train20_val5/train/train_20.npz,0,246,19,0.5935601592063904,0.17418557405471802
19,/home/featurize/work/USCT_repro/USCT_download/c5_wavefield_data/smoke64src_train20_val5/train/train_20.npz,1,267,20,0.5994943976402283,0.1616552323102951
19,/home/featurize/work/USCT_repro/USCT_download/c5_wavefield_data/smoke64src_train20_val5/train/train_20.npz,2,288,24,0.596406102180481,0.16235174238681793
19,/home/featurize/work/USCT_repro/USCT_download/c5_wavefield_data/smoke64src_train20_val5/train/train_20.npz,3,309,30,0.6012672781944275,0.18078678846359253
19,/home/featurize/work/USCT_repro/USCT_download/c5_wavefield_data/smoke64src_train20_val5/train/train_20.npz,4,329,37,0.5636520981788635,0.169621542096138
19,/home/featurize/work/USCT_repro/USCT_download/c5_wavefield_data/smoke64src_train20_val5/train/train_20.npz,5,348,47,0.5742665529251099,0.18445317447185516
19,/home/featurize/work/USCT_repro/USCT_download/c5_wavefield_data/smoke64src_train20_val5/train/train_20.npz,6,366,58,0.5857537388801575,0.178497776389122
19,/home/featurize/work/USCT_repro/USCT_download/c5_wavefield_data/smoke64src_train20_val5/train/train_20.npz,7,383,71,0.5802996754646301,0.16368649899959564
19,/home/featurize/work/USCT_repro/USCT_download/c5_wavefield_data/smoke64src_train20_val5/train/train_20.npz,8,398,85,0.5741581320762634,0.1907055824995041
19,/home/featurize/work/USCT_repro/USCT_download/c5_wavefield_data/smoke64src_train20_val5/train/train_20.npz,9,412,101,0.5638223886489868,0.17239981889724731
19,/home/featurize/work/USCT_repro/USCT_download/c5_wavefield_data/smoke64src_train20_val5/train/train_20.npz,10,425,119,0.5606896877288818,0.1703682690858841
19,/home/featurize/work/USCT_repro/USCT_download/c5_wavefield_data/smoke64src_train20_val5/train/train_20.npz,11,436,137,0.5777865052223206,0.17569802701473236
19,/home/featurize/work/USCT_repro/USCT_download/c5_wavefield_data/smoke64src_train20_val5/train/train_20.npz,12,445,156,0.6074944138526917,0.1720626950263977
19,/home/featurize/work/USCT_repro/USCT_download/c5_wavefield_data/smoke64src_train20_val5/train/train_20.npz,13,452,176,0.6069384813308716,0.1744781881570816
19,/home/featurize/work/USCT_repro/USCT_download/c5_wavefield_data/smoke64src_train20_val5/train/train_20.npz,14,457,197,0.6083645224571228,0.18501701951026917
19,/home/featurize/work/USCT_repro/USCT_download/c5_wavefield_data/smoke64src_train20_val5/train/train_20.npz,15,460,218,0.5928694605827332,0.1701398491859436
19,/home/featurize/work/USCT_repro/USCT_download/c5_wavefield_data/smoke64src_train20_val5/train/train_20.npz,16,461,245,0.5858685970306396,0.19089604914188385
19,/home/featurize/work/USCT_repro/USCT_download/c5_wavefield_data/smoke64src_train20_val5/train/train_20.npz,17,460,266,0.5812451243400574,0.18361419439315796
19,/home/featurize/work/USCT_repro/USCT_download/c5_wavefield_data/smoke64src_train20_val5/train/train_20.npz,18,456,287,0.5903890132904053,0.17372524738311768
19,/home/featurize/work/USCT_repro/USCT_download/c5_wavefield_data/smoke64src_train20_val5/train/train_20.npz,19,451,308,0.620520830154419,0.18899330496788025
19,/home/featurize/work/USCT_repro/USCT_download/c5_wavefield_data/smoke64src_train20_val5/train/train_20.npz,20,443,328,0.6220173835754395,0.17656384408473969
19,/home/featurize/work/USCT_repro/USCT_download/c5_wavefield_data/smoke64src_train20_val5/train/train_20.npz,21,434,347,0.6319567561149597,0.19239608943462372
19,/home/featurize/work/USCT_repro/USCT_download/c5_wavefield_data/smoke64src_train20_val5/train/train_20.npz,22,423,365,0.6326584815979004,0.18159271776676178
19,/home/featurize/work/USCT_repro/USCT_download/c5_wavefield_data/smoke64src_train20_val5/train/train_20.npz,23,410,382,0.6395610570907593,0.18521374464035034
19,/home/featurize/work/USCT_repro/USCT_download/c5_wavefield_data/smoke64src_train20_val5/train/train_20.npz,24,395,397,0.6650497317314148,0.203644260764122
19,/home/featurize/work/USCT_repro/USCT_download/c5_wavefield_data/smoke64src_train20_val5/train/train_20.npz,25,380,412,0.6232613325119019,0.17134571075439453
19,/home/featurize/work/USCT_repro/USCT_download/c5_wavefield_data/smoke64src_train20_val5/train/train_20.npz,26,362,424,0.6177791953086853,0.19392968714237213
19,/home/featurize/work/USCT_repro/USCT_download/c5_wavefield_data/smoke64src_train20_val5/train/train_20.npz,27,344,435,0.6119183897972107,0.1684734970331192
19,/home/featurize/work/USCT_repro/USCT_download/c5_wavefield_data/smoke64src_train20_val5/train/train_20.npz,28,325,444,0.6050292253494263,0.16691279411315918
19,/home/featurize/work/USCT_repro/USCT_download/c5_wavefield_data/smoke64src_train20_val5/train/train_20.npz,29,305,451,0.6346957683563232,0.18445897102355957
19,/home/featurize/work/USCT_repro/USCT_download/c5_wavefield_data/smoke64src_train20_val5/train/train_20.npz,30,284,457,0.6591795682907104,0.19956913590431213
19,/home/featurize/work/USCT_repro/USCT_download/c5_wavefield_data/smoke64src_train20_val5/train/train_20.npz,31,263,460,0.6427748799324036,0.19643093645572662
19,/home/featurize/work/USCT_repro/USCT_download/c5_wavefield_data/smoke64src_train20_val5/train/train_20.npz,32,235,461,0.6072952151298523,0.18688197433948517
19,/home/featurize/work/USCT_repro/USCT_download/c5_wavefield_data/smoke64src_train20_val5/train/train_20.npz,33,214,460,0.6076368689537048,0.19671490788459778
19,/home/featurize/work/USCT_repro/USCT_download/c5_wavefield_data/smoke64src_train20_val5/train/train_20.npz,34,193,456,0.6048398017883301,0.18470749258995056
19,/home/featurize/work/USCT_repro/USCT_download/c5_wavefield_data/smoke64src_train20_val5/train/train_20.npz,35,173,451,0.6346926093101501,0.18334457278251648
19,/home/featurize/work/USCT_repro/USCT_download/c5_wavefield_data/smoke64src_train20_val5/train/train_20.npz,36,153,443,0.6235458850860596,0.1827988624572754
19,/home/featurize/work/USCT_repro/USCT_download/c5_wavefield_data/smoke64src_train20_val5/train/train_20.npz,37,134,434,0.5915759801864624,0.18038104474544525
19,/home/featurize/work/USCT_repro/USCT_download/c5_wavefield_data/smoke64src_train20_val5/train/train_20.npz,38,115,423,0.5699096918106079,0.16913168132305145
19,/home/featurize/work/USCT_repro/USCT_download/c5_wavefield_data/smoke64src_train20_val5/train/train_20.npz,39,98,410,0.5836591720581055,0.18874844908714294
19,/home/featurize/work/USCT_repro/USCT_download/c5_wavefield_data/smoke64src_train20_val5/train/train_20.npz,40,83,396,0.5915526747703552,0.16240467131137848
19,/home/featurize/work/USCT_repro/USCT_download/c5_wavefield_data/smoke64src_train20_val5/train/train_20.npz,41,69,380,0.607615053653717,0.1740473508834839
19,/home/featurize/work/USCT_repro/USCT_download/c5_wavefield_data/smoke64src_train20_val5/train/train_20.npz,42,56,363,0.6234772801399231,0.16084790229797363
19,/home/featurize/work/USCT_repro/USCT_download/c5_wavefield_data/smoke64src_train20_val5/train/train_20.npz,43,45,344,0.6233269572257996,0.1654609590768814
19,/home/featurize/work/USCT_repro/USCT_download/c5_wavefield_data/smoke64src_train20_val5/train/train_20.npz,44,36,325,0.6039779782295227,0.17384955286979675
19,/home/featurize/work/USCT_repro/USCT_download/c5_wavefield_data/smoke64src_train20_val5/train/train_20.npz,45,29,305,0.5957744717597961,0.16863198578357697
19,/home/featurize/work/USCT_repro/USCT_download/c5_wavefield_data/smoke64src_train20_val5/train/train_20.npz,46,23,285,0.5834255814552307,0.15865711867809296
19,/home/featurize/work/USCT_repro/USCT_download/c5_wavefield_data/smoke64src_train20_val5/train/train_20.npz,47,20,264,0.5799987316131592,0.17873701453208923
19,/home/featurize/work/USCT_repro/USCT_download/c5_wavefield_data/smoke64src_train20_val5/train/train_20.npz,48,19,236,0.5908488035202026,0.16668152809143066
19,/home/featurize/work/USCT_repro/USCT_download/c5_wavefield_data/smoke64src_train20_val5/train/train_20.npz,49,20,215,0.6018977165222168,0.1725209355354309
19,/home/featurize/work/USCT_repro/USCT_download/c5_wavefield_data/smoke64src_train20_val5/train/train_20.npz,50,24,194,0.5993490219116211,0.16363763809204102
19,/home/featurize/work/USCT_repro/USCT_download/c5_wavefield_data/smoke64src_train20_val5/train/train_20.npz,51,29,174,0.599209725856781,0.16978773474693298
19,/home/featurize/work/USCT_repro/USCT_download/c5_wavefield_data/smoke64src_train20_val5/train/train_20.npz,52,36,154,0.6012946367263794,0.18286558985710144
19,/home/featurize/work/USCT_repro/USCT_download/c5_wavefield_data/smoke64src_train20_val5/train/train_20.npz,53,46,135,0.5931676626205444,0.1743163913488388
19,/home/featurize/work/USCT_repro/USCT_download/c5_wavefield_data/smoke64src_train20_val5/train/train_20.npz,54,57,116,0.5930865406990051,0.18417567014694214
19,/home/featurize/work/USCT_repro/USCT_download/c5_wavefield_data/smoke64src_train20_val5/train/train_20.npz,55,69,99,0.5932053923606873,0.18933524191379547
19,/home/featurize/work/USCT_repro/USCT_download/c5_wavefield_data/smoke64src_train20_val5/train/train_20.npz,56,84,84,0.5811436772346497,0.17991453409194946
19,/home/featurize/work/USCT_repro/USCT_download/c5_wavefield_data/smoke64src_train20_val5/train/train_20.npz,57,99,69,0.5896285176277161,0.178626149892807
19,/home/featurize/work/USCT_repro/USCT_download/c5_wavefield_data/smoke64src_train20_val5/train/train_20.npz,58,116,57,0.5941178798675537,0.1887085735797882
19,/home/featurize/work/USCT_repro/USCT_download/c5_wavefield_data/smoke64src_train20_val5/train/train_20.npz,59,135,46,0.6036182641983032,0.17964914441108704
19,/home/featurize/work/USCT_repro/USCT_download/c5_wavefield_data/smoke64src_train20_val5/train/train_20.npz,60,154,36,0.60035640001297,0.18654680252075195
19,/home/featurize/work/USCT_repro/USCT_download/c5_wavefield_data/smoke64src_train20_val5/train/train_20.npz,61,174,29,0.5887909531593323,0.17014770209789276
19,/home/featurize/work/USCT_repro/USCT_download/c5_wavefield_data/smoke64src_train20_val5/train/train_20.npz,62,194,24,0.5809395909309387,0.16635897755622864
19,/home/featurize/work/USCT_repro/USCT_download/c5_wavefield_data/smoke64src_train20_val5/train/train_20.npz,63,215,20,0.5750429034233093,0.16261911392211914
